date,,activity
2018/3/20 11:16,0.007096478,STATIC
2018/3/20 11:16,0.007732399,STATIC
2018/3/20 11:16,0.007215262,STATIC
2018/3/20 11:16,0.007082372,STATIC
2018/3/20 11:16,0.007458552,STATIC
2018/3/20 11:16,0.005667451,STATIC
2018/3/20 11:16,0.007237403,STATIC
2018/3/20 11:16,0.007001428,STATIC
2018/3/20 11:16,0.007116179,STATIC
2018/3/20 11:16,0.006654322,STATIC
2018/3/20 11:16,0.008814193,STATIC
2018/3/20 11:16,0.005921149,STATIC
2018/3/20 11:16,0.007982481,STATIC
2018/3/20 11:16,0.006955573,STATIC
2018/3/20 11:16,0.007689603,STATIC
2018/3/20 11:16,0.006059703,STATIC
2018/3/20 11:16,0.006084406,STATIC
2018/3/20 11:16,0.006508456,STATIC
2018/3/20 11:16,0.006229767,STATIC
2018/3/20 11:16,0.00735663,STATIC
2018/3/20 11:16,0.006676077,STATIC
2018/3/20 11:16,0.008629021,STATIC
2018/3/20 11:16,0.006646804,STATIC
2018/3/20 11:16,0.006517668,STATIC
2018/3/20 11:16,0.009334345,STATIC
2018/3/20 11:16,0.008063498,STATIC
2018/3/20 11:16,0.007397297,STATIC
2018/3/20 11:16,0.005523586,STATIC
2018/3/20 11:16,0.008063498,STATIC
2018/3/20 11:16,0.006101639,STATIC
2018/3/20 11:16,0.00742159,STATIC
2018/3/20 11:16,0.006517668,STATIC
2018/3/20 11:16,0.00541941,STATIC
2018/3/20 11:16,0.025193848,STATIC
2018/3/20 11:16,0.010826357,STATIC
2018/3/20 11:16,0.008187796,STATIC
2018/3/20 11:16,0.014282857,STATIC
2018/3/20 11:16,0.011980818,STATIC
2018/3/20 11:16,0.005799138,STATIC
2018/3/20 11:16,0.00816517,STATIC
2018/3/20 11:16,0.008083316,STATIC
2018/3/20 11:16,0.006867314,STATIC
2018/3/20 11:16,0.008083316,STATIC
2018/3/20 11:16,0.008629021,STATIC
2018/3/20 11:16,0.007215262,STATIC
2018/3/20 11:16,0.00459565,STATIC
2018/3/20 11:16,0.006007495,STATIC
2018/3/20 11:16,0.006302381,STATIC
2018/3/20 11:16,0.006206448,STATIC
2018/3/20 11:16,0.005448853,STATIC
2018/3/20 11:16,0.007050532,STATIC
2018/3/20 11:16,0.007105632,STATIC
2018/3/20 11:16,0.006987847,STATIC
2018/3/20 11:16,0.006791171,STATIC
2018/3/20 11:16,0.008626703,STATIC
2018/3/20 11:16,0.008910107,STATIC
2018/3/20 11:16,0.008212186,STATIC
2018/3/20 11:16,0.006847627,STATIC
2018/3/20 11:16,0.007501333,STATIC
2018/3/20 11:16,0.005678908,STATIC
2018/3/20 11:16,0.006363961,STATIC
2018/3/20 11:16,0.00990404,STATIC
2018/3/20 11:16,0.009334345,STATIC
2018/3/20 11:16,0.004402272,STATIC
2018/3/20 11:16,0.007069653,STATIC
2018/3/20 11:16,0.005798276,STATIC
2018/3/20 11:16,0.006102459,STATIC
2018/3/20 11:16,0.006198387,STATIC
2018/3/20 11:16,0.007636753,STATIC
2018/3/20 11:16,0.009624968,STATIC
2018/3/20 11:16,0.004908156,STATIC
2018/3/20 11:16,0.00665357,STATIC
2018/3/20 11:16,0.006242596,STATIC
2018/3/20 11:16,0.006788225,STATIC
2018/3/20 11:16,0.008490583,STATIC
2018/3/20 11:16,0.005801724,STATIC
2018/3/20 11:16,0.006554388,STATIC
2018/3/20 11:16,0.007922121,STATIC
2018/3/20 11:16,0.008773255,STATIC
2018/3/20 11:16,0.007281483,STATIC
2018/3/20 11:16,0.006319019,STATIC
2018/3/20 11:16,0.007505331,STATIC
2018/3/20 11:16,0.007073896,STATIC
2018/3/20 11:16,0.009758074,STATIC
2018/3/20 11:16,0.004109745,STATIC
2018/3/20 11:16,0.007870197,STATIC
2018/3/20 11:16,0.007071775,STATIC
2018/3/20 11:16,0.005448853,STATIC
2018/3/20 11:16,0.007135825,STATIC
2018/3/20 11:16,0.005093133,STATIC
2018/3/20 11:16,0.006947661,STATIC
2018/3/20 11:16,0.007353911,STATIC
2018/3/20 11:16,0.006414047,STATIC
2018/3/20 11:16,0.007215262,STATIC
2018/3/20 11:16,0.008009994,STATIC
2018/3/20 11:16,0.005077401,STATIC
2018/3/20 11:16,0.006084406,STATIC
2018/3/20 11:16,0.006581793,STATIC
2018/3/20 11:16,0.005433231,STATIC
2018/3/20 11:16,0.007105632,STATIC
2018/3/20 11:16,0.006941181,STATIC
2018/3/20 11:16,0.0034,STATIC
2018/3/20 11:16,0.006071244,STATIC
2018/3/20 11:16,0.006229767,STATIC
2018/3/20 11:16,0.005230679,STATIC
2018/3/20 11:16,0.007387828,STATIC
2018/3/20 11:16,0.006997857,STATIC
2018/3/20 11:16,0.008144323,STATIC
2018/3/20 11:16,0.008777243,STATIC
2018/3/20 11:16,0.006400781,STATIC
2018/3/20 11:16,0.008535807,STATIC
2018/3/20 11:16,0.006694774,STATIC
2018/3/20 11:16,0.005678908,STATIC
2018/3/20 11:16,0.005829237,STATIC
2018/3/20 11:16,0.00819939,STATIC
2018/3/20 11:16,0.007575619,STATIC
2018/3/20 11:16,0.005188449,STATIC
2018/3/20 11:16,0.007653104,STATIC
2018/3/20 11:16,0.007982481,STATIC
2018/3/20 11:16,0.007458552,STATIC
2018/3/20 11:16,0.009924213,STATIC
2018/3/20 11:16,0.005247857,STATIC
2018/3/20 11:16,0.007678542,STATIC
2018/3/20 11:16,0.009762684,STATIC
2018/3/20 11:16,0.00553805,STATIC
2018/3/20 11:16,0.007886064,STATIC
2018/3/20 11:16,0.00978366,STATIC
2018/3/20 11:16,0.006508456,STATIC
2018/3/20 11:16,0.00819939,STATIC
2018/3/20 11:16,0.009153688,STATIC
2018/3/20 11:16,0.007082372,STATIC
2018/3/20 11:16,0.006133514,STATIC
2018/3/20 11:16,0.011459058,STATIC
2018/3/20 11:16,0.00735663,STATIC
2018/3/20 11:16,0.007213182,STATIC
2018/3/20 11:16,0.007016409,STATIC
2018/3/20 11:16,0.006166847,STATIC
2018/3/20 11:16,0.007788453,STATIC
2018/3/20 11:16,0.005117617,STATIC
2018/3/20 11:16,0.008061017,STATIC
2018/3/20 11:16,0.005529919,STATIC
2018/3/20 11:16,0.005656854,STATIC
2018/3/20 11:16,0.007071775,STATIC
2018/3/20 11:16,0.007071775,STATIC
2018/3/20 11:16,0.002657066,STATIC
2018/3/20 11:16,0.008219489,STATIC
2018/3/20 11:16,0.003785499,STATIC
2018/3/20 11:16,0.001558846,STATIC
2018/3/20 11:16,0.001509967,STATIC
2018/3/20 11:16,0.00433705,STATIC
2018/3/20 11:16,0.013860736,STATIC
2018/3/20 11:16,0.011174077,STATIC
2018/3/20 11:16,0.002271563,STATIC
2018/3/20 11:16,0.009998,STATIC
2018/3/20 11:16,0.003830144,STATIC
2018/3/20 11:16,0.008954887,STATIC
2018/3/20 11:16,0.010905962,STATIC
2018/3/20 11:16,0.006363961,STATIC
2018/3/20 11:16,0.006964912,STATIC
2018/3/20 11:16,0.009783149,STATIC
2018/3/20 11:16,0.0008544,STATIC
2018/3/20 11:16,0.008914595,STATIC
2018/3/20 11:16,0.007689603,STATIC
2018/3/20 11:16,0.005301886,STATIC
2018/3/20 11:16,0.007218726,STATIC
2018/3/20 11:16,0.007218726,STATIC
2018/3/20 11:16,0.006542935,STATIC
2018/3/20 11:16,0.007590784,STATIC
2018/3/20 11:16,0.007561746,STATIC
2018/3/20 11:16,0.01034118,STATIC
2018/3/20 11:16,0.008344459,STATIC
2018/3/20 11:16,0.007982481,STATIC
2018/3/20 11:16,0.005516339,STATIC
2018/3/20 11:16,0.007653104,STATIC
2018/3/20 11:16,0.007922121,STATIC
2018/3/20 11:16,0.004579301,STATIC
2018/3/20 11:16,0.006414047,STATIC
2018/3/20 11:16,0.002828427,STATIC
2018/3/20 11:16,0.007189576,STATIC
2018/3/20 11:16,0.007537904,STATIC
2018/3/20 11:16,0.006147357,STATIC
2018/3/20 11:16,0.005256425,STATIC
2018/3/20 11:16,0.005829237,STATIC
2018/3/20 11:16,0.009059801,STATIC
2018/3/20 11:16,0.005624055,STATIC
2018/3/20 11:16,0.007353911,STATIC
2018/3/20 11:16,0.008289753,STATIC
2018/3/20 11:16,0.0110761,STATIC
2018/3/20 11:16,0.008855507,STATIC
2018/3/20 11:16,0.008079604,STATIC
2018/3/20 11:16,0.007156116,STATIC
2018/3/20 11:16,0.005804309,STATIC
2018/3/20 11:16,0.006273755,STATIC
2018/3/20 11:16,0.007128113,STATIC
2018/3/20 11:16,0.006162792,STATIC
2018/3/20 11:16,0.007281483,STATIC
2018/3/20 11:16,0.00751199,STATIC
2018/3/20 11:16,0.006893475,STATIC
2018/3/20 11:16,0.009219002,STATIC
2018/3/20 11:16,0.009616652,STATIC
2018/3/20 11:16,0.008353442,STATIC
2018/3/20 11:16,0.008212186,STATIC
2018/3/20 11:16,0.006392183,STATIC
2018/3/20 11:16,0.004684015,STATIC
2018/3/20 11:16,0.003796051,STATIC
2018/3/20 11:16,0.00894539,STATIC
2018/3/20 11:16,0.006524569,STATIC
2018/3/20 11:16,0.006424951,STATIC
2018/3/20 11:16,0.007071775,STATIC
2018/3/20 11:16,0.005266878,STATIC
2018/3/20 11:16,0.006647556,STATIC
2018/3/20 11:16,0.007311635,STATIC
2018/3/20 11:16,0.006707459,STATIC
2018/3/20 11:16,0.007208329,STATIC
2018/3/20 11:16,0.007678542,STATIC
2018/3/20 11:16,0.005901695,STATIC
2018/3/20 11:16,0.007016409,STATIC
2018/3/20 11:16,0.008914595,STATIC
2018/3/20 11:16,0.008111104,STATIC
2018/3/20 11:16,0.006273755,STATIC
2018/3/20 11:16,0.005664804,STATIC
2018/3/20 11:16,0.004247352,STATIC
2018/3/20 11:16,0.005092151,STATIC
2018/3/20 11:16,0.008060397,STATIC
2018/3/20 11:16,0.006218521,STATIC
2018/3/20 11:16,0.008232254,STATIC
2018/3/20 11:16,0.007919596,STATIC
2018/3/20 11:16,0.0062514,STATIC
2018/3/20 11:16,0.006721607,STATIC
2018/3/20 11:16,0.009342377,STATIC
2018/3/20 11:16,0.005801724,STATIC
2018/3/20 11:16,0.004693613,STATIC
2018/3/20 11:16,0.006042351,STATIC
2018/3/20 11:16,0.005744563,STATIC
2018/3/20 11:16,0.006654322,STATIC
2018/3/20 11:16,0.0045,STATIC
2018/3/20 11:17,0.010382196,STATIC
2018/3/20 11:17,0.005771482,STATIC
2018/3/20 11:17,0.006517668,STATIC
2018/3/20 11:17,0.005819794,STATIC
2018/3/20 11:17,0.008275264,STATIC
2018/3/20 11:17,0.005501818,STATIC
2018/3/20 11:17,0.006721607,STATIC
2018/3/20 11:17,0.027488361,STATIC
2018/3/20 11:17,0.006987847,STATIC
2018/3/20 11:17,0.00553805,STATIC
2018/3/20 11:17,0.002563201,STATIC
2018/3/20 11:17,0.002944486,STATIC
2018/3/20 11:17,0.001417745,STATIC
2018/3/20 11:17,0.005293392,STATIC
2018/3/20 11:17,0.000616441,STATIC
2018/3/20 11:17,0.007001428,STATIC
2018/3/20 11:17,0.012728315,STATIC
2018/3/20 11:17,0.002894823,STATIC
2018/3/20 11:17,0.003604164,STATIC
2018/3/20 11:17,0.005523586,STATIC
2018/3/20 11:17,0.00539166,STATIC
2018/3/20 11:17,0.001452584,STATIC
2018/3/20 11:17,0.015557313,STATIC
2018/3/20 11:17,0.026618978,STATIC
2018/3/20 11:17,0.000927362,STATIC
2018/3/20 11:17,0.005713143,STATIC
2018/3/20 11:17,0.018526468,STATIC
2018/3/20 11:17,0.001769181,STATIC
2018/3/20 11:17,0.007778175,STATIC
2018/3/20 11:17,0.021363052,STATIC
2018/3/20 11:17,0.003464102,STATIC
2018/3/20 11:17,0.000244949,STATIC
2018/3/20 11:17,0.007633479,STATIC
2018/3/20 11:17,0.001414214,STATIC
2018/3/20 11:17,0.008076509,STATIC
2018/3/20 11:17,0.008487638,STATIC
2018/3/20 11:17,0.004261455,STATIC
2018/3/20 11:17,0.006512296,STATIC
2018/3/20 11:17,0.007364781,STATIC
2018/3/20 11:17,0.006676077,STATIC
2018/3/20 11:17,0.006975672,STATIC
2018/3/20 11:17,0.007783958,STATIC
2018/3/20 11:17,0.006835203,STATIC
2018/3/20 11:17,0.003678315,STATIC
2018/3/20 11:17,0.010048881,STATIC
2018/3/20 11:17,0.009949874,STATIC
2018/3/20 11:17,0.008629021,STATIC
2018/3/20 11:17,0.003394113,STATIC
2018/3/20 11:17,0.00087178,STATIC
2018/3/20 11:17,0.008204877,STATIC
2018/3/20 11:17,0.008863972,STATIC
2018/3/20 11:17,0.008696551,STATIC
2018/3/20 11:17,0.007213182,STATIC
2018/3/20 11:17,0.009192388,STATIC
2018/3/20 11:17,0.013798913,STATIC
2018/3/20 11:17,0.154258355,SIT_MOVE
2018/3/20 11:17,0.218254301,SIT_MOVE
2018/3/20 11:17,0.169260391,SIT_MOVE
2018/3/20 11:17,0.071667775,STATIC
2018/3/20 11:17,0.087270614,SIT_MOVE
2018/3/20 11:17,0.228743896,SIT_MOVE
2018/3/20 11:17,0.097099588,SIT_MOVE
2018/3/20 11:17,0.29121832,SIT_MOVE
2018/3/20 11:17,0.106133595,SIT_MOVE
2018/3/20 11:17,0.242035824,SIT_MOVE
2018/3/20 11:17,0.169636169,SIT_MOVE
2018/3/20 11:17,0.125077616,SIT_MOVE
2018/3/20 11:17,0.030226313,SIT_MOVE
2018/3/20 11:17,0.11923762,SIT_MOVE
2018/3/20 11:17,0.202575887,SIT_MOVE
2018/3/20 11:17,0.083920617,SIT_MOVE
2018/3/20 11:17,0.063082644,SIT_MOVE
2018/3/20 11:17,0.099984949,SIT_MOVE
2018/3/20 11:17,0.328150225,SIT_MOVE
2018/3/20 11:17,0.894859201,SIT_MOVE
2018/3/20 11:17,0.312237025,SIT_MOVE
2018/3/20 11:17,0.137074724,SIT_MOVE
2018/3/20 11:17,0.306712031,SIT_MOVE
2018/3/20 11:17,0.333182277,SIT_MOVE
2018/3/20 11:17,0.32147818,SIT_MOVE
2018/3/20 11:17,0.457335949,SIT_MOVE
2018/3/20 11:17,0.649114874,SIT_MOVE
2018/3/20 11:17,0.20840691,SIT_MOVE
2018/3/20 11:17,0.599418543,SIT_MOVE
2018/3/20 11:17,0.197080364,SIT_MOVE
2018/3/20 11:17,0.36934136,SIT_MOVE
2018/3/20 11:17,0.123405065,SIT_MOVE
2018/3/20 11:17,0.754700311,SIT_MOVE
2018/3/20 11:17,0.134937652,SIT_MOVE
2018/3/20 11:17,0.619575613,SIT_MOVE
2018/3/20 11:17,0.436716876,SIT_MOVE
2018/3/20 11:17,0.14762659,SIT_MOVE
2018/3/20 11:17,0.388577444,SIT_MOVE
2018/3/20 11:17,0.875820718,SIT_MOVE
2018/3/20 11:17,0.134353787,SIT_MOVE
2018/3/20 11:17,0.122511959,SIT_MOVE
2018/3/20 11:17,0.029662603,SIT_MOVE
2018/3/20 11:17,0.083162612,SIT_MOVE
2018/3/20 11:17,0.106162281,SIT_MOVE
2018/3/20 11:17,0.173129634,SIT_MOVE
2018/3/20 11:17,0.220114198,SIT_MOVE
2018/3/20 11:17,0.173846915,SIT_MOVE
2018/3/20 11:17,0.271841884,SIT_MOVE
2018/3/20 11:17,0.140731802,SIT_MOVE
2018/3/20 11:17,0.124650993,SIT_MOVE
2018/3/20 11:17,0.01519671,STATIC
2018/3/20 11:17,0.072611156,STATIC
2018/3/20 11:17,0.147427101,SIT_MOVE
2018/3/20 11:17,0.086369786,SIT_MOVE
2018/3/20 11:17,0.101844587,SIT_MOVE
2018/3/20 11:17,0.074664784,SIT_MOVE
2018/3/20 11:17,0.022644205,SIT_MOVE
2018/3/20 11:17,0.102752664,SIT_MOVE
2018/3/20 11:17,0.134998778,SIT_MOVE
2018/3/20 11:17,0.184900216,SIT_MOVE
2018/3/20 11:17,0.164235289,SIT_MOVE
2018/3/20 11:17,0.139268015,SIT_MOVE
2018/3/20 11:17,0.286241297,SIT_MOVE
2018/3/20 11:17,0.090697905,SIT_MOVE
2018/3/20 11:17,0.125539277,SIT_MOVE
2018/3/20 11:17,0.039630544,STATIC
2018/3/20 11:17,0.062585062,STATIC
2018/3/20 11:17,0.019810098,STATIC
2018/3/20 11:17,0.065655464,STATIC
2018/3/20 11:17,0.07618681,STATIC
2018/3/20 11:17,0.314099522,SIT_MOVE
2018/3/20 11:17,0.133446656,SIT_MOVE
2018/3/20 11:17,0.033892034,STATIC
2018/3/20 11:17,0.043493793,STATIC
2018/3/20 11:17,0.104262122,SIT_MOVE
2018/3/20 11:17,0.057007631,STATIC
2018/3/20 11:17,0.032791157,STATIC
2018/3/20 11:17,0.077272181,SIT_MOVE
2018/3/20 11:17,0.015367824,SIT_MOVE
2018/3/20 11:17,0.090845969,SIT_MOVE
2018/3/20 11:17,0.103760638,SIT_MOVE
2018/3/20 11:17,0.052481139,STATIC
2018/3/20 11:17,0.108363186,SIT_MOVE
2018/3/20 11:17,0.134409821,SIT_MOVE
2018/3/20 11:17,0.153275993,SIT_MOVE
2018/3/20 11:17,0.160974159,SIT_MOVE
2018/3/20 11:17,0.146850502,STATIC
2018/3/20 11:17,0.039355813,STATIC
2018/3/20 11:17,0.086769292,SIT_MOVE
2018/3/20 11:17,0.013396641,STATIC
2018/3/20 11:17,0.054604579,SIT_MOVE
2018/3/20 11:17,0.029654511,STATIC
2018/3/20 11:17,0.063376573,STATIC
2018/3/20 11:17,0.046528056,STATIC
2018/3/20 11:17,0.027453961,STATIC
2018/3/20 11:17,0.01813367,STATIC
2018/3/20 11:17,0.01147214,STATIC
2018/3/20 11:17,0.041172928,STATIC
2018/3/20 11:17,0.014874139,STATIC
2018/3/20 11:17,0.024823175,STATIC
2018/3/20 11:17,0.028114231,STATIC
2018/3/20 11:17,0.029704545,STATIC
2018/3/20 11:17,0.065482975,STATIC
2018/3/20 11:17,0.090482263,STATIC
2018/3/20 11:17,0.051146163,STATIC
2018/3/20 11:17,0.012728315,STATIC
2018/3/20 11:17,0.049263983,STATIC
2018/3/20 11:17,0.035111537,STATIC
2018/3/20 11:17,0.081535636,STATIC
2018/3/20 11:17,0.047160471,STATIC
2018/3/20 11:17,0.084238471,STATIC
2018/3/20 11:17,0.059200929,STATIC
2018/3/20 11:17,0.057319107,STATIC
2018/3/20 11:17,0.056232375,STATIC
2018/3/20 11:17,0.045793231,STATIC
2018/3/20 11:17,0.035782398,STATIC
2018/3/20 11:17,0.010481889,STATIC
2018/3/20 11:17,0.025377352,STATIC
2018/3/20 11:17,0.024093568,STATIC
2018/3/20 11:17,0.025188489,STATIC
2018/3/20 11:17,0.027798022,STATIC
2018/3/20 11:17,0.02239107,STATIC
2018/3/20 11:17,0.021337526,STATIC
2018/3/20 11:17,0.036052323,STATIC
2018/3/20 11:17,0.022403794,STATIC
2018/3/20 11:17,0.028202128,STATIC
2018/3/20 11:17,0.0746684,STATIC
2018/3/20 11:17,0.041819971,STATIC
2018/3/20 11:17,0.113066441,STATIC
2018/3/20 11:17,0.0340824,STATIC
2018/3/20 11:17,0.042144632,STATIC
2018/3/20 11:17,0.012070211,STATIC
2018/3/20 11:17,0.014920456,STATIC
2018/3/20 11:17,0.037057253,STATIC
2018/3/20 11:17,0.018179109,STATIC
2018/3/20 11:17,0.023351874,STATIC
2018/3/20 11:17,0.026930095,STATIC
2018/3/20 11:17,0.055009908,STATIC
2018/3/20 11:17,0.024664549,STATIC
2018/3/20 11:17,0.02334909,STATIC
2018/3/20 11:17,0.012439453,STATIC
2018/3/20 11:17,0.022479324,STATIC
2018/3/20 11:17,0.023843238,STATIC
2018/3/20 11:17,0.025347781,STATIC
2018/3/20 11:17,0.021309153,STATIC
2018/3/20 11:17,0.021608332,STATIC
2018/3/20 11:17,0.020615528,STATIC
2018/3/20 11:17,0.0163,STATIC
2018/3/20 11:17,0.026394696,STATIC
2018/3/20 11:17,0.018835605,STATIC
2018/3/20 11:17,0.029844095,STATIC
2018/3/20 11:17,0.024576615,STATIC
2018/3/20 11:17,0.027159529,STATIC
2018/3/20 11:17,0.02026228,STATIC
2018/3/20 11:17,0.03233914,STATIC
2018/3/20 11:17,0.017345893,STATIC
2018/3/20 11:17,0.025623037,STATIC
2018/3/20 11:17,0.029573975,STATIC
2018/3/20 11:17,0.027638379,STATIC
2018/3/20 11:17,0.010587256,STATIC
2018/3/20 11:17,0.018155991,STATIC
2018/3/20 11:17,0.019553005,STATIC
2018/3/20 11:17,0.01907459,STATIC
2018/3/20 11:17,0.021986132,STATIC
2018/3/20 11:17,0.020145471,STATIC
2018/3/20 11:17,0.021715893,STATIC
2018/3/20 11:17,0.020503902,STATIC
2018/3/20 11:17,0.020330765,STATIC
2018/3/20 11:17,0.022031114,STATIC
2018/3/20 11:17,0.021521152,STATIC
2018/3/20 11:17,0.022690967,STATIC
2018/3/20 11:17,0.019671553,STATIC
2018/3/20 11:17,0.02113102,STATIC
2018/3/20 11:17,0.02466536,STATIC
2018/3/20 11:17,0.032348416,STATIC
2018/3/20 11:17,0.014975647,STATIC
2018/3/20 11:17,0.026660083,STATIC
2018/3/20 11:17,0.02739635,STATIC
2018/3/20 11:17,0.030146642,STATIC
2018/3/20 11:17,0.021179943,STATIC
2018/3/20 11:17,0.025472731,STATIC
2018/3/20 11:17,0.028796354,STATIC
2018/3/20 11:17,0.01903917,STATIC
2018/3/20 11:17,0.028583037,STATIC
2018/3/20 11:17,0.020952088,STATIC
2018/3/20 11:17,0.026714416,STATIC
2018/3/20 11:18,0.019164029,STATIC
2018/3/20 11:18,0.019313726,STATIC
2018/3/20 11:18,0.01689201,STATIC
2018/3/20 11:18,0.01962957,STATIC
2018/3/20 11:18,0.012759702,STATIC
2018/3/20 11:18,0.013752818,STATIC
2018/3/20 11:18,0.018510538,STATIC
2018/3/20 11:18,0.016288646,STATIC
2018/3/20 11:18,0.017964966,STATIC
2018/3/20 11:18,0.0180895,STATIC
2018/3/20 11:18,0.018244999,STATIC
2018/3/20 11:18,0.016566834,STATIC
2018/3/20 11:18,0.018119603,STATIC
2018/3/20 11:18,0.016261611,STATIC
2018/3/20 11:18,0.019949436,STATIC
2018/3/20 11:18,0.016685623,STATIC
2018/3/20 11:18,0.016362763,STATIC
2018/3/20 11:18,0.016155185,STATIC
2018/3/20 11:18,0.016897337,STATIC
2018/3/20 11:18,0.015371402,STATIC
2018/3/20 11:18,0.018935681,STATIC
2018/3/20 11:18,0.018784568,STATIC
2018/3/20 11:18,0.015918229,STATIC
2018/3/20 11:18,0.01854508,STATIC
2018/3/20 11:18,0.017346181,STATIC
2018/3/20 11:18,0.018057685,STATIC
2018/3/20 11:18,0.015331993,STATIC
2018/3/20 11:18,0.013641481,STATIC
2018/3/20 11:18,0.019259803,STATIC
2018/3/20 11:18,0.015648962,STATIC
2018/3/20 11:18,0.016409753,STATIC
2018/3/20 11:18,0.012819126,STATIC
2018/3/20 11:18,0.017684174,STATIC
2018/3/20 11:18,0.014770579,STATIC
2018/3/20 11:18,0.015680561,STATIC
2018/3/20 11:18,0.017682194,STATIC
2018/3/20 11:18,0.016263763,STATIC
2018/3/20 11:18,0.0183611,STATIC
2018/3/20 11:18,0.016670933,STATIC
2018/3/20 11:18,0.015235157,STATIC
2018/3/20 11:18,0.014483439,STATIC
2018/3/20 11:18,0.014456141,STATIC
2018/3/20 11:18,0.015041941,STATIC
2018/3/20 11:18,0.016330034,STATIC
2018/3/20 11:18,0.016166632,STATIC
2018/3/20 11:18,0.01927641,STATIC
2018/3/20 11:18,0.016275442,STATIC
2018/3/20 11:18,0.01535285,STATIC
2018/3/20 11:18,0.018213731,STATIC
2018/3/20 11:18,0.016058331,STATIC
2018/3/20 11:18,0.019976486,STATIC
2018/3/20 11:18,0.017198546,STATIC
2018/3/20 11:18,0.016090681,STATIC
2018/3/20 11:18,0.015195723,STATIC
2018/3/20 11:18,0.016060511,STATIC
2018/3/20 11:18,0.018144696,STATIC
2018/3/20 11:18,0.019908039,STATIC
2018/3/20 11:18,0.016981755,STATIC
2018/3/20 11:18,0.018677259,STATIC
2018/3/20 11:18,0.017871206,STATIC
2018/3/20 11:18,0.017904469,STATIC
2018/3/20 11:18,0.015710188,STATIC
2018/3/20 11:18,0.019585198,STATIC
2018/3/20 11:18,0.022078723,STATIC
2018/3/20 11:18,0.017916473,STATIC
2018/3/20 11:18,0.017830311,STATIC
2018/3/20 11:18,0.017809548,STATIC
2018/3/20 11:18,0.019657823,STATIC
2018/3/20 11:18,0.017880436,STATIC
2018/3/20 11:18,0.017064876,STATIC
2018/3/20 11:18,0.02102332,STATIC
2018/3/20 11:18,0.017402011,STATIC
2018/3/20 11:18,0.01905597,STATIC
2018/3/20 11:18,0.022062185,STATIC
2018/3/20 11:18,0.019748671,STATIC
2018/3/20 11:18,0.020111937,STATIC
2018/3/20 11:18,0.017288435,STATIC
2018/3/20 11:18,0.016434415,STATIC
2018/3/20 11:18,0.017598579,STATIC
2018/3/20 11:18,0.021300469,STATIC
2018/3/20 11:18,0.018129534,STATIC
2018/3/20 11:18,0.017252826,STATIC
2018/3/20 11:18,0.020710384,STATIC
2018/3/20 11:18,0.019141839,STATIC
2018/3/20 11:18,0.019485636,STATIC
2018/3/20 11:18,0.018865842,STATIC
2018/3/20 11:18,0.018804521,STATIC
2018/3/20 11:18,0.018225806,STATIC
2018/3/20 11:18,0.021299296,STATIC
2018/3/20 11:18,0.020381855,STATIC
2018/3/20 11:18,0.019039695,STATIC
2018/3/20 11:18,0.020145471,STATIC
2018/3/20 11:18,0.020018242,STATIC
2018/3/20 11:18,0.018977882,STATIC
2018/3/20 11:18,0.018892326,STATIC
2018/3/20 11:18,0.013228379,STATIC
2018/3/20 11:18,0.010331505,STATIC
2018/3/20 11:18,0.034260619,STATIC
2018/3/20 11:18,0.09747097,STATIC
2018/3/20 11:19,0.013129356,STATIC
2018/3/20 11:19,0.022980862,STATIC
2018/3/20 11:19,0.019253052,STATIC
2018/3/20 11:19,0.018819936,STATIC
2018/3/20 11:19,0.01695494,STATIC
2018/3/20 11:19,0.015203947,STATIC
2018/3/20 11:19,0.018605644,STATIC
2018/3/20 11:19,0.021611571,STATIC
2018/3/20 11:19,0.018835605,STATIC
2018/3/20 11:19,0.022891265,STATIC
2018/3/20 11:19,0.012908912,STATIC
2018/3/20 11:19,0.010324243,STATIC
2018/3/20 11:19,0.019987996,STATIC
2018/3/20 11:19,0.013062159,STATIC
2018/3/20 11:19,0.01639878,STATIC
2018/3/20 11:19,0.017553062,STATIC
2018/3/20 11:19,0.010918791,STATIC
2018/3/20 11:19,0.013542156,STATIC
2018/3/20 11:19,0.022740712,STATIC
2018/3/20 11:19,0.114232395,SIT_MOVE
2018/3/20 11:19,0.161752249,SIT_MOVE
2018/3/20 11:19,0.0536756,STATIC
2018/3/20 11:19,0.109492055,SIT_MOVE
2018/3/20 11:19,0.067967713,STATIC
2018/3/20 11:19,0.021133386,STATIC
2018/3/20 11:19,0.013360763,STATIC
2018/3/20 11:19,0.060634149,STATIC
2018/3/20 11:19,0.043526084,STATIC
2018/3/20 11:19,0.015189799,STATIC
2018/3/20 11:19,0.016724533,STATIC
2018/3/20 11:19,0.027895161,STATIC
2018/3/20 11:19,0.023237039,STATIC
2018/3/20 11:19,0.020133554,STATIC
2018/3/20 11:19,0.017391377,STATIC
2018/3/20 11:19,0.022740712,STATIC
2018/3/20 11:19,0.04733635,STATIC
2018/3/20 11:19,0.034779448,STATIC
2018/3/20 11:19,0.005888973,STATIC
2018/3/20 11:19,0.065504427,STATIC
2018/3/20 11:19,0.03464448,STATIC
2018/3/20 11:19,0.018389943,STATIC
2018/3/20 11:19,0.035945653,STATIC
2018/3/20 11:19,0.028657111,STATIC
2018/3/20 11:19,0.103259963,SIT_MOVE
2018/3/20 11:19,0.03936407,STATIC
2018/3/20 11:19,0.02278618,STATIC
2018/3/20 11:19,0.049638896,STATIC
2018/3/20 11:19,0.038467129,STATIC
2018/3/20 11:19,0.025583588,STATIC
2018/3/20 11:19,0.079918709,STATIC
2018/3/20 11:19,0.073181077,STATIC
2018/3/20 11:19,0.244390507,SIT_TO_STAND
2018/3/20 11:19,0.167360748,SIT_TO_STAND
2018/3/20 11:19,0.083818375,SIT_TO_STAND
2018/3/20 11:19,0.201172612,SIT_TO_STAND
2018/3/20 11:19,0.143555634,SIT_TO_STAND
2018/3/20 11:19,0.078973666,SIT_TO_STAND
2018/3/20 11:19,0.044525386,SIT_TO_STAND
2018/3/20 11:19,0.044920708,SIT_TO_STAND
2018/3/20 11:19,0.123691026,STATIC
2018/3/20 11:19,0.010873822,STATIC
2018/3/20 11:19,0.052174132,STATIC
2018/3/20 11:19,0.038616577,STATIC
2018/3/20 11:19,0.023760682,STATIC
2018/3/20 11:19,0.046634858,STATIC
2018/3/20 11:19,0.071105063,STATIC
2018/3/20 11:19,0.025657942,STATIC
2018/3/20 11:19,0.056735439,STATIC
2018/3/20 11:19,0.024537522,STATIC
2018/3/20 11:19,0.037053745,STATIC
2018/3/20 11:19,0.021563163,STATIC
2018/3/20 11:19,0.012663333,STATIC
2018/3/20 11:19,0.071968952,STATIC
2018/3/20 11:19,0.032497846,STATIC
2018/3/20 11:19,0.039412054,STATIC
2018/3/20 11:19,0.034768664,STATIC
2018/3/20 11:19,0.027483813,STATIC
2018/3/20 11:20,0.015684706,STATIC
2018/3/20 11:20,0.007869562,STATIC
2018/3/20 11:20,0.053758162,STATIC
2018/3/20 11:20,0.085166719,STATIC
2018/3/20 11:20,0.117360428,STATIC
2018/3/20 11:20,0.108143747,STATIC
2018/3/20 11:20,0.07552291,STATIC
2018/3/20 11:20,0.010939835,STATIC
2018/3/20 11:20,0.05470457,STATIC
2018/3/20 11:20,0.211875058,STATIC
2018/3/20 11:20,0.013191285,STATIC
2018/3/20 11:20,0.023310727,STATIC
2018/3/20 11:20,0.119448231,STATIC
2018/3/20 11:20,0.103606177,STATIC
2018/3/20 11:20,0.069963062,STATIC
2018/3/20 11:20,0.461810708,STATIC
2018/3/20 11:20,0.982243559,HAND_MOBILE
2018/3/20 11:20,0.081594179,HAND_MOBILE
2018/3/20 11:20,0.14402965,HAND_MOBILE
2018/3/20 11:20,0.103572728,STATIC
2018/3/20 11:20,0.038012103,STATIC
2018/3/20 11:20,0.025005799,STATIC
2018/3/20 11:20,0.066023253,STATIC
2018/3/20 11:20,0.023286262,STATIC
2018/3/20 11:20,0.011978314,STATIC
2018/3/20 11:20,0.012462744,STATIC
2018/3/20 11:20,0.024027484,STATIC
2018/3/20 11:20,0.029616887,STATIC
2018/3/20 11:20,0.015022982,STATIC
2018/3/20 11:20,0.020136037,STATIC
2018/3/20 11:20,0.015664291,STATIC
2018/3/20 11:20,0.016561099,STATIC
2018/3/20 11:20,0.02964338,STATIC
2018/3/20 11:20,0.023088309,STATIC
2018/3/20 11:20,0.027667129,STATIC
2018/3/20 11:20,0.005280152,STATIC
2018/3/20 11:20,0.014991998,STATIC
2018/3/20 11:20,0.090792676,STATIC
2018/3/20 11:20,0.073027871,STATIC
2018/3/20 11:20,0.148609926,STATIC
2018/3/20 11:20,0.102607358,STATIC
2018/3/20 11:20,0.104175525,STATIC
2018/3/20 11:20,0.097334629,STATIC
2018/3/20 11:20,0.040627823,STATIC
2018/3/20 11:20,0.022314569,STATIC
2018/3/20 11:20,0.01857606,STATIC
2018/3/20 11:20,0.143750409,HAND_MOBILE
2018/3/20 11:20,0.065833806,HAND_MOBILE
2018/3/20 11:20,0.018452913,HAND_MOBILE
2018/3/20 11:20,0.438508061,HAND_MOBILE
2018/3/20 11:20,0.371485693,HAND_MOBILE
2018/3/20 11:20,0.103671308,HAND_MOBILE
2018/3/20 11:20,0.058044121,STATIC
2018/3/20 11:20,0.056194484,STATIC
2018/3/20 11:20,0.03329955,STATIC
2018/3/20 11:20,0.018443969,STATIC
2018/3/20 11:20,0.018558825,STATIC
2018/3/20 11:20,0.015216438,STATIC
2018/3/20 11:20,0.013822446,STATIC
2018/3/20 11:20,0.01682617,STATIC
2018/3/20 11:20,0.011768177,STATIC
2018/3/20 11:20,0.025799419,STATIC
2018/3/20 11:20,0.032624224,STATIC
2018/3/20 11:20,0.038695219,STATIC
2018/3/20 11:20,0.024247887,STATIC
2018/3/20 11:20,0.005605355,STATIC
2018/3/20 11:20,0.034366699,STATIC
2018/3/20 11:20,0.020754758,STATIC
2018/3/20 11:20,0.06327859,STATIC
2018/3/20 11:20,0.433306427,STATIC
2018/3/20 11:20,0.229415736,STATIC
2018/3/20 11:20,0.115465709,STATIC
2018/3/20 11:20,0.085795163,STATIC
2018/3/20 11:20,0.114532223,STATIC
2018/3/20 11:20,0.011352533,STATIC
2018/3/20 11:20,0.046839406,STATIC
2018/3/20 11:20,0.005523586,STATIC
2018/3/20 11:20,0.031507459,STATIC
2018/3/20 11:20,0.018553167,STATIC
2018/3/20 11:20,0.043229735,STATIC
2018/3/20 11:20,0.004737088,STATIC
2018/3/20 11:20,0.016363679,STATIC
2018/3/20 11:20,0.008243786,STATIC
2018/3/20 11:20,0.010053358,STATIC
2018/3/20 11:20,0.029818283,STATIC
2018/3/20 11:20,0.004021194,STATIC
2018/3/20 11:20,0.025712448,STATIC
2018/3/20 11:20,0.043433973,STATIC
2018/3/20 11:20,0.058596331,STATIC
2018/3/20 11:20,0.10521863,STATIC
2018/3/20 11:20,0.077638843,STATIC
2018/3/20 11:20,0.030713352,STATIC
2018/3/20 11:20,0.023537417,STATIC
2018/3/20 11:20,0.013369368,STATIC
2018/3/20 11:20,0.036430207,STATIC
2018/3/20 11:20,0.039022301,STATIC
2018/3/20 11:20,0.0457,STATIC
2018/3/20 11:20,0.006359245,STATIC
2018/3/20 11:20,0.012663333,STATIC
2018/3/20 11:20,0.00601415,STATIC
2018/3/20 11:20,0.004436215,STATIC
2018/3/20 11:20,0.0099,STATIC
2018/3/20 11:20,0.005938013,STATIC
2018/3/20 11:20,0.013994285,STATIC
2018/3/20 11:20,0.014969636,STATIC
2018/3/20 11:20,0.031090835,STATIC
2018/3/20 11:20,0.018090329,STATIC
2018/3/20 11:20,0.017092688,STATIC
2018/3/20 11:20,0.273937949,HAND_MOBILE
2018/3/20 11:20,0.225353323,HAND_MOBILE
2018/3/20 11:20,0.090102775,STATIC
2018/3/20 11:20,0.030781975,STATIC
2018/3/20 11:20,0.080402674,STATIC
2018/3/20 11:20,0.036545041,STATIC
2018/3/20 11:20,0.022870505,STATIC
2018/3/20 11:20,0.083533646,STATIC
2018/3/20 11:20,0.039277856,STATIC
2018/3/20 11:20,0.069211632,STATIC
2018/3/20 11:20,0.046546536,STATIC
2018/3/20 11:20,0.016878389,STATIC
2018/3/20 11:20,0.046311122,STATIC
2018/3/20 11:20,0.050964301,STATIC
2018/3/20 11:20,0.088194444,STATIC
2018/3/20 11:20,0.057782177,STATIC
2018/3/20 11:20,0.097109423,STATIC
2018/3/20 11:20,0.023568411,STATIC
2018/3/20 11:20,0.028655889,STATIC
2018/3/20 11:20,0.044622416,STATIC
2018/3/20 11:20,0.036944824,STATIC
2018/3/20 11:20,0.045217143,STATIC
2018/3/20 11:20,0.030844611,STATIC
2018/3/20 11:20,0.02531462,STATIC
2018/3/20 11:20,0.013108776,STATIC
2018/3/20 11:20,0.007185402,STATIC
2018/3/20 11:20,0.01357645,STATIC
2018/3/20 11:20,0.027914333,STATIC
2018/3/20 11:20,0.028270479,STATIC
2018/3/20 11:20,0.024735804,STATIC
2018/3/20 11:20,0.012707085,STATIC
2018/3/20 11:20,0.017678801,STATIC
2018/3/20 11:20,0.01298114,STATIC
2018/3/20 11:20,0.003238827,STATIC
2018/3/20 11:20,0.017964966,STATIC
2018/3/20 11:20,0.024740453,STATIC
2018/3/20 11:20,0.010654576,STATIC
2018/3/20 11:20,0.014100709,STATIC
2018/3/20 11:20,0.016975865,STATIC
2018/3/20 11:20,0.018193131,STATIC
2018/3/20 11:20,0.032678433,STATIC
2018/3/20 11:20,0.033286934,STATIC
2018/3/20 11:20,0.00150333,STATIC
2018/3/20 11:20,0.027142586,STATIC
2018/3/20 11:20,0.020370812,STATIC
2018/3/20 11:20,0.023542515,STATIC
2018/3/20 11:20,0.005736724,STATIC
2018/3/20 11:20,0.011022704,STATIC
2018/3/20 11:20,0.033455792,STATIC
2018/3/20 11:20,0.005601785,STATIC
2018/3/20 11:20,0.013000769,STATIC
2018/3/20 11:20,0.031238758,STATIC
2018/3/20 11:20,0.004402272,STATIC
2018/3/20 11:20,0.005279204,STATIC
2018/3/20 11:20,0.045384689,STATIC
2018/3/20 11:20,0.013100763,STATIC
2018/3/20 11:20,0.046078411,STATIC
2018/3/20 11:20,0.015605768,STATIC
2018/3/20 11:20,0.025005799,STATIC
2018/3/20 11:20,0.031678542,STATIC
2018/3/20 11:20,0.007116179,STATIC
2018/3/20 11:20,0.014852273,STATIC
2018/3/20 11:20,0.027600543,STATIC
2018/3/20 11:20,0.019854219,STATIC
2018/3/20 11:20,0.028987066,STATIC
2018/3/20 11:20,0.025752864,STATIC
2018/3/20 11:20,0.017649929,STATIC
2018/3/20 11:20,0.049924243,STATIC
2018/3/20 11:20,0.022100679,STATIC
2018/3/20 11:20,0.024480196,STATIC
2018/3/20 11:20,0.022776303,STATIC
2018/3/20 11:20,0.019456875,STATIC
2018/3/20 11:20,0.002158703,STATIC
2018/3/20 11:20,0.015307841,STATIC
2018/3/20 11:20,0.012974591,STATIC
2018/3/20 11:20,0.00087178,STATIC
2018/3/20 11:20,0.016122035,STATIC
2018/3/20 11:20,0.019510766,STATIC
2018/3/20 11:20,0.010182338,STATIC
2018/3/20 11:20,0.004198809,STATIC
2018/3/20 11:20,0.011391664,STATIC
2018/3/20 11:20,0.013303007,STATIC
2018/3/20 11:20,0.011300885,STATIC
2018/3/20 11:20,0.007387151,STATIC
2018/3/20 11:20,0.012088838,STATIC
2018/3/20 11:20,0.013097328,STATIC
2018/3/20 11:20,0.007201389,STATIC
2018/3/20 11:20,0.011802966,STATIC
2018/3/20 11:20,0.008201219,STATIC
2018/3/20 11:20,0.027785248,STATIC
2018/3/20 11:20,0.008084553,STATIC
2018/3/20 11:20,0.009003888,STATIC
2018/3/20 11:20,0.016785708,STATIC
2018/3/20 11:20,0.006356886,STATIC
2018/3/20 11:20,0.002547548,STATIC
2018/3/20 11:20,0.005927057,STATIC
2018/3/20 11:20,0.012211879,STATIC
2018/3/20 11:20,0.019525112,STATIC
2018/3/20 11:20,0.009571311,STATIC
2018/3/20 11:20,0.020544829,STATIC
2018/3/20 11:20,0.009201087,STATIC
2018/3/20 11:20,0.011193302,STATIC
2018/3/20 11:20,0.008833459,STATIC
2018/3/20 11:20,0.011193302,STATIC
2018/3/20 11:20,0.015815815,STATIC
2018/3/20 11:20,0.010908254,STATIC
2018/3/20 11:20,0.004616276,STATIC
2018/3/20 11:20,0.023790334,STATIC
2018/3/20 11:20,0.017402299,STATIC
2018/3/20 11:20,0.003237283,STATIC
2018/3/20 11:20,0.020678008,STATIC
2018/3/20 11:20,0.016686522,STATIC
2018/3/20 11:20,0.018696524,STATIC
2018/3/20 11:20,0.021330026,STATIC
2018/3/20 11:20,0.004382921,STATIC
2018/3/20 11:20,0.016822604,STATIC
2018/3/20 11:20,0.01487313,STATIC
2018/3/20 11:20,0.010056341,STATIC
2018/3/20 11:20,0.010380751,STATIC
2018/3/20 11:20,0.037536516,STATIC
2018/3/20 11:21,0.108567767,STATIC
2018/3/20 11:21,0.103344376,STATIC
2018/3/20 11:21,0.13444285,STATIC
2018/3/20 11:21,0.036163379,STATIC
2018/3/20 11:21,0.154974933,STATIC
2018/3/20 11:21,0.042600939,STATIC
2018/3/20 11:21,0.126608294,STATIC
2018/3/20 11:21,0.149630679,STATIC
2018/3/20 11:21,0.051097847,STATIC
2018/3/20 11:21,0.041414128,STATIC
2018/3/20 11:21,0.032814936,STATIC
2018/3/20 11:21,0.045157059,STATIC
2018/3/20 11:21,0.010482366,STATIC
2018/3/20 11:21,0.022659214,STATIC
2018/3/20 11:21,0.021273458,STATIC
2018/3/20 11:21,0.045824011,STATIC
2018/3/20 11:21,0.048279499,STATIC
2018/3/20 11:21,0.007494665,STATIC
2018/3/20 11:21,0.00735663,STATIC
2018/3/20 11:21,0.078929209,STATIC
2018/3/20 11:21,0.067857645,STATIC
2018/3/20 11:21,0.112432824,STATIC
2018/3/20 11:21,0.233299893,STATIC
2018/3/20 11:21,0.005106858,STATIC
2018/3/20 11:21,0.077631115,STATIC
2018/3/20 11:21,0.042875634,STATIC
2018/3/20 11:21,0.040177606,STATIC
2018/3/20 11:21,0.03004713,STATIC
2018/3/20 11:21,0.048409503,STATIC
2018/3/20 11:21,0.02548941,STATIC
2018/3/20 11:21,0.10628203,STATIC
2018/3/20 11:21,0.019024458,STATIC
2018/3/20 11:21,0.118828658,STATIC
2018/3/20 11:21,0.063202532,STATIC
2018/3/20 11:21,0.049132576,STATIC
2018/3/20 11:21,0.03635973,STATIC
2018/3/20 11:21,0.052181606,STATIC
2018/3/20 11:21,0.076403272,STATIC
2018/3/20 11:21,0.088721925,STATIC
2018/3/20 11:21,0.072190512,STATIC
2018/3/20 11:21,0.0608752,STATIC
2018/3/20 11:21,0.2113084,STATIC
2018/3/20 11:21,0.161110428,STATIC
2018/3/20 11:21,0.149706446,STATIC
2018/3/20 11:21,0.058784607,STATIC
2018/3/20 11:21,0.024259843,STATIC
2018/3/20 11:21,0.043200926,STATIC
2018/3/20 11:21,0.38732609,WALKING
2018/3/20 11:21,0.270005333,WALKING
2018/3/20 11:21,0.202065757,WALKING
2018/3/20 11:21,0.142334887,WALKING
2018/3/20 11:21,0.155846367,WALKING
2018/3/20 11:21,0.072463232,WALKING
2018/3/20 11:21,0.490464035,WALKING
2018/3/20 11:21,0.148863495,WALKING
2018/3/20 11:21,0.125445765,WALKING
2018/3/20 11:21,0.228249863,WALKING
2018/3/20 11:21,0.093214055,WALKING
2018/3/20 11:21,0.060569299,WALKING
2018/3/20 11:21,0.209334827,WALKING
2018/3/20 11:21,0.072893347,WALKING
2018/3/20 11:21,0.132720873,WALKING
2018/3/20 11:21,0.159022608,WALKING
2018/3/20 11:21,0.119185402,WALKING
2018/3/20 11:21,0.128732513,WALKING
2018/3/20 11:21,0.181329176,WALKING
2018/3/20 11:21,0.111033734,WALKING
2018/3/20 11:21,0.073350733,WALKING
2018/3/20 11:21,0.077574287,STATIC
2018/3/20 11:21,0.11865256,STATIC
2018/3/20 11:21,0.035929932,STATIC
2018/3/20 11:21,0.043954863,STATIC
2018/3/20 11:21,0.052590493,STATIC
2018/3/20 11:21,0.049401417,STATIC
2018/3/20 11:21,0.020286449,STATIC
2018/3/20 11:21,0.04705603,STATIC
2018/3/20 11:21,0.037900923,STATIC
2018/3/20 11:21,0.024632905,STATIC
2018/3/20 11:21,0.076398495,STATIC
2018/3/20 11:21,0.048981731,STATIC
2018/3/20 11:21,0.105289981,STATIC
2018/3/20 11:21,0.058446813,STATIC
2018/3/20 11:21,0.05147174,STATIC
2018/3/20 11:21,0.083701075,STATIC
2018/3/20 11:21,0.079739827,STATIC
2018/3/20 11:21,0.062924717,STATIC
2018/3/20 11:21,0.065771878,STATIC
2018/3/20 11:21,0.094697994,STATIC
2018/3/20 11:21,0.050005,STATIC
2018/3/20 11:21,0.075187299,STATIC
2018/3/20 11:21,0.099379726,STATIC
2018/3/20 11:21,0.113224865,STATIC
2018/3/20 11:21,0.069884619,STATIC
2018/3/20 11:21,0.233815333,STATIC
2018/3/20 11:21,0.122835622,STATIC
2018/3/20 11:21,0.056234598,STATIC
2018/3/20 11:21,0.062422031,STATIC
2018/3/20 11:21,0.064237761,STATIC
2018/3/20 11:21,0.037228752,STATIC
2018/3/20 11:21,0.017709037,STATIC
2018/3/20 11:21,0.002297825,STATIC
2018/3/20 11:21,0.021120606,STATIC
2018/3/20 11:21,0.020832187,STATIC
2018/3/20 11:21,0.021948121,STATIC
2018/3/20 11:21,0.030663822,STATIC
2018/3/20 11:21,0.022354865,STATIC
2018/3/20 11:21,0.073800136,STATIC
2018/3/20 11:21,0.093927259,STATIC
2018/3/20 11:21,0.035612779,STATIC
2018/3/20 11:21,0.044682211,STATIC
2018/3/20 11:21,0.024669212,STATIC
2018/3/20 11:21,0.154837399,STATIC
2018/3/20 11:21,0.218096699,WALKING
2018/3/20 11:21,0.255214126,WALKING
2018/3/20 11:21,0.278130815,WALKING
2018/3/20 11:21,0.124727142,WALKING
2018/3/20 11:21,0.413104938,WALKING
2018/3/20 11:21,0.014468587,STATIC
2018/3/20 11:21,0.052496952,STATIC
2018/3/20 11:21,0.283170249,WALKING
2018/3/20 11:21,0.139534082,WALKING
2018/3/20 11:21,0.151452699,STATIC
2018/3/20 11:21,0.045192145,STATIC
2018/3/20 11:21,0.54196224,WALKING
2018/3/20 11:21,0.091823309,WALKING
2018/3/20 11:21,0.240890411,WALKING
2018/3/20 11:21,0.054501651,STATIC
2018/3/20 11:21,0.057800346,STATIC
2018/3/20 11:21,0.056211387,STATIC
2018/3/20 11:21,0.060638189,STATIC
2018/3/20 11:21,0.056993333,STATIC
2018/3/20 11:21,0.060359423,STATIC
2018/3/20 11:21,0.057270673,STATIC
2018/3/20 11:21,0.049608669,STATIC
2018/3/20 11:21,0.059960487,STATIC
2018/3/20 11:21,0.055840577,STATIC
2018/3/20 11:21,0.055290144,STATIC
2018/3/20 11:21,0.057275125,STATIC
2018/3/20 11:21,0.054537327,STATIC
2018/3/20 11:21,0.054301657,STATIC
2018/3/20 11:21,0.053442118,STATIC
2018/3/20 11:21,0.059157502,STATIC
2018/3/20 11:21,0.051978553,STATIC
2018/3/20 11:21,0.056287121,STATIC
2018/3/20 11:21,0.053906957,STATIC
2018/3/20 11:21,0.054494403,STATIC
2018/3/20 11:21,0.053872442,STATIC
2018/3/20 11:21,0.054451997,STATIC
2018/3/20 11:21,0.05412735,STATIC
2018/3/20 11:21,0.05333451,STATIC
2018/3/20 11:21,0.053669731,STATIC
2018/3/20 11:21,0.053548483,STATIC
2018/3/20 11:21,0.051449781,STATIC
2018/3/20 11:21,0.054028326,STATIC
2018/3/20 11:21,0.052974145,STATIC
2018/3/20 11:21,0.053378741,STATIC
2018/3/20 11:21,0.05280625,STATIC
2018/3/20 11:21,0.050836404,STATIC
2018/3/20 11:21,0.051370809,STATIC
2018/3/20 11:21,0.052544172,STATIC
2018/3/20 11:21,0.148369033,STATIC
2018/3/20 11:21,0.048226341,STATIC
2018/3/20 11:21,0.040699386,STATIC
2018/3/20 11:21,0.028052451,STATIC
2018/3/20 11:21,0.065100768,STATIC
2018/3/20 11:21,0.202947949,WALKING
2018/3/20 11:21,0.21626026,WALKING
2018/3/20 11:21,0.197119532,WALKING
2018/3/20 11:21,0.214327063,WALKING
2018/3/20 11:21,0.333617266,WALKING
2018/3/20 11:21,0.030133204,STATIC
2018/3/20 11:21,0.304204158,WALKING
2018/3/20 11:21,0.169045674,WALKING
2018/3/20 11:21,0.373230264,WALKING
2018/3/20 11:21,0.195382087,WALKING
2018/3/20 11:21,0.052600665,WALKING
2018/3/20 11:21,0.228237201,WALKING
2018/3/20 11:21,0.103176887,WALKING
2018/3/20 11:21,0.170062371,WALKING
2018/3/20 11:21,0.040755858,STATIC
2018/3/20 11:21,0.276992581,WALKING
2018/3/20 11:21,0.200828285,STATIC
2018/3/20 11:21,0.162086181,STATIC
2018/3/20 11:21,0.109142659,STATIC
2018/3/20 11:21,0.132777935,STATIC
2018/3/20 11:21,0.033988822,STATIC
2018/3/20 11:21,0.062714751,STATIC
2018/3/20 11:21,0.062827064,STATIC
2018/3/20 11:21,0.026879546,STATIC
2018/3/20 11:21,0.066010908,STATIC
2018/3/20 11:21,0.056925741,STATIC
2018/3/20 11:21,0.04397397,STATIC
2018/3/20 11:21,0.030808116,STATIC
2018/3/20 11:21,0.092615549,STATIC
2018/3/20 11:21,0.146201094,WALKING
2018/3/20 11:21,0.158320782,WALKING
2018/3/20 11:21,0.295866473,WALKING
2018/3/20 11:21,0.095785751,STATIC
2018/3/20 11:21,0.03427696,STATIC
2018/3/20 11:21,0.155097002,WALKING
2018/3/20 11:21,0.076845885,STATIC
2018/3/20 11:21,0.052146524,STATIC
2018/3/20 11:21,0.153743162,WALKING
2018/3/20 11:21,0.113026723,STATIC
2018/3/20 11:21,0.1446821,STATIC
2018/3/20 11:21,0.151448143,WALKING
2018/3/20 11:21,0.143637425,WALKING
2018/3/20 11:21,0.158496309,WALKING
2018/3/20 11:21,0.053728484,STATIC
2018/3/20 11:21,0.236843493,WALKING
2018/3/20 11:21,0.127784271,WALKING
2018/3/20 11:21,0.218114672,WALKING
2018/3/20 11:21,0.093309003,STATIC
2018/3/20 11:21,0.163468529,WALKING
2018/3/20 11:21,0.515291646,WALKING
2018/3/20 11:21,0.050011599,STATIC
2018/3/20 11:21,0.054443181,STATIC
2018/3/20 11:21,0.052462749,STATIC
2018/3/20 11:21,0.051487863,STATIC
2018/3/20 11:21,0.051776732,STATIC
2018/3/20 11:21,0.049510706,STATIC
2018/3/20 11:21,0.052981695,STATIC
2018/3/20 11:21,0.050616499,STATIC
2018/3/20 11:21,0.050899705,STATIC
2018/3/20 11:21,0.05018446,STATIC
2018/3/20 11:21,0.050502574,STATIC
2018/3/20 11:21,0.049613506,STATIC
2018/3/20 11:21,0.049647054,STATIC
2018/3/20 11:21,0.049054358,STATIC
2018/3/20 11:21,0.047935269,STATIC
2018/3/20 11:21,0.048230074,STATIC
2018/3/20 11:21,0.049484543,STATIC
2018/3/20 11:21,0.050247985,STATIC
2018/3/20 11:21,0.046606652,STATIC
2018/3/20 11:21,0.048086797,STATIC
2018/3/20 11:21,0.04592581,STATIC
2018/3/20 11:21,0.046310582,STATIC
2018/3/20 11:21,0.354201383,STATIC
2018/3/20 11:21,0.129864968,STATIC
2018/3/20 11:21,0.033941273,STATIC
2018/3/20 11:21,0.073541689,STATIC
2018/3/20 11:21,0.625041455,STATIC
2018/3/20 11:21,0.227852716,STATIC
2018/3/20 11:21,0.06529709,STATIC
2018/3/20 11:21,0.294096107,STATIC
2018/3/20 11:21,0.131616754,STATIC
2018/3/20 11:21,0.347878959,STATIC
2018/3/20 11:21,0.276822741,STATIC
2018/3/20 11:21,0.608946131,STATIC
2018/3/20 11:21,0.129543313,STATIC
2018/3/20 11:21,0.168295484,STATIC
2018/3/20 11:21,0.29938507,STATIC
2018/3/20 11:21,0.042918877,STATIC
2018/3/20 11:21,0.114600916,STATIC
2018/3/20 11:21,0.06368689,STATIC
2018/3/20 11:21,0.098916834,STATIC
2018/3/20 11:21,0.070567627,STATIC
2018/3/20 11:21,0.1045111,STATIC
2018/3/20 11:21,0.062531352,STATIC
2018/3/20 11:21,0.068101909,STATIC
2018/3/20 11:21,0.052160138,STATIC
2018/3/20 11:21,0.043184372,STATIC
2018/3/20 11:21,0.042475522,STATIC
2018/3/20 11:21,0.035573867,STATIC
2018/3/20 11:21,0.041248758,STATIC
2018/3/20 11:21,0.023334524,STATIC
2018/3/20 11:21,0.031659438,STATIC
2018/3/20 11:21,0.034998429,STATIC
2018/3/20 11:21,0.045918624,STATIC
2018/3/20 11:21,0.04666219,STATIC
2018/3/20 11:21,0.04270281,STATIC
2018/3/20 11:21,0.009776502,STATIC
2018/3/20 11:21,0.050786612,STATIC
2018/3/20 11:21,0.052395801,STATIC
2018/3/20 11:21,0.037921366,STATIC
2018/3/20 11:21,0.030765403,STATIC
2018/3/20 11:21,0.056229796,STATIC
2018/3/20 11:21,0.038565658,STATIC
2018/3/20 11:21,0.042533751,STATIC
2018/3/20 11:21,0.054882238,STATIC
2018/3/20 11:21,0.283353913,WALKING
2018/3/20 11:21,0.169104317,WALKING
2018/3/20 11:21,0.269665941,WALKING
2018/3/20 11:21,0.044758016,STATIC
2018/3/20 11:21,0.124040235,STATIC
2018/3/20 11:21,0.23014628,WALKING
2018/3/20 11:21,0.198692551,WALKING
2018/3/20 11:21,0.190940279,WALKING
2018/3/20 11:21,0.081968775,STATIC
2018/3/20 11:21,0.104116137,WALKING
2018/3/20 11:21,0.263145929,WALKING
2018/3/20 11:21,1.147070543,WALKING
2018/3/20 11:21,0.874676586,WALKING
2018/3/20 11:21,0.041791028,STATIC
2018/3/20 11:21,0.035092307,STATIC
2018/3/20 11:21,0.038002368,STATIC
2018/3/20 11:21,0.039171546,STATIC
2018/3/20 11:21,0.038857818,STATIC
2018/3/20 11:21,0.039063026,STATIC
2018/3/20 11:21,0.039124673,STATIC
2018/3/20 11:21,0.038026701,STATIC
2018/3/20 11:21,0.03752759,STATIC
2018/3/20 11:21,0.036380489,STATIC
2018/3/20 11:21,0.037550366,STATIC
2018/3/20 11:21,0.037408822,STATIC
2018/3/20 11:21,0.035135594,STATIC
2018/3/20 11:21,0.037080453,STATIC
2018/3/20 11:21,0.036208701,STATIC
2018/3/20 11:21,0.036214362,STATIC
2018/3/20 11:21,0.037331086,STATIC
2018/3/20 11:21,0.037080453,STATIC
2018/3/20 11:21,0.036262791,STATIC
2018/3/20 11:21,0.037912663,STATIC
2018/3/20 11:21,0.035011712,STATIC
2018/3/20 11:21,0.035269392,STATIC
2018/3/20 11:21,0.035689774,STATIC
2018/3/20 11:21,0.035942732,STATIC
2018/3/20 11:21,0.035554043,STATIC
2018/3/20 11:21,0.035280731,STATIC
2018/3/20 11:21,0.036190745,STATIC
2018/3/20 11:21,0.035450388,STATIC
2018/3/20 11:21,0.035232655,STATIC
2018/3/20 11:21,0.036605464,STATIC
2018/3/20 11:21,0.034909025,STATIC
2018/3/20 11:21,0.035147973,STATIC
2018/3/20 11:21,0.035315153,STATIC
2018/3/20 11:21,0.032973626,STATIC
2018/3/20 11:21,0.03416987,STATIC
2018/3/20 11:21,0.035267124,STATIC
2018/3/20 11:21,0.033110723,STATIC
2018/3/20 11:21,0.033290689,STATIC
2018/3/20 11:21,0.034503043,STATIC
2018/3/20 11:21,0.03408284,STATIC
2018/3/20 11:21,0.032939945,STATIC
2018/3/20 11:21,0.034368008,STATIC
2018/3/20 11:21,0.033158257,STATIC
2018/3/20 11:21,0.034297668,STATIC
2018/3/20 11:21,0.03487836,STATIC
2018/3/20 11:21,0.034261932,STATIC
2018/3/20 11:21,0.034256386,STATIC
2018/3/20 11:21,0.032791615,STATIC
2018/3/20 11:21,0.032769193,STATIC
2018/3/20 11:21,0.032253217,STATIC
2018/3/20 11:21,0.032403086,STATIC
2018/3/20 11:21,0.033093957,STATIC
2018/3/20 11:21,0.032797561,STATIC
2018/3/20 11:21,0.033902655,STATIC
2018/3/20 11:21,0.033072496,STATIC
2018/3/20 11:21,0.033095468,STATIC
2018/3/20 11:21,0.031990467,STATIC
2018/3/20 11:21,0.033193072,STATIC
2018/3/20 11:21,0.03238935,STATIC
2018/3/20 11:21,0.032179807,STATIC
2018/3/20 11:21,0.033486415,STATIC
2018/3/20 11:21,0.032834585,STATIC
2018/3/20 11:21,0.031316609,STATIC
2018/3/20 11:21,0.031801887,STATIC
2018/3/20 11:21,0.030765403,STATIC
2018/3/20 11:21,0.032334192,STATIC
2018/3/20 11:21,0.031317886,STATIC
2018/3/20 11:21,0.030120757,STATIC
2018/3/20 11:21,0.045355595,STATIC
2018/3/20 11:21,0.122059699,STATIC
2018/3/20 11:21,0.173954649,WALKING
2018/3/20 11:21,0.191867558,WALKING
2018/3/20 11:21,0.209420629,WALKING
2018/3/20 11:21,0.043181941,STATIC
2018/3/20 11:21,0.229802763,WALKING
2018/3/20 11:21,0.166665923,WALKING
2018/3/20 11:21,0.512839215,WALKING
2018/3/20 11:21,0.155931876,WALKING
2018/3/20 11:21,0.486443347,WALKING
2018/3/20 11:21,0.705428104,WALKING
2018/3/20 11:21,0.282854662,WALKING
2018/3/20 11:21,0.067107898,STATIC
2018/3/20 11:21,0.064865014,STATIC
2018/3/20 11:21,0.080984073,STATIC
2018/3/20 11:21,0.055911448,STATIC
2018/3/20 11:21,0.084853344,STATIC
2018/3/20 11:21,0.048572729,STATIC
2018/3/20 11:21,0.067057214,STATIC
2018/3/20 11:21,0.102329272,STATIC
2018/3/20 11:21,0.110022634,STATIC
2018/3/20 11:21,0.089163277,STATIC
2018/3/20 11:21,0.100595328,STATIC
2018/3/20 11:21,0.109794262,STATIC
2018/3/20 11:21,0.096719026,STATIC
2018/3/20 11:21,0.096488911,STATIC
2018/3/20 11:21,0.175648171,WALKING
2018/3/20 11:21,0.535733395,WALKING
2018/3/20 11:21,0.285262283,WALKING
2018/3/20 11:21,0.305999771,WALKING
2018/3/20 11:21,0.073635046,STATIC
2018/3/20 11:21,0.081177029,STATIC
2018/3/20 11:21,0.120609369,STATIC
2018/3/20 11:21,0.058698893,STATIC
2018/3/20 11:21,0.061472189,STATIC
2018/3/20 11:21,0.06050719,STATIC
2018/3/20 11:21,0.104029227,STATIC
2018/3/20 11:21,0.032798933,STATIC
2018/3/20 11:21,0.298650063,WALKING
2018/3/20 11:21,0.036806793,STATIC
2018/3/20 11:21,0.044553227,STATIC
2018/3/20 11:21,0.042679386,STATIC
2018/3/20 11:21,0.042600587,STATIC
2018/3/20 11:21,0.046941772,STATIC
2018/3/20 11:21,0.096045562,STATIC
2018/3/20 11:21,0.05859087,STATIC
2018/3/20 11:21,0.050051174,STATIC
2018/3/20 11:21,0.0888802,STATIC
2018/3/20 11:21,0.048855808,STATIC
2018/3/20 11:21,0.056876972,STATIC
2018/3/20 11:21,0.116273127,STATIC
2018/3/20 11:21,0.040448239,STATIC
2018/3/20 11:21,0.027543965,STATIC
2018/3/20 11:21,0.200757266,STATIC
2018/3/20 11:21,0.149135375,STATIC
2018/3/20 11:21,0.036915173,STATIC
2018/3/20 11:21,0.071145063,STATIC
2018/3/20 11:21,0.101260456,STATIC
2018/3/20 11:21,0.246306963,WALKING
2018/3/20 11:21,0.081883881,STATIC
2018/3/20 11:21,0.069086323,STATIC
2018/3/20 11:21,0.186666065,STATIC
2018/3/20 11:21,0.098673249,STATIC
2018/3/20 11:21,0.217262675,WALKING
2018/3/20 11:21,0.227466877,WALKING
2018/3/20 11:21,0.086694175,STATIC
2018/3/20 11:21,0.219056591,WALKING
2018/3/20 11:21,0.021959964,STATIC
2018/3/20 11:21,0.017568153,STATIC
2018/3/20 11:21,0.044759133,STATIC
2018/3/20 11:21,0.071384242,STATIC
2018/3/20 11:21,0.186732991,WALKING
2018/3/20 11:21,0.066914348,STATIC
2018/3/20 11:21,0.142894786,WALKING
2018/3/20 11:21,0.041890452,STATIC
2018/3/20 11:21,0.065605335,STATIC
2018/3/20 11:21,0.240548561,WALKING
2018/3/20 11:21,0.028332667,STATIC
2018/3/20 11:21,0.090650207,STATIC
2018/3/20 11:21,0.081851329,STATIC
2018/3/20 11:21,0.05524156,STATIC
2018/3/20 11:21,0.100310468,STATIC
2018/3/20 11:21,0.042594248,STATIC
2018/3/20 11:21,0.058002759,STATIC
2018/3/20 11:21,0.090107103,STATIC
2018/3/20 11:21,0.035789104,STATIC
2018/3/20 11:21,0.070663923,STATIC
2018/3/20 11:21,0.083201923,STATIC
2018/3/20 11:21,0.167605966,STATIC
2018/3/20 11:21,0.063726996,STATIC
2018/3/20 11:21,0.100789732,STATIC
2018/3/20 11:21,0.135183061,STATIC
2018/3/20 11:21,0.067711816,STATIC
2018/3/20 11:21,0.293948992,WALKING
2018/3/20 11:21,0.124141895,WALKING
2018/3/20 11:21,0.151578429,WALKING
2018/3/20 11:21,0.220694449,WALKING
2018/3/20 11:21,0.126009642,WALKING
2018/3/20 11:21,0.24634421,WALKING
2018/3/20 11:21,0.315380944,WALKING
2018/3/20 11:21,0.850215102,WALKING
2018/3/20 11:21,0.226107076,WALKING
2018/3/20 11:21,0.179900445,WALKING
2018/3/20 11:21,0.053453531,WALKING
2018/3/20 11:21,0.087701311,WALKING
2018/3/20 11:21,0.183267755,WALKING
2018/3/20 11:21,0.452935801,WALKING
2018/3/20 11:21,0.208999019,WALKING
2018/3/20 11:21,0.097827808,WALKING
2018/3/20 11:21,0.053036403,WALKING
2018/3/20 11:21,0.243185608,WALKING
2018/3/20 11:21,0.29019776,WALKING
2018/3/20 11:21,0.066068298,WALKING
2018/3/20 11:22,0.130157558,WALKING
2018/3/20 11:22,0.157061867,WALKING
2018/3/20 11:22,0.319003793,WALKING
2018/3/20 11:22,0.085094301,WALKING
2018/3/20 11:22,0.239027425,WALKING
2018/3/20 11:22,0.064770827,WALKING
2018/3/20 11:22,0.23829465,WALKING
2018/3/20 11:22,0.287994479,WALKING
2018/3/20 11:22,0.296922768,WALKING
2018/3/20 11:22,0.198119358,WALKING
2018/3/20 11:22,0.620954717,WALKING
2018/3/20 11:22,0.496485106,WALKING
2018/3/20 11:22,0.076531562,WALKING
2018/3/20 11:22,0.195752931,WALKING
2018/3/20 11:22,0.136037385,WALKING
2018/3/20 11:22,0.123593568,WALKING
2018/3/20 11:22,0.236905171,WALKING
2018/3/20 11:22,0.265352464,WALKING
2018/3/20 11:22,0.058594539,WALKING
2018/3/20 11:22,0.996476362,WALKING
2018/3/20 11:22,0.440071335,WALKING
2018/3/20 11:22,0.388658565,WALKING
2018/3/20 11:22,0.028598427,WALKING
2018/3/20 11:22,0.144689011,WALKING
2018/3/20 11:22,0.019113085,STATIC
2018/3/20 11:22,0.029049613,STATIC
2018/3/20 11:22,0.04235788,STATIC
2018/3/20 11:22,0.015435673,STATIC
2018/3/20 11:22,0.084766562,WALKING
2018/3/20 11:22,0.081491472,WALKING
2018/3/20 11:22,0.042641177,STATIC
2018/3/20 11:22,0.008382124,STATIC
2018/3/20 11:22,0.01813946,STATIC
2018/3/20 11:22,0.015303268,STATIC
2018/3/20 11:22,0.013152566,STATIC
2018/3/20 11:22,0.015772127,STATIC
2018/3/20 11:22,0.027178668,STATIC
2018/3/20 11:22,0.023918403,STATIC
2018/3/20 11:22,0.014040299,STATIC
2018/3/20 11:22,0.008664295,STATIC
2018/3/20 11:22,0.004373786,STATIC
2018/3/20 11:22,0.00468188,STATIC
2018/3/20 11:22,0.019166899,STATIC
2018/3/20 11:22,0.006524569,STATIC
2018/3/20 11:22,0.011691022,STATIC
2018/3/20 11:22,0.011440717,STATIC
2018/3/20 11:22,0.009232551,STATIC
2018/3/20 11:22,0.009550916,STATIC
2018/3/20 11:22,0.013725159,STATIC
2018/3/20 11:22,0.006930368,STATIC
2018/3/20 11:22,0.017651629,STATIC
2018/3/20 11:22,0.010955364,STATIC
2018/3/20 11:22,0.009882307,STATIC
2018/3/20 11:22,0.010186756,STATIC
2018/3/20 11:22,0.014802702,STATIC
2018/3/20 11:22,0.00801561,STATIC
2018/3/20 11:22,0.009538868,STATIC
2018/3/20 11:22,0.010296116,STATIC
2018/3/20 11:22,0.0109,STATIC
2018/3/20 11:22,0.009089554,STATIC
2018/3/20 11:22,0.011648605,STATIC
2018/3/20 11:22,0.0092,STATIC
2018/3/20 11:22,0.008243786,STATIC
2018/3/20 11:22,0.009716481,STATIC
2018/3/20 11:22,0.010350362,STATIC
2018/3/20 11:22,0.01,STATIC
2018/3/20 11:22,0.007584853,STATIC
2018/3/20 11:22,0.008144323,STATIC
2018/3/20 11:22,0.008144323,STATIC
2018/3/20 11:22,0.011132385,STATIC
2018/3/20 11:22,0.012754607,STATIC
2018/3/20 11:22,0.009054281,STATIC
2018/3/20 11:22,0.009386693,STATIC
2018/3/20 11:22,0.007521303,STATIC
2018/3/20 11:22,0.01254751,STATIC
2018/3/20 11:22,0.011356936,STATIC
2018/3/20 11:22,0.011286275,STATIC
2018/3/20 11:22,0.011216951,STATIC
2018/3/20 11:22,0.006696268,STATIC
2018/3/20 11:22,0.00843386,STATIC
2018/3/20 11:22,0.009209234,STATIC
2018/3/20 11:22,0.01042449,STATIC
2018/3/20 11:22,0.012506398,STATIC
2018/3/20 11:22,0.013868309,STATIC
2018/3/20 11:22,0.013718236,STATIC
2018/3/20 11:22,0.01591006,STATIC
2018/3/20 11:22,0.011174077,STATIC
2018/3/20 11:22,0.011949059,STATIC
2018/3/20 11:22,0.008958236,STATIC
2018/3/20 11:22,0.011256998,STATIC
2018/3/20 11:22,0.00946784,STATIC
2018/3/20 11:22,0.010531382,STATIC
2018/3/20 11:22,0.013097328,STATIC
2018/3/20 11:22,0.013030349,STATIC
2018/3/20 11:22,0.015060876,STATIC
2018/3/20 11:22,0.012733421,STATIC
2018/3/20 11:22,0.00781153,STATIC
2018/3/20 11:22,0.010164153,STATIC
2018/3/20 11:22,0.009901515,STATIC
2018/3/20 11:22,0.011266765,STATIC
2018/3/20 11:22,0.012832381,STATIC
2018/3/20 11:22,0.01535057,STATIC
2018/3/20 11:22,0.014182383,STATIC
2018/3/20 11:22,0.014924812,STATIC
2018/3/20 11:22,0.015509352,STATIC
2018/3/20 11:22,0.015092713,STATIC
2018/3/20 11:22,0.013911506,STATIC
2018/3/20 11:22,0.013345037,STATIC
2018/3/20 11:22,0.016174981,STATIC
2018/3/20 11:22,0.014281457,STATIC
2018/3/20 11:22,0.011420158,STATIC
2018/3/20 11:22,0.011935661,STATIC
2018/3/20 11:22,0.016211416,STATIC
2018/3/20 11:22,0.014032819,STATIC
2018/3/20 11:22,0.012493598,STATIC
2018/3/20 11:22,0.008511169,STATIC
2018/3/20 11:22,0.010481889,STATIC
2018/3/20 11:22,0.013023824,STATIC
2018/3/20 11:22,0.013726252,STATIC
2018/3/20 11:22,0.014951254,STATIC
2018/3/20 11:22,0.015528683,STATIC
2018/3/20 11:22,0.013056033,STATIC
2018/3/20 11:22,0.012603174,STATIC
2018/3/20 11:22,0.017550214,STATIC
2018/3/20 11:22,0.01211528,STATIC
2018/3/20 11:22,0.012794921,STATIC
2018/3/20 11:22,0.013192043,STATIC
2018/3/20 11:22,0.011646029,STATIC
2018/3/20 11:22,0.013436517,STATIC
2018/3/20 11:22,0.013737904,STATIC
2018/3/20 11:22,0.014204929,STATIC
2018/3/20 11:22,0.014600685,STATIC
2018/3/20 11:22,0.014402778,STATIC
2018/3/20 11:22,0.013743362,STATIC
2018/3/20 11:22,0.014897651,STATIC
2018/3/20 11:22,0.017653045,STATIC
2018/3/20 11:22,0.013945967,STATIC
2018/3/20 11:22,0.017394827,STATIC
2018/3/20 11:22,0.015676734,STATIC
2018/3/20 11:22,0.01683033,STATIC
2018/3/20 11:22,0.016739773,STATIC
2018/3/20 11:22,0.020498537,STATIC
2018/3/20 11:22,0.017325703,STATIC
2018/3/20 11:22,0.012063582,STATIC
2018/3/20 11:22,0.013096946,STATIC
2018/3/20 11:22,0.012,STATIC
2018/3/20 11:22,0.022334502,STATIC
2018/3/20 11:22,0.01945045,STATIC
2018/3/20 11:22,0.021419851,STATIC
2018/3/20 11:22,0.011272533,STATIC
2018/3/20 11:22,0.017527978,STATIC
2018/3/20 11:22,0.018282779,STATIC
2018/3/20 11:22,0.016973214,STATIC
2018/3/20 11:22,0.031511585,STATIC
2018/3/20 11:22,0.014637623,STATIC
2018/3/20 11:22,0.016033403,STATIC
2018/3/20 11:22,0.032537209,STATIC
2018/3/20 11:22,0.012351923,STATIC
2018/3/20 11:22,0.003818377,STATIC
2018/3/20 11:22,0.017202325,STATIC
2018/3/20 11:22,0.027103321,STATIC
2018/3/20 11:22,0.025531745,STATIC
2018/3/20 11:22,0.019987996,STATIC
2018/3/20 11:22,0.021100474,STATIC
2018/3/20 11:22,0.024475907,STATIC
2018/3/20 11:22,0.019012364,STATIC
2018/3/20 11:22,0.016033403,STATIC
2018/3/20 11:22,0.011324752,STATIC
2018/3/20 11:22,0.015410386,STATIC
2018/3/20 11:22,0.020017992,STATIC
2018/3/20 11:22,0.023913594,STATIC
2018/3/20 11:22,0.017295375,STATIC
2018/3/20 11:22,0.015610573,STATIC
2018/3/20 11:22,0.016909465,STATIC
2018/3/20 11:22,0.016285269,STATIC
2018/3/20 11:22,0.018336848,STATIC
2018/3/20 11:22,0.021379195,STATIC
2018/3/20 11:22,0.021518829,STATIC
2018/3/20 11:22,0.02449061,STATIC
2018/3/20 11:22,0.023348019,STATIC
2018/3/20 11:22,0.017325992,STATIC
2018/3/20 11:22,0.018385864,STATIC
2018/3/20 11:22,0.017996389,STATIC
2018/3/20 11:22,0.014682643,STATIC
2018/3/20 11:22,0.020516335,STATIC
2018/3/20 11:22,0.019234344,STATIC
2018/3/20 11:22,0.025243415,STATIC
2018/3/20 11:22,0.02015366,STATIC
2018/3/20 11:22,0.022196171,STATIC
2018/3/20 11:22,0.0206,STATIC
2018/3/20 11:22,0.016452052,STATIC
2018/3/20 11:22,0.019152284,STATIC
2018/3/20 11:22,0.020855215,STATIC
2018/3/20 11:22,0.021456468,STATIC
2018/3/20 11:22,0.0193,STATIC
2018/3/20 11:22,0.019404639,STATIC
2018/3/20 11:22,0.020294581,STATIC
2018/3/20 11:22,0.018674314,STATIC
2018/3/20 11:22,0.021539034,STATIC
2018/3/20 11:22,0.021030454,STATIC
2018/3/20 11:22,0.02357032,STATIC
2018/3/20 11:22,0.020609464,STATIC
2018/3/20 11:22,0.018625789,STATIC
2018/3/20 11:22,0.020396323,STATIC
2018/3/20 11:22,0.016900592,STATIC
2018/3/20 11:22,0.020631045,STATIC
2018/3/20 11:22,0.023097619,STATIC
2018/3/20 11:22,0.021615041,STATIC
2018/3/20 11:22,0.02005642,STATIC
2018/3/20 11:22,0.021320413,STATIC
2018/3/20 11:22,0.02002823,STATIC
2018/3/20 11:22,0.021816508,STATIC
2018/3/20 11:22,0.02078076,STATIC
2018/3/20 11:22,0.021645785,STATIC
2018/3/20 11:22,0.022011361,STATIC
2018/3/20 11:22,0.018195054,STATIC
2018/3/20 11:22,0.025531549,STATIC
2018/3/20 11:22,0.025644883,STATIC
2018/3/20 11:22,0.020367621,STATIC
2018/3/20 11:22,0.021546461,STATIC
2018/3/20 11:22,0.021153723,STATIC
2018/3/20 11:22,0.019208332,STATIC
2018/3/20 11:22,0.021805275,STATIC
2018/3/20 11:22,0.021107582,STATIC
2018/3/20 11:22,0.020704106,STATIC
2018/3/20 11:22,0.023200216,STATIC
2018/3/20 11:22,0.023620754,STATIC
2018/3/20 11:22,0.02118962,STATIC
2018/3/20 11:22,0.019805302,STATIC
2018/3/20 11:22,0.021790135,STATIC
2018/3/20 11:22,0.016816064,STATIC
2018/3/20 11:22,0.016805356,STATIC
2018/3/20 11:22,0.017390515,STATIC
2018/3/20 11:22,0.020270422,STATIC
2018/3/20 11:22,0.01733032,STATIC
2018/3/20 11:23,0.018853912,STATIC
2018/3/20 11:23,0.022863508,STATIC
2018/3/20 11:23,0.015802215,STATIC