date,pressure,activity
2018-03-20 11:26:30,292.0,
2018-03-20 11:26:30,293.0,
2018-03-20 11:26:30,295.0,
2018-03-20 11:26:30,294.0,
2018-03-20 11:26:30,294.0,
2018-03-20 11:26:30,294.0,
2018-03-20 11:26:30,294.0,
2018-03-20 11:26:30,294.0,
2018-03-20 11:26:31,294.0,
2018-03-20 11:26:31,295.0,
2018-03-20 11:26:31,294.0,
2018-03-20 11:26:31,294.0,
2018-03-20 11:26:31,294.0,
2018-03-20 11:26:31,295.0,
2018-03-20 11:26:31,295.0,
2018-03-20 11:26:32,296.0,
2018-03-20 11:26:32,296.0,
2018-03-20 11:26:32,296.0,
2018-03-20 11:26:32,296.0,
2018-03-20 11:26:32,295.0,
2018-03-20 11:26:32,296.0,
2018-03-20 11:26:33,296.0,
2018-03-20 11:26:33,297.0,
2018-03-20 11:26:33,296.0,
2018-03-20 11:26:33,296.0,
2018-03-20 11:26:33,297.0,
2018-03-20 11:26:34,297.0,
2018-03-20 11:26:34,296.0,
2018-03-20 11:26:34,296.0,
2018-03-20 11:26:34,296.0,
2018-03-20 11:26:34,296.0,
2018-03-20 11:26:34,297.0,
2018-03-20 11:26:34,297.0,
2018-03-20 11:26:34,297.0,
2018-03-20 11:26:34,297.0,
2018-03-20 11:26:34,297.0,
2018-03-20 11:26:34,297.0,
2018-03-20 11:26:34,297.0,
2018-03-20 11:26:34,297.0,
2018-03-20 11:26:34,297.0,
2018-03-20 11:26:34,297.0,
2018-03-20 11:26:34,297.0,
2018-03-20 11:26:34,297.0,
2018-03-20 11:26:34,297.0,
2018-03-20 11:27:27,296.0,
2018-03-20 11:27:27,296.0,
2018-03-20 11:27:27,296.0,
2018-03-20 11:27:27,296.0,
2018-03-20 11:27:27,296.0,
2018-03-20 11:27:27,296.0,
2018-03-20 11:27:27,296.0,
2018-03-20 11:27:27,296.0,
2018-03-20 11:27:27,296.0,
2018-03-20 11:27:27,295.0,
2018-03-20 11:27:27,296.0,
2018-03-20 11:27:27,296.0,
2018-03-20 11:27:27,296.0,
2018-03-20 11:27:27,296.0,
2018-03-20 11:27:27,296.0,
2018-03-20 11:27:28,296.0,
2018-03-20 11:27:28,296.0,
2018-03-20 11:27:28,296.0,
2018-03-20 11:27:28,296.0,
2018-03-20 11:27:28,296.0,
2018-03-20 11:27:28,296.0,
2018-03-20 11:27:28,296.0,
2018-03-20 11:27:28,296.0,
2018-03-20 11:27:28,295.0,
2018-03-20 11:27:28,296.0,
2018-03-20 11:27:28,296.0,
2018-03-20 11:27:28,296.0,
2018-03-20 11:27:28,296.0,
2018-03-20 11:27:28,296.0,
2018-03-20 11:27:28,295.0,
2018-03-20 11:27:28,296.0,
2018-03-20 11:27:28,296.0,
2018-03-20 11:27:28,296.0,
2018-03-20 11:27:28,296.0,
2018-03-20 11:27:28,296.0,
2018-03-20 11:27:29,296.0,
2018-03-20 11:27:29,296.0,
2018-03-20 11:27:29,296.0,
2018-03-20 11:27:29,296.0,
2018-03-20 11:27:29,296.0,
2018-03-20 11:27:29,296.0,
2018-03-20 11:27:29,296.0,
2018-03-20 11:27:29,296.0,
2018-03-20 11:27:29,296.0,
2018-03-20 11:27:29,297.0,
2018-03-20 11:27:29,296.0,
2018-03-20 11:27:29,296.0,
2018-03-20 11:27:29,296.0,
2018-03-20 11:27:29,296.0,
2018-03-20 11:27:29,296.0,
2018-03-20 11:27:29,296.0,
2018-03-20 11:27:29,296.0,
2018-03-20 11:27:29,296.0,
2018-03-20 11:27:29,296.0,
2018-03-20 11:27:29,295.0,
2018-03-20 11:27:29,291.0,
2018-03-20 11:27:29,284.0,
2018-03-20 11:27:29,270.0,
2018-03-20 11:27:29,265.0,
2018-03-20 11:27:30,256.0,
2018-03-20 11:27:30,253.0,
2018-03-20 11:27:30,241.0,
2018-03-20 11:27:30,237.0,
2018-03-20 11:27:30,240.0,
2018-03-20 11:27:30,243.0,
2018-03-20 11:27:30,244.0,
2018-03-20 11:27:30,245.0,
2018-03-20 11:27:30,251.0,
2018-03-20 11:27:30,256.0,
2018-03-20 11:27:30,267.0,
2018-03-20 11:27:30,272.0,
2018-03-20 11:27:30,278.0,
2018-03-20 11:27:30,288.0,
2018-03-20 11:27:30,289.0,
2018-03-20 11:27:30,290.0,
2018-03-20 11:27:30,289.0,
2018-03-20 11:27:30,287.0,
2018-03-20 11:27:30,286.0,
2018-03-20 11:27:30,281.0,
2018-03-20 11:27:30,280.0,
2018-03-20 11:27:30,279.0,
2018-03-20 11:27:30,278.0,
2018-03-20 11:27:31,280.0,
2018-03-20 11:27:31,284.0,
2018-03-20 11:27:31,286.0,
2018-03-20 11:27:31,287.0,
2018-03-20 11:27:31,289.0,
2018-03-20 11:27:31,295.0,
2018-03-20 11:27:31,297.0,
2018-03-20 11:27:31,302.0,
2018-03-20 11:27:32,71.0,
2018-03-20 11:27:32,69.0,
2018-03-20 11:27:32,63.0,
2018-03-20 11:27:32,58.0,
2018-03-20 11:27:32,56.0,
2018-03-20 11:27:32,55.0,
2018-03-20 11:27:32,55.0,
2018-03-20 11:27:32,54.0,
2018-03-20 11:27:32,54.0,
2018-03-20 11:27:32,53.0,
2018-03-20 11:27:32,50.0,
2018-03-20 11:27:32,48.0,
2018-03-20 11:27:32,49.0,
2018-03-20 11:27:32,48.0,
2018-03-20 11:27:32,46.0,
2018-03-20 11:27:32,46.0,
2018-03-20 11:27:33,46.0,
2018-03-20 11:27:33,45.0,
2018-03-20 11:27:33,46.0,
2018-03-20 11:27:33,46.0,
2018-03-20 11:27:33,45.0,
2018-03-20 11:27:33,42.0,
2018-03-20 11:27:33,42.0,
2018-03-20 11:27:33,42.0,
2018-03-20 11:27:33,42.0,
2018-03-20 11:27:33,42.0,
2018-03-20 11:27:33,41.0,
2018-03-20 11:27:33,41.0,
2018-03-20 11:27:33,41.0,
2018-03-20 11:27:33,41.0,
2018-03-20 11:27:33,42.0,
2018-03-20 11:27:33,42.0,
2018-03-20 11:27:33,41.0,
2018-03-20 11:27:33,39.0,
2018-03-20 11:27:33,39.0,
2018-03-20 11:27:33,39.0,
2018-03-20 11:27:33,39.0,
2018-03-20 11:27:33,39.0,
2018-03-20 11:27:33,35.0,
2018-03-20 11:27:33,40.0,
2018-03-20 11:27:33,40.0,
2018-03-20 11:27:34,40.0,
2018-03-20 11:27:34,37.0,
2018-03-20 11:27:34,38.0,
2018-03-20 11:27:34,37.0,
2018-03-20 11:27:34,37.0,
2018-03-20 11:27:34,37.0,
2018-03-20 11:27:34,36.0,
2018-03-20 11:27:34,33.0,
2018-03-20 11:27:34,35.0,
2018-03-20 11:27:34,36.0,
2018-03-20 11:27:34,35.0,
2018-03-20 11:27:34,34.0,
2018-03-20 11:27:34,35.0,
2018-03-20 11:27:34,35.0,
2018-03-20 11:27:34,35.0,
2018-03-20 11:27:44,176.0,
2018-03-20 11:27:44,176.0,
2018-03-20 11:27:44,178.0,
2018-03-20 11:27:44,178.0,
2018-03-20 11:27:44,179.0,
2018-03-20 11:27:44,179.0,
2018-03-20 11:27:44,177.0,
2018-03-20 11:27:44,179.0,
2018-03-20 11:27:44,180.0,
2018-03-20 11:27:45,180.0,
2018-03-20 11:27:45,179.0,
2018-03-20 11:27:45,180.0,
2018-03-20 11:27:45,181.0,
2018-03-20 11:27:45,182.0,
2018-03-20 11:27:45,182.0,
2018-03-20 11:27:45,181.0,
2018-03-20 11:27:45,181.0,
2018-03-20 11:27:45,183.0,
2018-03-20 11:27:45,182.0,
2018-03-20 11:27:45,186.0,
2018-03-20 11:27:45,191.0,
2018-03-20 11:27:45,196.0,
2018-03-20 11:27:45,199.0,
2018-03-20 11:27:45,206.0,
2018-03-20 11:27:45,208.0,
2018-03-20 11:27:45,210.0,
2018-03-20 11:27:45,211.0,
2018-03-20 11:27:45,212.0,
2018-03-20 11:27:45,217.0,
2018-03-20 11:27:45,216.0,
2018-03-20 11:27:45,215.0,
2018-03-20 11:27:46,203.0,
2018-03-20 11:27:46,196.0,
2018-03-20 11:27:46,178.0,
2018-03-20 11:27:46,157.0,
2018-03-20 11:27:46,96.0,
2018-03-20 11:27:46,53.0,
2018-03-20 11:27:46,58.0,
2018-03-20 11:27:46,67.0,
2018-03-20 11:27:46,65.0,
2018-03-20 11:27:46,62.0,
2018-03-20 11:27:46,55.0,
2018-03-20 11:27:46,52.0,
2018-03-20 11:27:46,54.0,
2018-03-20 11:27:46,50.0,
2018-03-20 11:27:46,50.0,
2018-03-20 11:27:46,47.0,
2018-03-20 11:27:46,46.0,
2018-03-20 11:27:46,46.0,
2018-03-20 11:27:46,41.0,
2018-03-20 11:27:46,41.0,
2018-03-20 11:27:46,38.0,
2018-03-20 11:27:46,38.0,
2018-03-20 11:27:46,37.0,
2018-03-20 11:27:46,38.0,
2018-03-20 11:27:47,37.0,
2018-03-20 11:27:47,37.0,
2018-03-20 11:27:47,37.0,
2018-03-20 11:27:47,37.0,
2018-03-20 11:27:47,36.0,
2018-03-20 11:27:47,37.0,
2018-03-20 11:27:47,37.0,
2018-03-20 11:27:47,36.0,
2018-03-20 11:27:47,37.0,
2018-03-20 11:27:47,36.0,
2018-03-20 11:27:47,36.0,
2018-03-20 11:27:47,35.0,
2018-03-20 11:27:47,35.0,
2018-03-20 11:27:47,35.0,
2018-03-20 11:27:47,35.0,
2018-03-20 11:27:47,35.0,
2018-03-20 11:27:47,35.0,
2018-03-20 11:27:47,31.0,
2018-03-20 11:27:47,33.0,
2018-03-20 11:27:47,33.0,
2018-03-20 11:27:47,33.0,
2018-03-20 11:27:47,33.0,
2018-03-20 11:27:54,269.0,
2018-03-20 11:27:54,267.0,
2018-03-20 11:27:54,269.0,
2018-03-20 11:27:54,269.0,
2018-03-20 11:27:54,269.0,
2018-03-20 11:27:54,268.0,
2018-03-20 11:27:54,269.0,
2018-03-20 11:27:54,270.0,
2018-03-20 11:27:54,268.0,
2018-03-20 11:27:54,271.0,
2018-03-20 11:27:54,270.0,
2018-03-20 11:27:55,270.0,
2018-03-20 11:27:55,270.0,
2018-03-20 11:27:55,270.0,
2018-03-20 11:27:55,271.0,
2018-03-20 11:27:55,272.0,
2018-03-20 11:27:55,274.0,
2018-03-20 11:27:55,278.0,
2018-03-20 11:27:55,283.0,
2018-03-20 11:27:55,285.0,
2018-03-20 11:27:55,287.0,
2018-03-20 11:27:55,291.0,
2018-03-20 11:27:55,296.0,
2018-03-20 11:27:55,297.0,
2018-03-20 11:27:55,298.0,
2018-03-20 11:27:55,299.0,
2018-03-20 11:27:55,292.0,
2018-03-20 11:27:55,286.0,
2018-03-20 11:27:55,276.0,
2018-03-20 11:27:55,262.0,
2018-03-20 11:27:55,200.0,
2018-03-20 11:27:55,107.0,
2018-03-20 11:27:56,59.0,
2018-03-20 11:27:56,47.0,
2018-03-20 11:27:56,46.0,
2018-03-20 11:27:56,49.0,
2018-03-20 11:27:56,49.0,
2018-03-20 11:27:56,47.0,
2018-03-20 11:27:56,43.0,
2018-03-20 11:27:56,45.0,
2018-03-20 11:27:56,42.0,
2018-03-20 11:27:56,42.0,
2018-03-20 11:27:56,43.0,
2018-03-20 11:27:56,39.0,
2018-03-20 11:27:56,40.0,
2018-03-20 11:27:56,40.0,
2018-03-20 11:27:56,37.0,
2018-03-20 11:27:56,38.0,
2018-03-20 11:27:56,37.0,
2018-03-20 11:27:56,37.0,
2018-03-20 11:27:56,35.0,
2018-03-20 11:27:56,36.0,
2018-03-20 11:27:56,35.0,
2018-03-20 11:27:56,35.0,
2018-03-20 11:27:56,36.0,
2018-03-20 11:27:56,36.0,
2018-03-20 11:27:57,36.0,
2018-03-20 11:27:57,36.0,
2018-03-20 11:27:57,36.0,
2018-03-20 11:27:57,36.0,
2018-03-20 11:27:57,34.0,
2018-03-20 11:27:57,34.0,
2018-03-20 11:27:57,34.0,
2018-03-20 11:27:57,35.0,
2018-03-20 11:27:57,35.0,
2018-03-20 11:27:57,34.0,
2018-03-20 11:27:57,34.0,
2018-03-20 11:27:57,34.0,
2018-03-20 11:27:57,33.0,
2018-03-20 11:27:57,34.0,
2018-03-20 11:27:57,34.0,
2018-03-20 11:27:57,33.0,
2018-03-20 11:27:57,33.0,
2018-03-20 11:27:57,31.0,
2018-03-20 11:27:57,31.0,
2018-03-20 11:27:57,31.0,
2018-03-20 11:27:57,31.0,
2018-03-20 11:27:57,31.0,
2018-03-20 11:27:57,29.0,
2018-03-20 11:27:57,30.0,
2018-03-20 11:27:58,29.0,
2018-03-20 11:27:58,29.0,
2018-03-20 11:27:58,29.0,
2018-03-20 11:27:58,29.0,
2018-03-20 11:27:58,28.0,
2018-03-20 11:27:58,28.0,
2018-03-20 11:27:58,28.0,
2018-03-20 11:28:07,28.0,
2018-03-20 11:28:08,19.0,
2018-03-20 11:28:08,19.0,
2018-03-20 11:28:08,20.0,
2018-03-20 11:28:08,19.0,
2018-03-20 11:28:08,20.0,
2018-03-20 11:28:08,20.0,
2018-03-20 11:28:08,20.0,
2018-03-20 11:28:08,19.0,
2018-03-20 11:28:08,20.0,
2018-03-20 11:28:08,20.0,
2018-03-20 11:28:08,20.0,
2018-03-20 11:28:08,20.0,
2018-03-20 11:28:08,20.0,
2018-03-20 11:28:08,19.0,
2018-03-20 11:28:08,20.0,
2018-03-20 11:28:08,20.0,
2018-03-20 11:28:08,20.0,
2018-03-20 11:28:08,21.0,
2018-03-20 11:28:08,21.0,
2018-03-20 11:28:08,21.0,
2018-03-20 11:28:09,21.0,
2018-03-20 11:28:09,20.0,
2018-03-20 11:28:09,20.0,
2018-03-20 11:28:09,20.0,
2018-03-20 11:28:09,20.0,
2018-03-20 11:28:09,20.0,
2018-03-20 11:28:09,154.0,
2018-03-20 11:28:09,222.0,
2018-03-20 11:28:09,245.0,
2018-03-20 11:28:09,248.0,
2018-03-20 11:28:09,251.0,
2018-03-20 11:28:09,248.0,
2018-03-20 11:28:09,260.0,
2018-03-20 11:28:09,272.0,
2018-03-20 11:28:09,282.0,
2018-03-20 11:28:09,290.0,
2018-03-20 11:28:09,290.0,
2018-03-20 11:28:09,293.0,
2018-03-20 11:28:09,304.0,
2018-03-20 11:28:09,305.0,
2018-03-20 11:28:09,303.0,
2018-03-20 11:28:10,301.0,
2018-03-20 11:28:10,302.0,
2018-03-20 11:28:10,303.0,
2018-03-20 11:28:10,302.0,
2018-03-20 11:28:10,302.0,
2018-03-20 11:28:10,300.0,
2018-03-20 11:28:10,304.0,
2018-03-20 11:28:10,305.0,
2018-03-20 11:28:10,307.0,
2018-03-20 11:28:10,310.0,
2018-03-20 11:28:10,312.0,
2018-03-20 11:28:10,312.0,
2018-03-20 11:28:10,312.0,
2018-03-20 11:28:10,312.0,
2018-03-20 11:28:10,313.0,
2018-03-20 11:28:10,313.0,
2018-03-20 11:28:10,310.0,
2018-03-20 11:28:10,310.0,
2018-03-20 11:28:10,312.0,
2018-03-20 11:28:10,311.0,
2018-03-20 11:28:10,311.0,
2018-03-20 11:28:10,311.0,
2018-03-20 11:28:10,311.0,
2018-03-20 11:28:10,312.0,
2018-03-20 11:28:11,312.0,
2018-03-20 11:28:11,311.0,
2018-03-20 11:28:11,314.0,
2018-03-20 11:28:11,316.0,
2018-03-20 11:28:11,318.0,
2018-03-20 11:28:11,318.0,
2018-03-20 11:28:18,319.0,
2018-03-20 11:28:18,22.0,
2018-03-20 11:28:18,22.0,
2018-03-20 11:28:18,22.0,
2018-03-20 11:28:18,22.0,
2018-03-20 11:28:18,22.0,
2018-03-20 11:28:18,22.0,
2018-03-20 11:28:18,22.0,
2018-03-20 11:28:18,22.0,
2018-03-20 11:28:19,22.0,
2018-03-20 11:28:19,22.0,
2018-03-20 11:28:19,22.0,
2018-03-20 11:28:19,22.0,
2018-03-20 11:28:19,22.0,
2018-03-20 11:28:19,22.0,
2018-03-20 11:28:19,23.0,
2018-03-20 11:28:19,22.0,
2018-03-20 11:28:19,22.0,
2018-03-20 11:28:19,22.0,
2018-03-20 11:28:19,22.0,
2018-03-20 11:28:19,22.0,
2018-03-20 11:28:19,20.0,
2018-03-20 11:28:19,22.0,
2018-03-20 11:28:19,21.0,
2018-03-20 11:28:19,22.0,
2018-03-20 11:28:19,22.0,
2018-03-20 11:28:19,22.0,
2018-03-20 11:28:19,22.0,
2018-03-20 11:28:19,23.0,
2018-03-20 11:28:19,22.0,
2018-03-20 11:28:19,23.0,
2018-03-20 11:28:20,23.0,
2018-03-20 11:28:20,23.0,
2018-03-20 11:28:20,22.0,
2018-03-20 11:28:20,23.0,
2018-03-20 11:28:20,23.0,
2018-03-20 11:28:20,22.0,
2018-03-20 11:28:20,21.0,
2018-03-20 11:28:20,23.0,
2018-03-20 11:28:20,22.0,
2018-03-20 11:28:20,23.0,
2018-03-20 11:28:20,22.0,
2018-03-20 11:28:20,115.0,
2018-03-20 11:28:20,193.0,
2018-03-20 11:28:20,236.0,
2018-03-20 11:28:20,242.0,
2018-03-20 11:28:20,247.0,
2018-03-20 11:28:20,247.0,
2018-03-20 11:28:20,254.0,
2018-03-20 11:28:20,260.0,
2018-03-20 11:28:20,269.0,
2018-03-20 11:28:20,271.0,
2018-03-20 11:28:21,278.0,
2018-03-20 11:28:21,276.0,
2018-03-20 11:28:21,273.0,
2018-03-20 11:28:21,270.0,
2018-03-20 11:28:21,263.0,
2018-03-20 11:28:21,264.0,
2018-03-20 11:28:21,264.0,
2018-03-20 11:28:21,265.0,
2018-03-20 11:28:21,263.0,
2018-03-20 11:28:21,264.0,
2018-03-20 11:28:21,266.0,
2018-03-20 11:28:21,265.0,
2018-03-20 11:28:21,268.0,
2018-03-20 11:28:21,265.0,
2018-03-20 11:28:21,262.0,
2018-03-20 11:28:21,261.0,
2018-03-20 11:28:21,264.0,
2018-03-20 11:28:21,268.0,
2018-03-20 11:28:21,271.0,
2018-03-20 11:28:21,276.0,
2018-03-20 11:28:21,278.0,
2018-03-20 11:28:21,278.0,
2018-03-20 11:28:21,279.0,
2018-03-20 11:28:22,280.0,
2018-03-20 11:28:22,280.0,
2018-03-20 11:28:22,280.0,
2018-03-20 11:28:23,285.0,
2018-03-20 11:28:23,286.0,
2018-03-20 11:28:23,286.0,
2018-03-20 11:28:23,286.0,
2018-03-20 11:28:23,286.0,
2018-03-20 11:28:23,286.0,
2018-03-20 11:28:23,287.0,
2018-03-20 11:28:23,288.0,
2018-03-20 11:28:23,287.0,
2018-03-20 11:28:23,288.0,
2018-03-20 11:28:23,287.0,
2018-03-20 11:28:23,287.0,
2018-03-20 11:28:23,289.0,
2018-03-20 11:28:23,289.0,
2018-03-20 11:28:23,289.0,
2018-03-20 11:28:23,290.0,
2018-03-20 11:28:23,289.0,
2018-03-20 11:28:23,289.0,
2018-03-20 11:28:23,289.0,
2018-03-20 11:28:24,289.0,
2018-03-20 11:28:24,289.0,
2018-03-20 11:28:24,289.0,
2018-03-20 11:28:24,291.0,
2018-03-20 11:28:24,292.0,
2018-03-20 11:28:24,291.0,
2018-03-20 11:28:24,292.0,
2018-03-20 11:28:24,292.0,
2018-03-20 11:28:24,292.0,
2018-03-20 11:28:24,291.0,
2018-03-20 11:28:24,292.0,
2018-03-20 11:28:24,293.0,
2018-03-20 11:28:24,293.0,
2018-03-20 11:28:24,293.0,
2018-03-20 11:28:24,294.0,
2018-03-20 11:28:24,295.0,
2018-03-20 11:28:24,294.0,
2018-03-20 11:28:24,295.0,
2018-03-20 11:28:24,295.0,
2018-03-20 11:28:24,295.0,
2018-03-20 11:28:24,295.0,
2018-03-20 11:28:24,295.0,
2018-03-20 11:28:24,296.0,
2018-03-20 11:28:24,295.0,
2018-03-20 11:28:24,295.0,
2018-03-20 11:28:25,295.0,
2018-03-20 11:28:25,295.0,
2018-03-20 11:28:25,295.0,
2018-03-20 11:28:25,296.0,
2018-03-20 11:28:25,295.0,
2018-03-20 11:28:25,295.0,
2018-03-20 11:28:25,295.0,
2018-03-20 11:28:25,296.0,
2018-03-20 11:28:25,296.0,
2018-03-20 11:28:25,294.0,
2018-03-20 11:28:25,296.0,
2018-03-20 11:28:25,295.0,
2018-03-20 11:28:25,297.0,
2018-03-20 11:28:25,295.0,
2018-03-20 11:28:25,297.0,
2018-03-20 11:28:25,295.0,
2018-03-20 11:28:25,297.0,
2018-03-20 11:28:25,297.0,
2018-03-20 11:28:25,297.0,
2018-03-20 11:28:25,297.0,
2018-03-20 11:28:26,297.0,
2018-03-20 11:28:26,297.0,
2018-03-20 11:28:26,297.0,
2018-03-20 11:28:26,298.0,
2018-03-20 11:28:26,299.0,
2018-03-20 11:28:26,300.0,
2018-03-20 11:28:26,300.0,
2018-03-20 11:28:26,301.0,
2018-03-20 11:28:26,301.0,
2018-03-20 11:28:26,301.0,
2018-03-20 11:28:26,300.0,
2018-03-20 11:28:26,300.0,
2018-03-20 11:28:26,300.0,
2018-03-20 11:28:26,301.0,
2018-03-20 11:28:26,300.0,
2018-03-20 11:28:26,301.0,
2018-03-20 11:28:26,302.0,
2018-03-20 11:28:26,302.0,
2018-03-20 11:28:26,302.0,
2018-03-20 11:28:26,302.0,
2018-03-20 11:28:26,303.0,
2018-03-20 11:28:27,302.0,
2018-03-20 11:28:27,303.0,
2018-03-20 11:28:27,303.0,
2018-03-20 11:28:27,303.0,
2018-03-20 11:28:27,302.0,
2018-03-20 11:28:27,301.0,
2018-03-20 11:28:27,302.0,
2018-03-20 11:28:27,302.0,
2018-03-20 11:28:27,302.0,
2018-03-20 11:28:27,302.0,
2018-03-20 11:28:27,302.0,
2018-03-20 11:28:27,302.0,
2018-03-20 11:28:27,301.0,
2018-03-20 11:28:27,303.0,
2018-03-20 11:28:27,303.0,
2018-03-20 11:28:27,302.0,
2018-03-20 11:28:27,301.0,
2018-03-20 11:28:27,304.0,
2018-03-20 11:28:27,304.0,
2018-03-20 11:28:27,303.0,
2018-03-20 11:28:27,304.0,
2018-03-20 11:28:27,304.0,
2018-03-20 11:28:27,304.0,
2018-03-20 11:28:27,303.0,
2018-03-20 11:28:27,304.0,
2018-03-20 11:28:33,304.0,
2018-03-20 11:28:33,29.0,
2018-03-20 11:28:33,30.0,
2018-03-20 11:28:33,29.0,
2018-03-20 11:28:33,29.0,
2018-03-20 11:28:33,29.0,
2018-03-20 11:28:33,26.0,
2018-03-20 11:28:33,27.0,
2018-03-20 11:28:33,27.0,
2018-03-20 11:28:33,27.0,
2018-03-20 11:28:33,27.0,
2018-03-20 11:28:33,27.0,
2018-03-20 11:28:33,27.0,
2018-03-20 11:28:34,27.0,
2018-03-20 11:28:34,25.0,
2018-03-20 11:28:34,25.0,
2018-03-20 11:28:34,25.0,
2018-03-20 11:28:34,25.0,
2018-03-20 11:28:34,25.0,
2018-03-20 11:28:34,24.0,
2018-03-20 11:28:34,26.0,
2018-03-20 11:28:34,26.0,
2018-03-20 11:28:34,25.0,
2018-03-20 11:28:34,25.0,
2018-03-20 11:28:34,25.0,
2018-03-20 11:28:34,25.0,
2018-03-20 11:28:34,25.0,
2018-03-20 11:28:34,25.0,
2018-03-20 11:28:34,25.0,
2018-03-20 11:28:34,25.0,
2018-03-20 11:28:34,24.0,
2018-03-20 11:28:34,25.0,
2018-03-20 11:28:34,24.0,
2018-03-20 11:28:34,24.0,
2018-03-20 11:28:34,24.0,
2018-03-20 11:28:34,25.0,
2018-03-20 11:28:34,24.0,
2018-03-20 11:28:35,22.0,
2018-03-20 11:28:35,22.0,
2018-03-20 11:28:35,23.0,
2018-03-20 11:28:35,21.0,
2018-03-20 11:28:35,22.0,
2018-03-20 11:28:35,22.0,
2018-03-20 11:28:35,22.0,
2018-03-20 11:28:35,22.0,
2018-03-20 11:28:35,22.0,
2018-03-20 11:28:35,23.0,
2018-03-20 11:28:35,22.0,
2018-03-20 11:28:35,23.0,
2018-03-20 11:28:35,23.0,
2018-03-20 11:28:35,23.0,
2018-03-20 11:28:35,22.0,
2018-03-20 11:28:35,22.0,
2018-03-20 11:28:35,23.0,
2018-03-20 11:28:35,23.0,
2018-03-20 11:28:35,23.0,
2018-03-20 11:28:35,22.0,
2018-03-20 11:28:35,23.0,
2018-03-20 11:28:37,210.0,
2018-03-20 11:28:37,211.0,
2018-03-20 11:28:37,214.0,
2018-03-20 11:28:37,209.0,
2018-03-20 11:28:37,209.0,
2018-03-20 11:28:37,215.0,
2018-03-20 11:28:37,215.0,
2018-03-20 11:28:37,216.0,
2018-03-20 11:28:37,215.0,
2018-03-20 11:28:37,215.0,
2018-03-20 11:28:37,215.0,
2018-03-20 11:28:37,215.0,
2018-03-20 11:28:37,213.0,
2018-03-20 11:28:37,214.0,
2018-03-20 11:28:37,213.0,
2018-03-20 11:28:37,211.0,
2018-03-20 11:28:37,212.0,
2018-03-20 11:28:37,213.0,
2018-03-20 11:28:37,213.0,
2018-03-20 11:28:37,213.0,
2018-03-20 11:28:37,212.0,
2018-03-20 11:28:37,211.0,
2018-03-20 11:28:37,211.0,
2018-03-20 11:28:37,211.0,
2018-03-20 11:28:38,207.0,
2018-03-20 11:28:38,209.0,
2018-03-20 11:28:38,211.0,
2018-03-20 11:28:38,211.0,
2018-03-20 11:28:38,212.0,
2018-03-20 11:28:38,209.0,
2018-03-20 11:28:38,205.0,
2018-03-20 11:28:38,205.0,
2018-03-20 11:28:38,205.0,
2018-03-20 11:28:38,206.0,
2018-03-20 11:28:38,206.0,
2018-03-20 11:28:38,206.0,
2018-03-20 11:28:38,205.0,
2018-03-20 11:28:38,206.0,
2018-03-20 11:28:38,205.0,
2018-03-20 11:28:38,206.0,
2018-03-20 11:28:38,207.0,
2018-03-20 11:28:38,207.0,
2018-03-20 11:28:38,208.0,
2018-03-20 11:28:38,207.0,
2018-03-20 11:28:38,207.0,
2018-03-20 11:28:38,208.0,
2018-03-20 11:28:39,208.0,
2018-03-20 11:28:39,209.0,
2018-03-20 11:28:39,208.0,
2018-03-20 11:28:39,208.0,
2018-03-20 11:28:39,208.0,
2018-03-20 11:28:39,208.0,
2018-03-20 11:28:39,209.0,
2018-03-20 11:28:39,209.0,
2018-03-20 11:28:39,208.0,
2018-03-20 11:28:39,208.0,
2018-03-20 11:28:39,208.0,
2018-03-20 11:28:39,208.0,
2018-03-20 11:28:39,208.0,
2018-03-20 11:28:39,208.0,
2018-03-20 11:28:39,209.0,
2018-03-20 11:28:39,209.0,
2018-03-20 11:28:39,209.0,
2018-03-20 11:28:39,209.0,
2018-03-20 11:28:39,209.0,
2018-03-20 11:28:39,209.0,
2018-03-20 11:28:39,210.0,
2018-03-20 11:28:39,210.0,
2018-03-20 11:28:39,209.0,
2018-03-20 11:28:39,209.0,
2018-03-20 11:28:40,210.0,
2018-03-20 11:28:40,210.0,
2018-03-20 11:28:40,211.0,
2018-03-20 11:28:40,211.0,
2018-03-20 11:28:40,211.0,
2018-03-20 11:28:40,211.0,
2018-03-20 11:28:40,211.0,
2018-03-20 11:28:40,211.0,
2018-03-20 11:28:40,211.0,
2018-03-20 11:28:40,211.0,
2018-03-20 11:28:40,212.0,
2018-03-20 11:28:40,213.0,
2018-03-20 11:28:40,214.0,
2018-03-20 11:28:40,213.0,
2018-03-20 11:28:40,213.0,
2018-03-20 11:28:40,213.0,
2018-03-20 11:28:40,211.0,
2018-03-20 11:28:40,213.0,
2018-03-20 11:28:40,213.0,
2018-03-20 11:28:40,214.0,
2018-03-20 11:28:40,213.0,
2018-03-20 11:28:41,213.0,
2018-03-20 11:28:41,214.0,
2018-03-20 11:28:41,214.0,
2018-03-20 11:28:41,214.0,
2018-03-20 11:28:41,214.0,
2018-03-20 11:28:41,248.0,
2018-03-20 11:28:41,214.0,
2018-03-20 11:28:41,215.0,
2018-03-20 11:28:41,215.0,
2018-03-20 11:28:41,215.0,
2018-03-20 11:28:41,215.0,
2018-03-20 11:28:41,214.0,
2018-03-20 11:28:41,214.0,
2018-03-20 11:28:41,213.0,
2018-03-20 11:28:41,215.0,
2018-03-20 11:28:41,214.0,
2018-03-20 11:28:41,216.0,
2018-03-20 11:28:41,215.0,
2018-03-20 11:28:41,215.0,
2018-03-20 11:28:41,215.0,
2018-03-20 11:28:41,216.0,
2018-03-20 11:28:41,215.0,
2018-03-20 11:28:41,215.0,
2018-03-20 11:28:41,215.0,
2018-03-20 11:28:41,216.0,
2018-03-20 11:28:41,216.0,
2018-03-20 11:28:41,217.0,
2018-03-20 11:28:41,215.0,
2018-03-20 11:28:41,217.0,
2018-03-20 11:28:41,216.0,
2018-03-20 11:28:41,222.0,
2018-03-20 11:28:41,218.0,
2018-03-20 11:28:41,216.0,
2018-03-20 11:28:41,218.0,
2018-03-20 11:28:41,217.0,
2018-03-20 11:28:41,217.0,
2018-03-20 11:28:41,218.0,
2018-03-20 11:28:42,217.0,
2018-03-20 11:28:42,218.0,
2018-03-20 11:28:42,218.0,
2018-03-20 11:28:42,217.0,
2018-03-20 11:28:42,217.0,
2018-03-20 11:28:42,217.0,
2018-03-20 11:28:42,216.0,
2018-03-20 11:28:42,217.0,
2018-03-20 11:28:42,215.0,
2018-03-20 11:28:42,216.0,
2018-03-20 11:28:42,215.0,
2018-03-20 11:28:51,29.0,
2018-03-20 11:28:51,29.0,
2018-03-20 11:28:51,29.0,
2018-03-20 11:28:51,26.0,
2018-03-20 11:28:51,25.0,
2018-03-20 11:28:51,26.0,
2018-03-20 11:28:51,164.0,
2018-03-20 11:28:51,228.0,
2018-03-20 11:28:51,245.0,
2018-03-20 11:28:51,246.0,
2018-03-20 11:28:51,253.0,
2018-03-20 11:28:51,268.0,
2018-03-20 11:28:51,279.0,
2018-03-20 11:28:51,300.0,
2018-03-20 11:28:51,312.0,
2018-03-20 11:28:51,315.0,
2018-03-20 11:28:53,312.0,
2018-03-20 11:28:53,312.0,
2018-03-20 11:28:53,311.0,
2018-03-20 11:28:53,312.0,
2018-03-20 11:28:53,312.0,
2018-03-20 11:28:53,312.0,
2018-03-20 11:28:53,314.0,
2018-03-20 11:28:53,314.0,
2018-03-20 11:28:53,314.0,
2018-03-20 11:28:53,315.0,
2018-03-20 11:28:53,315.0,
2018-03-20 11:28:53,313.0,
2018-03-20 11:28:53,314.0,
2018-03-20 11:28:54,311.0,
2018-03-20 11:28:54,311.0,
2018-03-20 11:29:09,274.0,
2018-03-20 11:29:09,275.0,
2018-03-20 11:29:09,275.0,
2018-03-20 11:29:09,275.0,
2018-03-20 11:29:09,275.0,
2018-03-20 11:29:10,274.0,
2018-03-20 11:29:10,275.0,
2018-03-20 11:29:10,274.0,
2018-03-20 11:29:10,275.0,
2018-03-20 11:29:10,276.0,
2018-03-20 11:29:10,275.0,
2018-03-20 11:29:10,275.0,
2018-03-20 11:29:10,276.0,
2018-03-20 11:29:10,275.0,
2018-03-20 11:29:10,276.0,
2018-03-20 11:29:10,276.0,
2018-03-20 11:29:10,276.0,
2018-03-20 11:29:10,276.0,
2018-03-20 11:29:10,275.0,
2018-03-20 11:29:10,275.0,
2018-03-20 11:29:10,276.0,
2018-03-20 11:29:10,276.0,
2018-03-20 11:29:10,276.0,
2018-03-20 11:29:10,275.0,
2018-03-20 11:29:10,276.0,
2018-03-20 11:29:10,275.0,
2018-03-20 11:29:10,276.0,
2018-03-20 11:29:10,275.0,
2018-03-20 11:29:10,275.0,
2018-03-20 11:29:11,275.0,
2018-03-20 11:29:11,275.0,
2018-03-20 11:29:11,276.0,
2018-03-20 11:29:11,275.0,
2018-03-20 11:29:11,275.0,
2018-03-20 11:29:11,275.0,
2018-03-20 11:29:11,276.0,
2018-03-20 11:29:11,275.0,
2018-03-20 11:29:11,276.0,
2018-03-20 11:29:11,276.0,
2018-03-20 11:29:11,276.0,
2018-03-20 11:29:11,276.0,
2018-03-20 11:29:11,277.0,
2018-03-20 11:29:11,277.0,
2018-03-20 11:29:11,277.0,
2018-03-20 11:29:11,277.0,
2018-03-20 11:29:11,282.0,
2018-03-20 11:29:11,283.0,
2018-03-20 11:29:11,284.0,
2018-03-20 11:29:11,288.0,
2018-03-20 11:29:11,288.0,
2018-03-20 11:29:11,289.0,
2018-03-20 11:29:11,290.0,
2018-03-20 11:29:12,290.0,
2018-03-20 11:29:12,291.0,
2018-03-20 11:29:12,292.0,
2018-03-20 11:29:12,292.0,
2018-03-20 11:29:12,291.0,
2018-03-20 11:29:12,292.0,
2018-03-20 11:29:12,292.0,
2018-03-20 11:29:12,292.0,
2018-03-20 11:29:12,292.0,
2018-03-20 11:29:12,292.0,
2018-03-20 11:29:12,292.0,
2018-03-20 11:29:12,293.0,
2018-03-20 11:29:12,291.0,
2018-03-20 11:29:12,290.0,
2018-03-20 11:29:12,285.0,
2018-03-20 11:29:12,281.0,
2018-03-20 11:29:12,281.0,
2018-03-20 11:29:12,281.0,
2018-03-20 11:29:12,279.0,
2018-03-20 11:29:12,279.0,
2018-03-20 11:29:12,277.0,
2018-03-20 11:29:12,278.0,
2018-03-20 11:29:12,278.0,
2018-03-20 11:29:12,276.0,
2018-03-20 11:29:13,276.0,
2018-03-20 11:29:13,276.0,
2018-03-20 11:29:13,276.0,
2018-03-20 11:29:13,276.0,
2018-03-20 11:29:13,276.0,
2018-03-20 11:29:13,278.0,
2018-03-20 11:29:13,281.0,
2018-03-20 11:29:13,284.0,
2018-03-20 11:29:13,284.0,
2018-03-20 11:29:13,284.0,
2018-03-20 11:29:13,283.0,
2018-03-20 11:29:13,285.0,
2018-03-20 11:29:13,285.0,
2018-03-20 11:29:13,286.0,
2018-03-20 11:29:13,287.0,
2018-03-20 11:29:13,290.0,
2018-03-20 11:29:13,290.0,
2018-03-20 11:29:13,291.0,
2018-03-20 11:29:13,292.0,
2018-03-20 11:29:13,292.0,
2018-03-20 11:29:13,295.0,
2018-03-20 11:29:13,297.0,
2018-03-20 11:29:13,299.0,
2018-03-20 11:29:13,300.0,
2018-03-20 11:29:14,302.0,
2018-03-20 11:29:14,302.0,
2018-03-20 11:29:14,303.0,
2018-03-20 11:29:14,306.0,
2018-03-20 11:29:14,308.0,
2018-03-20 11:29:14,310.0,
2018-03-20 11:29:14,312.0,
2018-03-20 11:29:14,313.0,
2018-03-20 11:29:14,318.0,
2018-03-20 11:29:14,322.0,
2018-03-20 11:29:14,327.0,
2018-03-20 11:29:14,337.0,
2018-03-20 11:29:14,338.0,
2018-03-20 11:29:14,338.0,
2018-03-20 11:29:14,335.0,
2018-03-20 11:29:14,336.0,
2018-03-20 11:29:14,336.0,
2018-03-20 11:29:14,338.0,
2018-03-20 11:29:14,338.0,
2018-03-20 11:29:14,339.0,
2018-03-20 11:29:14,340.0,
2018-03-20 11:29:14,342.0,
2018-03-20 11:29:14,347.0,
2018-03-20 11:29:14,346.0,
2018-03-20 11:29:14,346.0,
2018-03-20 11:29:15,346.0,
2018-03-20 11:29:15,342.0,
2018-03-20 11:29:15,344.0,
2018-03-20 11:29:15,345.0,
2018-03-20 11:29:15,344.0,
2018-03-20 11:29:15,344.0,
2018-03-20 11:29:15,341.0,
2018-03-20 11:29:15,342.0,
2018-03-20 11:29:15,342.0,
2018-03-20 11:29:15,343.0,
2018-03-20 11:29:15,341.0,
2018-03-20 11:29:15,343.0,
2018-03-20 11:29:15,344.0,
2018-03-20 11:29:15,345.0,
2018-03-20 11:29:15,348.0,
2018-03-20 11:29:15,349.0,
2018-03-20 11:29:15,349.0,
2018-03-20 11:29:15,349.0,
2018-03-20 11:29:15,349.0,
2018-03-20 11:29:15,348.0,
2018-03-20 11:29:15,350.0,
2018-03-20 11:29:15,349.0,
2018-03-20 11:29:15,350.0,
2018-03-20 11:29:15,352.0,
2018-03-20 11:29:16,354.0,
2018-03-20 11:29:16,352.0,
2018-03-20 11:29:16,351.0,
2018-03-20 11:29:16,350.0,
2018-03-20 11:29:16,349.0,
2018-03-20 11:29:16,349.0,
2018-03-20 11:29:16,348.0,
2018-03-20 11:29:16,347.0,
2018-03-20 11:29:16,347.0,
2018-03-20 11:29:16,350.0,
2018-03-20 11:29:16,352.0,
2018-03-20 11:29:16,353.0,
2018-03-20 11:29:16,352.0,
2018-03-20 11:29:16,355.0,
2018-03-20 11:29:16,355.0,
2018-03-20 11:29:16,354.0,
2018-03-20 11:29:16,353.0,
2018-03-20 11:29:16,353.0,
2018-03-20 11:29:16,354.0,
2018-03-20 11:29:16,354.0,
2018-03-20 11:29:16,355.0,
2018-03-20 11:29:16,354.0,
2018-03-20 11:29:17,355.0,
2018-03-20 11:29:17,355.0,
2018-03-20 11:29:17,354.0,
2018-03-20 11:29:17,354.0,
2018-03-20 11:29:17,354.0,
2018-03-20 11:29:17,354.0,
2018-03-20 11:29:17,355.0,
2018-03-20 11:29:17,355.0,
2018-03-20 11:29:17,355.0,
2018-03-20 11:29:17,355.0,
2018-03-20 11:29:17,355.0,
2018-03-20 11:29:17,355.0,
2018-03-20 11:29:17,355.0,
2018-03-20 11:29:17,355.0,
2018-03-20 11:29:17,355.0,
2018-03-20 11:29:17,355.0,
2018-03-20 11:29:17,355.0,
2018-03-20 11:29:17,355.0,
2018-03-20 11:29:17,355.0,
2018-03-20 11:29:17,355.0,
2018-03-20 11:29:17,356.0,
2018-03-20 11:29:17,355.0,
2018-03-20 11:29:17,355.0,
2018-03-20 11:29:17,355.0,
2018-03-20 11:29:18,355.0,
2018-03-20 11:29:18,355.0,
2018-03-20 11:29:18,355.0,
2018-03-20 11:29:18,355.0,
2018-03-20 11:29:18,356.0,
2018-03-20 11:29:18,355.0,
2018-03-20 11:29:18,355.0,
2018-03-20 11:29:18,355.0,
2018-03-20 11:29:18,356.0,
2018-03-20 11:29:18,355.0,
2018-03-20 11:29:18,355.0,
2018-03-20 11:29:18,355.0,
2018-03-20 11:29:18,355.0,
2018-03-20 11:29:18,355.0,
2018-03-20 11:29:18,355.0,
2018-03-20 11:29:18,355.0,
2018-03-20 11:29:18,355.0,
2018-03-20 11:29:18,355.0,
2018-03-20 11:29:18,355.0,
2018-03-20 11:29:18,355.0,
2018-03-20 11:29:18,355.0,
2018-03-20 11:29:18,355.0,
2018-03-20 11:29:18,356.0,
2018-03-20 11:29:18,355.0,
2018-03-20 11:29:18,355.0,
2018-03-20 11:29:19,355.0,
2018-03-20 11:29:19,356.0,
2018-03-20 11:29:19,355.0,
2018-03-20 11:29:19,356.0,
2018-03-20 11:29:19,356.0,
2018-03-20 11:29:19,356.0,
2018-03-20 11:29:19,356.0,
2018-03-20 11:29:19,356.0,
2018-03-20 11:29:19,355.0,
2018-03-20 11:29:19,356.0,
2018-03-20 11:29:19,356.0,
2018-03-20 11:29:19,356.0,
2018-03-20 11:29:19,356.0,
2018-03-20 11:29:19,356.0,
2018-03-20 11:29:19,355.0,
2018-03-20 11:29:19,356.0,
2018-03-20 11:29:19,356.0,
2018-03-20 11:29:19,356.0,
2018-03-20 11:29:19,356.0,
2018-03-20 11:29:19,356.0,
2018-03-20 11:29:19,356.0,
2018-03-20 11:29:19,355.0,
2018-03-20 11:29:19,356.0,
2018-03-20 11:29:20,356.0,
2018-03-20 11:29:20,356.0,
2018-03-20 11:29:20,356.0,
2018-03-20 11:29:20,356.0,
2018-03-20 11:29:20,355.0,
2018-03-20 11:29:20,355.0,
2018-03-20 11:29:20,356.0,
2018-03-20 11:29:20,356.0,
2018-03-20 11:29:20,356.0,
2018-03-20 11:29:20,356.0,
2018-03-20 11:29:20,356.0,
2018-03-20 11:29:20,356.0,
2018-03-20 11:29:20,356.0,
2018-03-20 11:29:20,356.0,
2018-03-20 11:29:20,356.0,
2018-03-20 11:29:20,355.0,
2018-03-20 11:29:20,355.0,
2018-03-20 11:29:20,355.0,
2018-03-20 11:29:20,355.0,
2018-03-20 11:29:20,355.0,
2018-03-20 11:29:20,355.0,
2018-03-20 11:29:20,356.0,
2018-03-20 11:29:20,355.0,
2018-03-20 11:29:20,356.0,
2018-03-20 11:29:20,356.0,
2018-03-20 11:29:21,356.0,
2018-03-20 11:29:21,355.0,
2018-03-20 11:29:21,356.0,
2018-03-20 11:29:21,355.0,
2018-03-20 11:29:21,355.0,
2018-03-20 11:29:21,355.0,
2018-03-20 11:29:21,355.0,
2018-03-20 11:29:21,355.0,
2018-03-20 11:29:21,355.0,
2018-03-20 11:29:21,355.0,
2018-03-20 11:29:21,355.0,
2018-03-20 11:29:21,355.0,
2018-03-20 11:29:21,355.0,
2018-03-20 11:29:21,356.0,
2018-03-20 11:29:21,355.0,
2018-03-20 11:29:21,355.0,
2018-03-20 11:29:21,356.0,
2018-03-20 11:29:21,355.0,
2018-03-20 11:29:21,355.0,
2018-03-20 11:29:21,355.0,
2018-03-20 11:29:21,355.0,
2018-03-20 11:29:21,356.0,
2018-03-20 11:29:21,355.0,
2018-03-20 11:29:21,355.0,
2018-03-20 11:29:21,355.0,
2018-03-20 11:29:22,356.0,
2018-03-20 11:29:22,355.0,
2018-03-20 11:29:22,355.0,
2018-03-20 11:29:22,356.0,
2018-03-20 11:29:22,355.0,
2018-03-20 11:29:22,355.0,
2018-03-20 11:29:22,356.0,
2018-03-20 11:29:22,355.0,
2018-03-20 11:29:22,355.0,
2018-03-20 11:29:22,356.0,
2018-03-20 11:29:22,356.0,
2018-03-20 11:29:22,355.0,
2018-03-20 11:29:22,356.0,
2018-03-20 11:29:22,356.0,
2018-03-20 11:29:22,355.0,
2018-03-20 11:29:22,355.0,
2018-03-20 11:29:22,355.0,
2018-03-20 11:29:22,356.0,
2018-03-20 11:29:22,356.0,
2018-03-20 11:29:22,356.0,
2018-03-20 11:29:22,356.0,
2018-03-20 11:29:22,355.0,
2018-03-20 11:29:22,355.0,
2018-03-20 11:29:23,356.0,
2018-03-20 11:29:23,355.0,
2018-03-20 11:29:23,356.0,
2018-03-20 11:29:23,355.0,
2018-03-20 11:29:23,356.0,
2018-03-20 11:29:23,355.0,
2018-03-20 11:29:23,356.0,
2018-03-20 11:29:23,356.0,
2018-03-20 11:29:23,356.0,
2018-03-20 11:29:23,356.0,
2018-03-20 11:29:23,355.0,
2018-03-20 11:29:23,355.0,
2018-03-20 11:29:23,356.0,
2018-03-20 11:29:23,356.0,
2018-03-20 11:29:23,354.0,
2018-03-20 11:29:23,356.0,
2018-03-20 11:29:23,356.0,
2018-03-20 11:29:23,355.0,
2018-03-20 11:29:23,356.0,
2018-03-20 11:29:23,356.0,
2018-03-20 11:29:23,356.0,
2018-03-20 11:29:23,356.0,
2018-03-20 11:29:23,356.0,
2018-03-20 11:29:23,356.0,
2018-03-20 11:29:23,356.0,
2018-03-20 11:29:24,356.0,
2018-03-20 11:29:24,356.0,
2018-03-20 11:29:24,356.0,
2018-03-20 11:29:24,356.0,
2018-03-20 11:29:24,356.0,
2018-03-20 11:29:24,356.0,
2018-03-20 11:29:24,356.0,
2018-03-20 11:29:24,355.0,
2018-03-20 11:29:24,356.0,
2018-03-20 11:29:24,356.0,
2018-03-20 11:29:24,356.0,
2018-03-20 11:29:24,356.0,
2018-03-20 11:29:24,356.0,
2018-03-20 11:29:24,356.0,
2018-03-20 11:29:24,356.0,
2018-03-20 11:29:24,356.0,
2018-03-20 11:29:24,356.0,
2018-03-20 11:29:24,356.0,
2018-03-20 11:29:24,355.0,
2018-03-20 11:29:24,356.0,
2018-03-20 11:29:24,356.0,
2018-03-20 11:29:24,357.0,
2018-03-20 11:29:24,356.0,
2018-03-20 11:29:24,357.0,
2018-03-20 11:29:25,357.0,
2018-03-20 11:29:25,357.0,
2018-03-20 11:29:25,359.0,
2018-03-20 11:29:25,358.0,
2018-03-20 11:29:25,359.0,
2018-03-20 11:29:25,359.0,
2018-03-20 11:29:25,359.0,
2018-03-20 11:29:25,359.0,
2018-03-20 11:29:25,359.0,
2018-03-20 11:29:25,358.0,
2018-03-20 11:29:25,359.0,
2018-03-20 11:29:25,359.0,
2018-03-20 11:29:25,358.0,
2018-03-20 11:29:25,358.0,
2018-03-20 11:29:25,358.0,
2018-03-20 11:29:25,358.0,
2018-03-20 11:29:25,358.0,
2018-03-20 11:29:25,358.0,
2018-03-20 11:29:25,358.0,
2018-03-20 11:29:25,358.0,
2018-03-20 11:29:25,358.0,
2018-03-20 11:29:25,358.0,
2018-03-20 11:29:26,359.0,
2018-03-20 11:29:26,358.0,
2018-03-20 11:29:26,358.0,
2018-03-20 11:29:26,358.0,
2018-03-20 11:29:26,358.0,
2018-03-20 11:29:26,358.0,
2018-03-20 11:29:26,358.0,
2018-03-20 11:29:26,358.0,
2018-03-20 11:29:26,359.0,
2018-03-20 11:29:26,358.0,
2018-03-20 11:29:26,358.0,
2018-03-20 11:29:26,358.0,
2018-03-20 11:29:26,358.0,
2018-03-20 11:29:26,358.0,
2018-03-20 11:29:26,358.0,
2018-03-20 11:29:26,358.0,
2018-03-20 11:29:26,358.0,
2018-03-20 11:29:26,358.0,
2018-03-20 11:29:26,358.0,
2018-03-20 11:29:26,358.0,
2018-03-20 11:29:27,358.0,
2018-03-20 11:29:27,358.0,
2018-03-20 11:29:27,358.0,
2018-03-20 11:29:27,357.0,
2018-03-20 11:29:27,358.0,
2018-03-20 11:29:27,357.0,
2018-03-20 11:29:27,357.0,
2018-03-20 11:29:27,358.0,
2018-03-20 11:29:27,358.0,
2018-03-20 11:29:27,358.0,
2018-03-20 11:29:27,358.0,
2018-03-20 11:29:27,358.0,
2018-03-20 11:29:27,357.0,
2018-03-20 11:29:27,358.0,
2018-03-20 11:29:27,358.0,
2018-03-20 11:29:27,358.0,
2018-03-20 11:29:27,358.0,
2018-03-20 11:29:27,358.0,
2018-03-20 11:29:27,358.0,
2018-03-20 11:29:27,358.0,
2018-03-20 11:29:27,358.0,
2018-03-20 11:29:28,358.0,
2018-03-20 11:29:28,358.0,
2018-03-20 11:29:29,358.0,
2018-03-20 11:29:29,358.0,
2018-03-20 11:29:29,358.0,
2018-03-20 11:29:29,358.0,
2018-03-20 11:29:30,358.0,
2018-03-20 11:29:30,358.0,
2018-03-20 11:29:30,358.0,
2018-03-20 11:29:30,358.0,
2018-03-20 11:29:30,358.0,
2018-03-20 11:29:30,358.0,
2018-03-20 11:29:30,358.0,
2018-03-20 11:29:30,358.0,
2018-03-20 11:29:30,358.0,
2018-03-20 11:29:30,358.0,
2018-03-20 11:29:30,358.0,
2018-03-20 11:29:30,357.0,
2018-03-20 11:29:30,357.0,
2018-03-20 11:29:30,357.0,
2018-03-20 11:29:30,357.0,
2018-03-20 11:29:30,358.0,
2018-03-20 11:29:30,358.0,
2018-03-20 11:29:30,357.0,
2018-03-20 11:29:31,358.0,
2018-03-20 11:29:31,357.0,
2018-03-20 11:29:31,357.0,
2018-03-20 11:29:31,357.0,
2018-03-20 11:29:31,357.0,
2018-03-20 11:29:31,357.0,
2018-03-20 11:29:31,357.0,
2018-03-20 11:29:31,357.0,
2018-03-20 11:29:31,357.0,
2018-03-20 11:29:31,357.0,
2018-03-20 11:29:31,358.0,
2018-03-20 11:29:31,357.0,
2018-03-20 11:29:31,358.0,
2018-03-20 11:29:31,357.0,
2018-03-20 11:29:31,357.0,
2018-03-20 11:29:31,357.0,
2018-03-20 11:29:31,358.0,
2018-03-20 11:29:32,357.0,
2018-03-20 11:29:32,358.0,
2018-03-20 11:29:32,357.0,
2018-03-20 11:29:32,358.0,
2018-03-20 11:29:32,358.0,
2018-03-20 11:29:32,358.0,
2018-03-20 11:29:32,357.0,
2018-03-20 11:29:32,357.0,
2018-03-20 11:29:32,357.0,
2018-03-20 11:29:32,357.0,
2018-03-20 11:29:32,357.0,
2018-03-20 11:29:32,357.0,
2018-03-20 11:29:32,357.0,
2018-03-20 11:29:32,357.0,
2018-03-20 11:29:33,357.0,
2018-03-20 11:29:33,358.0,
2018-03-20 11:29:33,357.0,
2018-03-20 11:29:33,358.0,
2018-03-20 11:29:33,358.0,
2018-03-20 11:29:33,359.0,
2018-03-20 11:29:33,359.0,
2018-03-20 11:29:33,360.0,
2018-03-20 11:29:33,360.0,
2018-03-20 11:29:33,359.0,
2018-03-20 11:29:33,359.0,
2018-03-20 11:29:33,360.0,
2018-03-20 11:29:33,359.0,
2018-03-20 11:29:33,359.0,
2018-03-20 11:29:33,359.0,
2018-03-20 11:29:33,358.0,
2018-03-20 11:29:33,359.0,
2018-03-20 11:29:33,359.0,
2018-03-20 11:29:33,360.0,
2018-03-20 11:29:33,360.0,
2018-03-20 11:29:33,360.0,
2018-03-20 11:29:33,360.0,
2018-03-20 11:29:33,360.0,
2018-03-20 11:29:33,360.0,
2018-03-20 11:29:33,360.0,
2018-03-20 11:29:34,360.0,
2018-03-20 11:29:34,360.0,
2018-03-20 11:29:34,360.0,
2018-03-20 11:29:34,360.0,
2018-03-20 11:29:34,360.0,
2018-03-20 11:29:34,360.0,
2018-03-20 11:29:34,360.0,
2018-03-20 11:29:34,360.0,
2018-03-20 11:29:34,360.0,
2018-03-20 11:29:34,360.0,
2018-03-20 11:29:34,360.0,
2018-03-20 11:29:34,359.0,
2018-03-20 11:29:35,355.0,
2018-03-20 11:29:35,355.0,
2018-03-20 11:29:35,355.0,
2018-03-20 11:29:35,356.0,
2018-03-20 11:29:35,356.0,
2018-03-20 11:29:35,355.0,
2018-03-20 11:29:35,355.0,
2018-03-20 11:29:35,355.0,
2018-03-20 11:29:35,355.0,
2018-03-20 11:29:35,355.0,
2018-03-20 11:29:35,355.0,
2018-03-20 11:29:35,355.0,
2018-03-20 11:29:36,355.0,
2018-03-20 11:29:36,356.0,
2018-03-20 11:29:36,355.0,
2018-03-20 11:29:36,355.0,
2018-03-20 11:29:36,355.0,
2018-03-20 11:29:36,355.0,
2018-03-20 11:29:36,355.0,
2018-03-20 11:29:36,355.0,
2018-03-20 11:29:36,355.0,
2018-03-20 11:29:36,355.0,
2018-03-20 11:29:36,355.0,
2018-03-20 11:29:36,355.0,
2018-03-20 11:29:36,355.0,
2018-03-20 11:29:36,355.0,
2018-03-20 11:29:36,355.0,
2018-03-20 11:29:36,355.0,
2018-03-20 11:29:36,355.0,
2018-03-20 11:29:36,356.0,
2018-03-20 11:29:36,356.0,
2018-03-20 11:29:36,356.0,
2018-03-20 11:29:36,356.0,
2018-03-20 11:29:36,356.0,
2018-03-20 11:29:36,356.0,
2018-03-20 11:29:36,356.0,
2018-03-20 11:29:37,356.0,
2018-03-20 11:29:37,356.0,
2018-03-20 11:29:37,356.0,
2018-03-20 11:29:37,356.0,
2018-03-20 11:29:37,356.0,
2018-03-20 11:29:37,356.0,
2018-03-20 11:29:37,356.0,
2018-03-20 11:29:37,356.0,
2018-03-20 11:29:37,356.0,
2018-03-20 11:29:37,355.0,
2018-03-20 11:29:37,356.0,
2018-03-20 11:29:37,355.0,
2018-03-20 11:29:37,356.0,
2018-03-20 11:29:37,356.0,
2018-03-20 11:29:37,355.0,
2018-03-20 11:29:37,356.0,
2018-03-20 11:29:37,356.0,
2018-03-20 11:29:37,356.0,
2018-03-20 11:29:37,356.0,
2018-03-20 11:29:37,355.0,
2018-03-20 11:29:37,356.0,
2018-03-20 11:29:37,356.0,
2018-03-20 11:29:37,358.0,
2018-03-20 11:29:38,357.0,
2018-03-20 11:29:38,358.0,
2018-03-20 11:29:38,358.0,
2018-03-20 11:29:38,358.0,
2018-03-20 11:29:38,358.0,
2018-03-20 11:29:38,358.0,
2018-03-20 11:29:38,358.0,
2018-03-20 11:29:38,356.0,
2018-03-20 11:29:38,358.0,
2018-03-20 11:29:38,358.0,
2018-03-20 11:29:38,358.0,
2018-03-20 11:29:38,358.0,
2018-03-20 11:29:38,358.0,
2018-03-20 11:29:38,358.0,
2018-03-20 11:29:38,358.0,
2018-03-20 11:29:38,358.0,
2018-03-20 11:29:38,358.0,
2018-03-20 11:29:38,358.0,
2018-03-20 11:29:38,358.0,
2018-03-20 11:29:38,358.0,
2018-03-20 11:29:38,358.0,
2018-03-20 11:29:38,358.0,
2018-03-20 11:29:38,358.0,
2018-03-20 11:29:38,358.0,
2018-03-20 11:29:38,358.0,
2018-03-20 11:29:39,358.0,
2018-03-20 11:29:39,358.0,
2018-03-20 11:29:39,359.0,
2018-03-20 11:29:39,361.0,
2018-03-20 11:29:39,360.0,
2018-03-20 11:29:39,360.0,
2018-03-20 11:29:39,360.0,
2018-03-20 11:29:39,360.0,
2018-03-20 11:29:39,361.0,
2018-03-20 11:29:39,362.0,
2018-03-20 11:29:39,363.0,
2018-03-20 11:29:39,364.0,
2018-03-20 11:29:39,365.0,
2018-03-20 11:29:39,365.0,
2018-03-20 11:29:39,366.0,
2018-03-20 11:29:39,365.0,
2018-03-20 11:29:39,366.0,
2018-03-20 11:29:39,364.0,
2018-03-20 11:29:39,364.0,
2018-03-20 11:29:39,364.0,
2018-03-20 11:29:39,365.0,
2018-03-20 11:29:39,364.0,
2018-03-20 11:29:39,364.0,
2018-03-20 11:29:39,364.0,
2018-03-20 11:29:39,364.0,
2018-03-20 11:29:39,364.0,
2018-03-20 11:29:40,364.0,
2018-03-20 11:29:40,364.0,
2018-03-20 11:29:40,364.0,
2018-03-20 11:29:40,364.0,
2018-03-20 11:29:40,364.0,
2018-03-20 11:29:40,364.0,
2018-03-20 11:29:40,362.0,
2018-03-20 11:29:40,362.0,
2018-03-20 11:29:40,363.0,
2018-03-20 11:29:40,362.0,
2018-03-20 11:29:40,362.0,
2018-03-20 11:29:40,361.0,
2018-03-20 11:29:40,363.0,
2018-03-20 11:29:40,364.0,
2018-03-20 11:29:40,363.0,
2018-03-20 11:29:40,363.0,
2018-03-20 11:29:40,363.0,
2018-03-20 11:29:40,363.0,
2018-03-20 11:29:40,363.0,
2018-03-20 11:29:40,361.0,
2018-03-20 11:29:40,361.0,
2018-03-20 11:29:40,359.0,
2018-03-20 11:29:40,359.0,
2018-03-20 11:29:40,359.0,
2018-03-20 11:29:40,358.0,
2018-03-20 11:29:40,358.0,
2018-03-20 11:29:40,358.0,
2018-03-20 11:29:40,358.0,
2018-03-20 11:29:40,358.0,
2018-03-20 11:29:40,357.0,
2018-03-20 11:29:40,357.0,
2018-03-20 11:29:40,357.0,
2018-03-20 11:29:40,357.0,
2018-03-20 11:29:41,356.0,
2018-03-20 11:29:41,357.0,
2018-03-20 11:29:41,357.0,
2018-03-20 11:29:41,357.0,
2018-03-20 11:29:41,356.0,
2018-03-20 11:29:41,357.0,
2018-03-20 11:29:41,357.0,
2018-03-20 11:29:41,357.0,
2018-03-20 11:29:41,357.0,
2018-03-20 11:29:41,357.0,
2018-03-20 11:29:41,357.0,
2018-03-20 11:29:41,357.0,
2018-03-20 11:29:41,357.0,
2018-03-20 11:29:41,357.0,
2018-03-20 11:29:41,355.0,
2018-03-20 11:29:41,355.0,
2018-03-20 11:29:41,356.0,
2018-03-20 11:29:41,356.0,
2018-03-20 11:29:41,356.0,
2018-03-20 11:29:41,356.0,
2018-03-20 11:29:41,357.0,
2018-03-20 11:29:41,356.0,
2018-03-20 11:29:41,357.0,
2018-03-20 11:29:41,357.0,
2018-03-20 11:29:42,357.0,
2018-03-20 11:29:42,357.0,
2018-03-20 11:29:42,357.0,
2018-03-20 11:29:42,357.0,
2018-03-20 11:29:42,357.0,
2018-03-20 11:29:42,357.0,
2018-03-20 11:29:42,357.0,
2018-03-20 11:29:42,357.0,
2018-03-20 11:29:42,357.0,
2018-03-20 11:29:42,357.0,
2018-03-20 11:29:42,357.0,
2018-03-20 11:29:42,357.0,
2018-03-20 11:29:42,357.0,
2018-03-20 11:29:42,357.0,
2018-03-20 11:29:42,357.0,
2018-03-20 11:29:42,357.0,
2018-03-20 11:29:42,357.0,
2018-03-20 11:29:42,357.0,
2018-03-20 11:29:42,357.0,
2018-03-20 11:29:42,357.0,
2018-03-20 11:29:42,357.0,
2018-03-20 11:29:42,357.0,
2018-03-20 11:29:42,357.0,
2018-03-20 11:29:42,357.0,
2018-03-20 11:29:43,357.0,
2018-03-20 11:29:43,357.0,
2018-03-20 11:29:43,357.0,
2018-03-20 11:29:43,357.0,
2018-03-20 11:29:43,357.0,
2018-03-20 11:29:43,357.0,
2018-03-20 11:29:43,357.0,
2018-03-20 11:29:43,357.0,
2018-03-20 11:29:43,357.0,
2018-03-20 11:29:43,357.0,
2018-03-20 11:29:43,357.0,
2018-03-20 11:29:43,357.0,
2018-03-20 11:29:43,357.0,
2018-03-20 11:29:43,357.0,
2018-03-20 11:29:43,357.0,
2018-03-20 11:29:43,357.0,
2018-03-20 11:29:43,357.0,
2018-03-20 11:29:43,357.0,
2018-03-20 11:29:43,357.0,
2018-03-20 11:29:43,357.0,
2018-03-20 11:29:43,357.0,
2018-03-20 11:29:43,357.0,
2018-03-20 11:29:44,356.0,
2018-03-20 11:29:44,357.0,
2018-03-20 11:29:44,357.0,
2018-03-20 11:29:44,357.0,
2018-03-20 11:29:44,358.0,
2018-03-20 11:29:44,357.0,
2018-03-20 11:29:44,357.0,
2018-03-20 11:29:44,357.0,
2018-03-20 11:29:44,357.0,
2018-03-20 11:29:44,357.0,
2018-03-20 11:29:44,358.0,
2018-03-20 11:29:44,357.0,
2018-03-20 11:29:44,357.0,
2018-03-20 11:29:44,357.0,
2018-03-20 11:29:44,357.0,
2018-03-20 11:29:44,358.0,
2018-03-20 11:29:44,358.0,
2018-03-20 11:29:44,357.0,
2018-03-20 11:29:44,358.0,
2018-03-20 11:29:44,358.0,
2018-03-20 11:29:44,358.0,
2018-03-20 11:29:44,358.0,
2018-03-20 11:29:44,357.0,
2018-03-20 11:29:45,357.0,
2018-03-20 11:29:45,356.0,
2018-03-20 11:29:45,357.0,
2018-03-20 11:29:45,357.0,
2018-03-20 11:29:45,357.0,
2018-03-20 11:29:45,357.0,
2018-03-20 11:29:45,358.0,
2018-03-20 11:29:45,358.0,
2018-03-20 11:29:45,357.0,
2018-03-20 11:29:45,357.0,
2018-03-20 11:29:45,357.0,
2018-03-20 11:29:45,358.0,
2018-03-20 11:29:45,357.0,
2018-03-20 11:29:45,357.0,
2018-03-20 11:29:45,358.0,
2018-03-20 11:29:45,357.0,
2018-03-20 11:29:45,357.0,
2018-03-20 11:29:45,357.0,
2018-03-20 11:29:45,357.0,
2018-03-20 11:29:45,357.0,
2018-03-20 11:29:45,357.0,
2018-03-20 11:29:45,357.0,
2018-03-20 11:29:45,358.0,
2018-03-20 11:29:45,358.0,
2018-03-20 11:29:46,358.0,
2018-03-20 11:29:46,357.0,
2018-03-20 11:29:46,358.0,
2018-03-20 11:29:46,357.0,
2018-03-20 11:29:46,358.0,
2018-03-20 11:29:46,357.0,
2018-03-20 11:29:46,357.0,
2018-03-20 11:29:46,357.0,
2018-03-20 11:29:46,358.0,
2018-03-20 11:29:46,357.0,
2018-03-20 11:29:46,357.0,
2018-03-20 11:29:46,357.0,
2018-03-20 11:29:46,357.0,
2018-03-20 11:29:46,357.0,
2018-03-20 11:29:46,357.0,
2018-03-20 11:29:46,357.0,
2018-03-20 11:29:46,357.0,
2018-03-20 11:29:46,357.0,
2018-03-20 11:29:46,357.0,
2018-03-20 11:29:46,358.0,
2018-03-20 11:29:46,357.0,
2018-03-20 11:29:46,357.0,
2018-03-20 11:29:46,357.0,
2018-03-20 11:29:46,357.0,
2018-03-20 11:29:46,357.0,
2018-03-20 11:29:47,357.0,
2018-03-20 11:29:47,358.0,
2018-03-20 11:29:47,357.0,
2018-03-20 11:29:47,357.0,
2018-03-20 11:29:47,357.0,
2018-03-20 11:29:47,358.0,
2018-03-20 11:29:47,357.0,
2018-03-20 11:29:47,358.0,
2018-03-20 11:29:47,356.0,
2018-03-20 11:29:47,357.0,
2018-03-20 11:29:47,357.0,
2018-03-20 11:29:47,357.0,
2018-03-20 11:29:47,357.0,
2018-03-20 11:29:47,357.0,
2018-03-20 11:29:47,357.0,
2018-03-20 11:29:47,357.0,
2018-03-20 11:29:47,357.0,
2018-03-20 11:29:47,357.0,
2018-03-20 11:29:47,357.0,
2018-03-20 11:29:47,357.0,
2018-03-20 11:29:47,357.0,
2018-03-20 11:29:47,357.0,
2018-03-20 11:29:47,357.0,
2018-03-20 11:29:47,357.0,
2018-03-20 11:29:47,353.0,
2018-03-20 11:29:47,360.0,
2018-03-20 11:29:48,357.0,
2018-03-20 11:29:48,356.0,
2018-03-20 11:29:48,357.0,
2018-03-20 11:29:48,357.0,
2018-03-20 11:29:48,357.0,
2018-03-20 11:29:48,357.0,
2018-03-20 11:29:48,353.0,
2018-03-20 11:29:48,357.0,
2018-03-20 11:29:48,357.0,
2018-03-20 11:29:48,356.0,
2018-03-20 11:29:48,357.0,
2018-03-20 11:29:48,357.0,
2018-03-20 11:29:48,357.0,
2018-03-20 11:29:48,357.0,
2018-03-20 11:29:48,357.0,
2018-03-20 11:29:48,358.0,
2018-03-20 11:29:48,357.0,
2018-03-20 11:29:48,357.0,
2018-03-20 11:29:48,361.0,
2018-03-20 11:29:48,357.0,
2018-03-20 11:29:48,357.0,
2018-03-20 11:29:48,357.0,
2018-03-20 11:29:48,357.0,
2018-03-20 11:29:48,357.0,
2018-03-20 11:29:48,358.0,
2018-03-20 11:29:48,357.0,
2018-03-20 11:29:48,357.0,
2018-03-20 11:29:48,358.0,
2018-03-20 11:29:48,357.0,
2018-03-20 11:29:48,358.0,
2018-03-20 11:29:48,357.0,
2018-03-20 11:29:48,357.0,
2018-03-20 11:29:48,357.0,
2018-03-20 11:29:48,357.0,
2018-03-20 11:29:48,357.0,
2018-03-20 11:29:48,357.0,
2018-03-20 11:29:49,357.0,
2018-03-20 11:29:49,356.0,
2018-03-20 11:29:49,357.0,
2018-03-20 11:29:49,358.0,
2018-03-20 11:29:49,358.0,
2018-03-20 11:29:49,356.0,
2018-03-20 11:29:49,357.0,
2018-03-20 11:29:49,358.0,
2018-03-20 11:29:49,358.0,
2018-03-20 11:29:49,358.0,
2018-03-20 11:29:49,357.0,
2018-03-20 11:29:49,358.0,
2018-03-20 11:29:49,357.0,
2018-03-20 11:29:49,357.0,
2018-03-20 11:29:49,358.0,
2018-03-20 11:29:49,357.0,
2018-03-20 11:29:49,358.0,
2018-03-20 11:29:49,358.0,
2018-03-20 11:29:49,357.0,
2018-03-20 11:29:49,358.0,
2018-03-20 11:29:49,357.0,
2018-03-20 11:29:49,358.0,
2018-03-20 11:29:49,357.0,
2018-03-20 11:29:49,357.0,
2018-03-20 11:29:49,357.0,
2018-03-20 11:29:50,358.0,
2018-03-20 11:29:50,357.0,
2018-03-20 11:29:50,357.0,
2018-03-20 11:29:50,357.0,
2018-03-20 11:29:50,357.0,
2018-03-20 11:29:50,357.0,
2018-03-20 11:29:50,357.0,
2018-03-20 11:29:50,357.0,
2018-03-20 11:29:50,357.0,
2018-03-20 11:29:50,358.0,
2018-03-20 11:29:50,357.0,
2018-03-20 11:29:50,357.0,
2018-03-20 11:29:50,357.0,
2018-03-20 11:29:50,357.0,
2018-03-20 11:29:50,357.0,
2018-03-20 11:29:50,357.0,
2018-03-20 11:29:50,357.0,
2018-03-20 11:29:50,357.0,
2018-03-20 11:29:50,357.0,
2018-03-20 11:29:50,357.0,
2018-03-20 11:29:50,358.0,
2018-03-20 11:29:50,357.0,
2018-03-20 11:29:50,358.0,
2018-03-20 11:29:50,357.0,
2018-03-20 11:29:51,357.0,
2018-03-20 11:29:51,358.0,
2018-03-20 11:29:51,357.0,
2018-03-20 11:29:51,357.0,
2018-03-20 11:29:51,357.0,
2018-03-20 11:29:51,357.0,
2018-03-20 11:29:51,357.0,
2018-03-20 11:29:51,358.0,
2018-03-20 11:29:51,357.0,
2018-03-20 11:29:51,358.0,
2018-03-20 11:29:51,357.0,
2018-03-20 11:29:51,358.0,
2018-03-20 11:29:51,357.0,
2018-03-20 11:29:51,358.0,
2018-03-20 11:29:51,357.0,
2018-03-20 11:29:51,357.0,
2018-03-20 11:29:51,358.0,
2018-03-20 11:29:51,357.0,
2018-03-20 11:29:51,357.0,
2018-03-20 11:29:51,357.0,
2018-03-20 11:29:51,358.0,
2018-03-20 11:29:51,358.0,
2018-03-20 11:29:52,357.0,
2018-03-20 11:29:52,358.0,
2018-03-20 11:29:52,357.0,
2018-03-20 11:29:52,357.0,
2018-03-20 11:29:52,357.0,
2018-03-20 11:29:52,357.0,
2018-03-20 11:29:52,357.0,
2018-03-20 11:29:52,357.0,
2018-03-20 11:29:52,358.0,
2018-03-20 11:29:52,357.0,
2018-03-20 11:29:52,358.0,
2018-03-20 11:29:52,357.0,
2018-03-20 11:29:52,358.0,
2018-03-20 11:29:52,357.0,
2018-03-20 11:29:52,358.0,
2018-03-20 11:29:52,357.0,
2018-03-20 11:29:52,358.0,
2018-03-20 11:29:52,357.0,
2018-03-20 11:29:52,358.0,
2018-03-20 11:29:52,358.0,
2018-03-20 11:29:52,358.0,
2018-03-20 11:29:52,358.0,
2018-03-20 11:29:52,358.0,
2018-03-20 11:29:52,358.0,
2018-03-20 11:29:53,358.0,
2018-03-20 11:29:53,358.0,
2018-03-20 11:29:53,357.0,
2018-03-20 11:29:53,357.0,
2018-03-20 11:29:53,359.0,
2018-03-20 11:29:53,359.0,
2018-03-20 11:29:53,359.0,
2018-03-20 11:29:53,359.0,
2018-03-20 11:29:53,359.0,
2018-03-20 11:29:53,359.0,
2018-03-20 11:29:53,359.0,
2018-03-20 11:29:53,359.0,
2018-03-20 11:29:53,359.0,
2018-03-20 11:29:53,359.0,
2018-03-20 11:29:53,359.0,
2018-03-20 11:29:53,359.0,
2018-03-20 11:29:53,359.0,
2018-03-20 11:29:53,359.0,
2018-03-20 11:29:53,359.0,
2018-03-20 11:29:53,359.0,
2018-03-20 11:29:53,359.0,
2018-03-20 11:29:53,359.0,
2018-03-20 11:29:53,359.0,
2018-03-20 11:29:53,358.0,
2018-03-20 11:29:54,359.0,
2018-03-20 11:29:54,359.0,
2018-03-20 11:29:54,358.0,
2018-03-20 11:29:54,358.0,
2018-03-20 11:29:54,359.0,
2018-03-20 11:29:54,359.0,
2018-03-20 11:29:54,359.0,
2018-03-20 11:29:54,358.0,
2018-03-20 11:29:54,358.0,
2018-03-20 11:29:54,359.0,
2018-03-20 11:29:54,359.0,
2018-03-20 11:29:54,358.0,
2018-03-20 11:29:54,359.0,
2018-03-20 11:29:55,358.0,
2018-03-20 11:29:55,358.0,
2018-03-20 11:29:55,359.0,
2018-03-20 11:29:55,359.0,
2018-03-20 11:29:55,359.0,
2018-03-20 11:29:55,358.0,
2018-03-20 11:29:55,359.0,
2018-03-20 11:29:55,358.0,
2018-03-20 11:29:55,359.0,
2018-03-20 11:29:55,359.0,
2018-03-20 11:29:55,359.0,
2018-03-20 11:29:56,359.0,
2018-03-20 11:29:56,359.0,
2018-03-20 11:29:56,359.0,
2018-03-20 11:29:56,359.0,
2018-03-20 11:29:56,359.0,
2018-03-20 11:29:56,359.0,
2018-03-20 11:29:56,358.0,
2018-03-20 11:29:56,359.0,
2018-03-20 11:29:56,359.0,
2018-03-20 11:29:56,359.0,
2018-03-20 11:29:56,359.0,
2018-03-20 11:29:56,358.0,
2018-03-20 11:29:56,359.0,
2018-03-20 11:29:56,359.0,
2018-03-20 11:29:56,359.0,
2018-03-20 11:29:56,359.0,
2018-03-20 11:29:56,359.0,
2018-03-20 11:30:26,359.0,
2018-03-20 11:30:26,322.0,
2018-03-20 11:30:27,325.0,
2018-03-20 11:30:27,329.0,
2018-03-20 11:30:27,335.0,
2018-03-20 11:30:27,339.0,
2018-03-20 11:30:27,342.0,
2018-03-20 11:30:27,343.0,
2018-03-20 11:30:27,339.0,
2018-03-20 11:30:27,334.0,
2018-03-20 11:30:27,332.0,
2018-03-20 11:30:27,321.0,
2018-03-20 11:30:27,320.0,
2018-03-20 11:30:27,310.0,
2018-03-20 11:30:27,308.0,
2018-03-20 11:30:27,298.0,
2018-03-20 11:30:27,276.0,
2018-03-20 11:30:27,251.0,
2018-03-20 11:30:27,227.0,
2018-03-20 11:30:27,190.0,
2018-03-20 11:30:27,104.0,
2018-03-20 11:30:27,91.0,
2018-03-20 11:30:27,83.0,
2018-03-20 11:30:28,80.0,
2018-03-20 11:30:28,75.0,
2018-03-20 11:30:28,78.0,
2018-03-20 11:30:28,83.0,
2018-03-20 11:30:28,76.0,
2018-03-20 11:30:28,71.0,
2018-03-20 11:30:28,72.0,
2018-03-20 11:30:28,66.0,
2018-03-20 11:30:28,63.0,
2018-03-20 11:30:28,62.0,
2018-03-20 11:30:28,55.0,
2018-03-20 11:30:28,58.0,
2018-03-20 11:30:28,55.0,
2018-03-20 11:30:29,52.0,
2018-03-20 11:30:29,52.0,
2018-03-20 11:30:29,51.0,
2018-03-20 11:30:33,46.0,
2018-03-20 11:30:33,320.0,
2018-03-20 11:30:33,318.0,
2018-03-20 11:30:33,311.0,
2018-03-20 11:30:33,303.0,
2018-03-20 11:30:33,296.0,
2018-03-20 11:30:33,285.0,
2018-03-20 11:30:33,244.0,
2018-03-20 11:30:34,149.0,
2018-03-20 11:30:34,68.0,
2018-03-20 11:30:34,67.0,
2018-03-20 11:30:34,66.0,
2018-03-20 11:30:34,71.0,
2018-03-20 11:30:35,44.0,
2018-03-20 11:30:35,44.0,
2018-03-20 11:30:35,44.0,
2018-03-20 11:30:35,44.0,
2018-03-20 11:30:35,44.0,
2018-03-20 11:30:35,44.0,
2018-03-20 11:30:35,41.0,
2018-03-20 11:30:35,40.0,
2018-03-20 11:30:35,40.0,
2018-03-20 11:30:35,40.0,
2018-03-20 11:30:35,37.0,
2018-03-20 11:30:35,36.0,
2018-03-20 11:30:35,37.0,
2018-03-20 11:30:35,38.0,
2018-03-20 11:30:35,35.0,
2018-03-20 11:30:35,37.0,
2018-03-20 11:30:35,38.0,
2018-03-20 11:30:35,33.0,
2018-03-20 11:30:35,35.0,
2018-03-20 11:30:36,32.0,
2018-03-20 11:30:36,32.0,
2018-03-20 11:30:36,32.0,
2018-03-20 11:30:36,31.0,
2018-03-20 11:30:36,31.0,
2018-03-20 11:30:36,31.0,
2018-03-20 11:30:36,31.0,
2018-03-20 11:30:38,31.0,
2018-03-20 11:30:38,26.0,
2018-03-20 11:30:38,26.0,
2018-03-20 11:30:38,26.0,
2018-03-20 11:30:38,27.0,
2018-03-20 11:30:38,26.0,
2018-03-20 11:30:38,25.0,
2018-03-20 11:30:38,25.0,
2018-03-20 11:30:38,23.0,
2018-03-20 11:30:38,25.0,
2018-03-20 11:30:38,25.0,
2018-03-20 11:30:38,25.0,
2018-03-20 11:30:38,25.0,
2018-03-20 11:30:38,25.0,
2018-03-20 11:30:38,24.0,
2018-03-20 11:30:38,22.0,
2018-03-20 11:30:39,23.0,
2018-03-20 11:30:39,26.0,
2018-03-20 11:30:39,98.0,
2018-03-20 11:30:39,140.0,
2018-03-20 11:30:39,170.0,
2018-03-20 11:30:39,205.0,
2018-03-20 11:30:39,217.0,
2018-03-20 11:30:39,230.0,
2018-03-20 11:30:39,240.0,
2018-03-20 11:30:39,240.0,
2018-03-20 11:30:39,239.0,
2018-03-20 11:30:39,235.0,
2018-03-20 11:30:39,229.0,
2018-03-20 11:30:39,224.0,
2018-03-20 11:30:39,225.0,
2018-03-20 11:30:39,228.0,
2018-03-20 11:30:39,226.0,
2018-03-20 11:30:39,224.0,
2018-03-20 11:30:39,223.0,
2018-03-20 11:30:39,227.0,
2018-03-20 11:30:39,231.0,
2018-03-20 11:30:39,234.0,
2018-03-20 11:30:39,236.0,
2018-03-20 11:30:39,236.0,
2018-03-20 11:30:40,236.0,
2018-03-20 11:30:40,237.0,
2018-03-20 11:30:40,236.0,
2018-03-20 11:30:40,236.0,
2018-03-20 11:30:40,237.0,
2018-03-20 11:30:40,237.0,
2018-03-20 11:30:40,237.0,
2018-03-20 11:30:40,237.0,
2018-03-20 11:30:40,239.0,
2018-03-20 11:30:40,242.0,
2018-03-20 11:30:40,241.0,
2018-03-20 11:30:40,242.0,
2018-03-20 11:30:40,243.0,
2018-03-20 11:30:40,243.0,
2018-03-20 11:30:40,243.0,
2018-03-20 11:30:40,244.0,
2018-03-20 11:30:40,244.0,
2018-03-20 11:30:40,244.0,
2018-03-20 11:30:40,241.0,
2018-03-20 11:30:40,243.0,
2018-03-20 11:30:40,244.0,
2018-03-20 11:30:40,243.0,
2018-03-20 11:30:40,251.0,
2018-03-20 11:30:40,253.0,
2018-03-20 11:30:41,258.0,
2018-03-20 11:30:41,260.0,
2018-03-20 11:30:41,264.0,
2018-03-20 11:30:41,266.0,
2018-03-20 11:30:41,270.0,
2018-03-20 11:30:41,273.0,
2018-03-20 11:30:41,275.0,
2018-03-20 11:30:41,276.0,
2018-03-20 11:30:41,274.0,
2018-03-20 11:30:41,264.0,
2018-03-20 11:30:41,257.0,
2018-03-20 11:30:41,237.0,
2018-03-20 11:30:41,174.0,
2018-03-20 11:30:41,63.0,
2018-03-20 11:30:41,35.0,
2018-03-20 11:30:41,38.0,
2018-03-20 11:30:41,40.0,
2018-03-20 11:30:41,43.0,
2018-03-20 11:30:41,44.0,
2018-03-20 11:30:41,43.0,
2018-03-20 11:30:41,44.0,
2018-03-20 11:30:41,44.0,
2018-03-20 11:30:41,39.0,
2018-03-20 11:30:41,37.0,
2018-03-20 11:30:41,36.0,
2018-03-20 11:30:42,36.0,
2018-03-20 11:30:42,35.0,
2018-03-20 11:30:42,36.0,
2018-03-20 11:30:42,38.0,
2018-03-20 11:30:42,37.0,
2018-03-20 11:30:42,38.0,
2018-03-20 11:30:42,35.0,
2018-03-20 11:30:42,37.0,
2018-03-20 11:30:42,34.0,
2018-03-20 11:30:42,34.0,
2018-03-20 11:30:42,34.0,
2018-03-20 11:30:42,34.0,
2018-03-20 11:30:42,34.0,
2018-03-20 11:30:42,33.0,
2018-03-20 11:30:42,33.0,
2018-03-20 11:30:42,34.0,
2018-03-20 11:30:42,33.0,
2018-03-20 11:30:42,33.0,
2018-03-20 11:30:42,31.0,
2018-03-20 11:30:42,32.0,
2018-03-20 11:30:42,32.0,
2018-03-20 11:30:42,31.0,
2018-03-20 11:30:42,32.0,
2018-03-20 11:30:42,31.0,
2018-03-20 11:30:42,31.0,
2018-03-20 11:30:43,31.0,
2018-03-20 11:30:43,30.0,
2018-03-20 11:30:43,30.0,
2018-03-20 11:30:43,27.0,
2018-03-20 11:30:43,28.0,
2018-03-20 11:30:43,30.0,
2018-03-20 11:30:43,30.0,
2018-03-20 11:30:43,29.0,
2018-03-20 11:30:43,30.0,
2018-03-20 11:30:43,30.0,
2018-03-20 11:30:43,30.0,
2018-03-20 11:30:43,30.0,
2018-03-20 11:30:43,28.0,
2018-03-20 11:30:43,29.0,
2018-03-20 11:30:43,28.0,
2018-03-20 11:30:43,28.0,
2018-03-20 11:30:43,28.0,
2018-03-20 11:30:43,28.0,
2018-03-20 11:30:43,29.0,
2018-03-20 11:30:43,29.0,
2018-03-20 11:30:43,29.0,
2018-03-20 11:30:43,29.0,
2018-03-20 11:30:43,29.0,
2018-03-20 11:30:44,29.0,
2018-03-20 11:30:44,29.0,
2018-03-20 11:30:44,30.0,
2018-03-20 11:30:44,29.0,
2018-03-20 11:30:44,28.0,
2018-03-20 11:30:44,29.0,
2018-03-20 11:30:44,29.0,
2018-03-20 11:30:44,29.0,
2018-03-20 11:30:44,28.0,
2018-03-20 11:30:44,28.0,
2018-03-20 11:30:44,29.0,
2018-03-20 11:30:44,29.0,
2018-03-20 11:30:44,29.0,
2018-03-20 11:30:44,26.0,
2018-03-20 11:30:44,26.0,
2018-03-20 11:30:44,26.0,
2018-03-20 11:30:44,22.0,
2018-03-20 11:30:44,102.0,
2018-03-20 11:30:44,146.0,
2018-03-20 11:30:44,171.0,
2018-03-20 11:30:45,219.0,
2018-03-20 11:30:45,220.0,
2018-03-20 11:30:45,220.0,
2018-03-20 11:30:45,220.0,
2018-03-20 11:30:45,218.0,
2018-03-20 11:30:45,219.0,
2018-03-20 11:30:46,217.0,
2018-03-20 11:30:46,219.0,
2018-03-20 11:30:46,218.0,
2018-03-20 11:30:46,217.0,
2018-03-20 11:30:46,216.0,
2018-03-20 11:30:46,216.0,
2018-03-20 11:30:46,217.0,
2018-03-20 11:30:46,217.0,
2018-03-20 11:30:46,218.0,
2018-03-20 11:30:46,218.0,
2018-03-20 11:30:46,218.0,
2018-03-20 11:30:46,220.0,
2018-03-20 11:30:46,218.0,
2018-03-20 11:30:46,218.0,
2018-03-20 11:30:46,217.0,
2018-03-20 11:30:46,218.0,
2018-03-20 11:30:46,217.0,
2018-03-20 11:30:46,217.0,
2018-03-20 11:30:46,218.0,
2018-03-20 11:30:46,218.0,
2018-03-20 11:30:46,219.0,
2018-03-20 11:30:46,218.0,
2018-03-20 11:30:46,219.0,
2018-03-20 11:30:47,220.0,
2018-03-20 11:30:47,218.0,
2018-03-20 11:30:47,218.0,
2018-03-20 11:30:47,219.0,
2018-03-20 11:30:47,219.0,
2018-03-20 11:30:47,218.0,
2018-03-20 11:30:47,219.0,
2018-03-20 11:30:47,219.0,
2018-03-20 11:30:47,219.0,
2018-03-20 11:30:47,220.0,
2018-03-20 11:30:47,220.0,
2018-03-20 11:30:47,221.0,
2018-03-20 11:30:47,222.0,
2018-03-20 11:30:47,223.0,
2018-03-20 11:30:47,224.0,
2018-03-20 11:30:47,223.0,
2018-03-20 11:30:47,225.0,
2018-03-20 11:30:47,224.0,
2018-03-20 11:30:47,225.0,
2018-03-20 11:30:47,225.0,
2018-03-20 11:30:47,225.0,
2018-03-20 11:30:47,225.0,
2018-03-20 11:30:47,225.0,
2018-03-20 11:30:47,225.0,
2018-03-20 11:30:48,224.0,
2018-03-20 11:30:48,224.0,
2018-03-20 11:30:48,227.0,
2018-03-20 11:30:48,227.0,
2018-03-20 11:30:48,227.0,
2018-03-20 11:30:48,227.0,
2018-03-20 11:30:48,227.0,
2018-03-20 11:30:48,227.0,
2018-03-20 11:30:48,227.0,
2018-03-20 11:30:48,229.0,
2018-03-20 11:30:48,229.0,
2018-03-20 11:30:48,230.0,
2018-03-20 11:30:48,229.0,
2018-03-20 11:30:48,231.0,
2018-03-20 11:30:48,231.0,
2018-03-20 11:30:48,233.0,
2018-03-20 11:30:48,234.0,
2018-03-20 11:30:48,233.0,
