date,lux,tem_in,tem_win,sonar_in,sonar_out,move,p,adx,ady,adz,awx,awy,awz,mox,moy,moz,activity,
2018/3/20 12:02,40,19.5,19.7,292,298,0,103,-0.95,0.01,-0.19,-0.94,-0.03,-0.02,0.0034,-0.0051,-0.0051,SITTING,
2018/3/20 12:02,41,19.4,19.7,293,300,1,118,-0.95,0,-0.2,-0.94,-0.02,-0.02,0.0038,-0.0044,-0.0044,SITTING,
2018/3/20 12:02,41,19.4,19.7,287,281,1,109,-0.96,0.01,-0.19,-0.94,-0.03,-0.02,0.0033,-0.0051,-0.0051,SITTING,
2018/3/20 12:02,41,19.4,19.7,291,293,0,113,-0.94,0.01,-0.2,-0.95,-0.03,-0.02,0.0045,-0.0042,-0.0042,SITTING,
2018/3/20 12:02,41,19.4,19.7,285,276,0,123,-0.95,0,-0.21,-0.94,-0.02,-0.02,0.0031,-0.0041,-0.0041,SITTING,
2018/3/20 12:02,41,19.4,19.7,286,290,0,121,-0.95,0.01,-0.19,-0.94,-0.02,-0.02,0.0039,-0.0064,-0.0064,SITTING,
2018/3/20 12:02,41,19.4,19.6,291,286,0,123,-0.95,0,-0.19,-0.95,-0.03,-0.02,0.0035,-0.0016,-0.0016,SITTING,
2018/3/20 12:02,41,19.4,19.6,287,284,0,109,-0.95,0,-0.2,-0.94,-0.02,-0.02,0.004,0.0036,0.0036,SITTING,
2018/3/20 12:02,41,19.4,19.6,285,293,0,123,-0.95,0.01,-0.18,-0.94,-0.02,-0.02,0.0035,-0.001,-0.001,SITTING, 
2018/3/20 12:02,41,19.4,19.6,288,285,0,116,-0.95,0,-0.2,-0.94,-0.02,-0.02,0.0037,-0.0062,-0.0062,SITTING,
2018/3/20 12:02,41,19.4,19.7,288,292,0,103,-0.95,0,-0.19,-0.94,-0.02,-0.02,0.0046,-0.0054,-0.0054,SITTING,
2018/3/20 12:02,41,19.4,19.7,293,297,0,107,-0.95,0.01,-0.19,-0.94,-0.02,-0.02,0.0032,-0.0047,-0.0047,SITTING,
2018/3/20 12:02,42,19.4,19.7,288,288,0,99,-0.94,0.01,-0.19,-0.95,-0.02,-0.03,0.003,-0.0082,-0.0082,SITTING,
2018/3/20 12:02,42,19.4,19.7,288,295,0,96,-0.94,0.01,-0.2,-0.94,-0.02,-0.02,0.0049,-0.0067,-0.0067,SITTING,
2018/3/20 12:02,42,19.4,19.6,285,285,0,123,-0.95,0.01,-0.19,-0.94,-0.02,-0.02,0.0036,-0.0049,-0.0049,SITTING,
2018/3/20 12:02,41,19.4,19.6,288,280,0,114,-0.95,0,-0.2,-0.94,-0.02,-0.02,0.0015,-0.0085,-0.0085,SITTING,
2018/3/20 12:02,41,19.4,19.7,288,287,0,109,-0.95,0.01,-0.19,-0.94,-0.02,-0.02,0.0047,-0.0039,-0.0039,SITTING,
2018/3/20 12:02,41,19.4,19.7,292,282,0,112,-0.95,0,-0.2,-0.94,-0.02,-0.03,0.0043,-0.0027,-0.0027,SITTING,
2018/3/20 12:02,41,19.4,19.7,290,291,0,105,-0.95,0,-0.2,-0.94,-0.02,-0.02,0.0027,-0.0037,-0.0037,SITTING,
2018/3/20 12:02,41,19.4,19.7,295,286,0,107,-0.95,0,-0.19,-0.95,-0.02,-0.03,0.0037,-0.0065,-0.0065,SITTING,
2018/3/20 12:02,41,19.4,19.7,288,293,0,122,-0.95,0.01,-0.19,-0.94,-0.02,-0.02,0.0021,-0.0074,-0.0074,SITTING,
2018/3/20 12:02,41,19.4,19.7,294,295,0,121,-0.95,0,-0.2,-0.94,-0.02,-0.01,0.0036,-0.0031,-0.0031,SITTING,
2018/3/20 12:02,41,19.4,19.7,294,292,0,112,-0.96,0.01,-0.2,-0.94,-0.02,-0.03,0.0034,-0.0023,-0.0023,SITTING,
2018/3/20 12:02,41,19.4,19.7,295,304,0,112,-0.95,0,-0.2,-0.94,-0.02,-0.02,0.0036,-0.0051,-0.0051,SITTING,
2018/3/20 12:02,41,19.4,19.7,288,287,0,114,-0.95,0,-0.2,-0.94,-0.02,-0.02,0.0037,-0.0043,-0.0043,SITTING,
2018/3/20 12:02,42,19.4,19.7,288,278,0,111,-0.94,0,-0.19,-0.95,-0.02,-0.02,0.0038,-0.0045,-0.0045,SITTING,
2018/3/20 12:02,42,19.4,19.7,289,286,0,103,-0.95,0.01,-0.2,-0.94,-0.02,-0.02,0.0045,-0.0042,-0.0042,SITTING,
2018/3/20 12:02,42,19.4,19.7,293,295,0,106,-0.95,0.01,-0.2,-0.94,-0.02,-0.02,0.0034,-0.0063,-0.0063,SITTING,
2018/3/20 12:02,41,19.4,19.7,290,288,0,106,-0.95,0.01,-0.2,-0.93,-0.02,-0.02,0.0037,-0.0058,-0.0058,SITTING,
2018/3/20 12:02,41,19.4,19.7,288,294,0,106,-0.95,0,-0.2,-0.94,-0.01,-0.02,0.0051,-0.004,-0.004,SITTING,
2018/3/20 12:02,41,19.4,19.7,293,288,0,102,-0.95,0,-0.19,-0.95,-0.02,-0.03,0.0031,-0.0029,-0.0029,SITTING,
2018/3/20 12:02,42,19.4,19.7,290,300,0,107,-0.95,0,-0.2,-0.94,-0.02,-0.02,0.004,-0.0049,-0.0049,SITTING,
2018/3/20 12:02,42,19.4,19.7,289,279,0,105,-0.95,0,-0.19,-0.95,-0.02,-0.01,0.0043,-0.0086,-0.0086,SITTING,
2018/3/20 12:02,41,19.4,19.7,286,282,0,105,-0.95,0,-0.2,-0.94,-0.02,-0.02,0.0023,-0.0082,-0.0082,SITTING,
2018/3/20 12:02,41,19.4,19.7,288,298,0,107,-0.95,0.01,-0.19,-0.94,-0.02,-0.02,0.0018,-0.0059,-0.0059,SITTING,
2018/3/20 12:02,41,19.4,19.7,288,295,0,108,-0.95,0.01,-0.2,-0.95,-0.02,-0.02,0.0022,-0.0054,-0.0054,SITTING,
2018/3/20 12:02,42,19.4,19.7,294,303,0,109,-0.95,0,-0.2,-0.94,-0.02,-0.01,0.0048,-0.0077,-0.0077,SITTING,
2018/3/20 12:02,42,19.4,19.7,289,281,1,105,-0.95,0.01,-0.2,-0.95,-0.02,-0.01,0.0023,-0.0056,-0.0056,SIT_MOVE,
2018/3/20 12:02,42,19.4,19.7,288,287,1,108,-0.95,0.01,-0.2,-0.95,-0.02,-0.02,0.0028,-0.0058,-0.0058,SIT_MOVE,
2018/3/20 12:02,42,19.4,19.7,287,295,1,108,-0.96,0.01,-0.21,-0.94,-0.02,-0.01,0.0035,-0.0046,-0.0046,SIT_MOVE,
2018/3/20 12:02,41,19.4,19.7,287,282,1,103,-0.94,0,-0.2,-0.94,-0.02,-0.02,0.0036,-0.0049,-0.0049,SIT_MOVE,
2018/3/20 12:02,41,19.4,19.7,289,295,1,103,-0.95,0.01,-0.19,-0.94,-0.02,-0.02,0.0043,-0.0048,-0.0048,SIT_MOVE,
2018/3/20 12:02,40,19.4,19.7,288,279,1,107,-0.95,0,-0.2,-0.94,-0.02,-0.02,0.0024,-0.0037,-0.0037,SIT_MOVE,
2018/3/20 12:02,42,19.4,19.7,289,299,0,106,-0.94,0,-0.19,-0.94,-0.02,-0.03,0.0031,-0.0064,-0.0064,SITTING,
2018/3/20 12:02,42,19.4,19.7,286,296,0,108,-0.96,0,-0.19,-0.94,-0.02,-0.02,0.0031,-0.0053,-0.0053,SITTING,
2018/3/20 12:02,41,19.4,19.7,293,291,0,106,-0.95,0,-0.2,-0.94,-0.02,-0.02,0.0045,-0.0027,-0.0027,SITTING,
2018/3/20 12:02,41,19.4,19.6,295,298,0,100,-0.95,0,-0.19,-0.94,-0.02,-0.03,0.0042,-0.0029,-0.0029,SITTING,
2018/3/20 12:02,41,19.4,19.6,289,295,0,107,-0.95,0,-0.19,-0.94,-0.03,-0.02,0.0026,-0.0054,-0.0054,SITTING,
2018/3/20 12:02,41,19.4,19.6,289,299,0,107,-0.95,0,-0.2,-0.94,-0.02,-0.02,0.0029,-0.0071,-0.0071,SITTING,
2018/3/20 12:02,41,19.4,19.6,285,278,0,107,-0.95,0,-0.2,-0.95,-0.02,-0.02,0.0025,-0.0072,-0.0072,SITTING,
2018/3/20 12:02,41,19.4,19.6,289,280,0,121,-0.96,0.01,-0.2,-0.94,-0.02,-0.03,0.0046,-0.004,-0.004,SITTING,
2018/3/20 12:02,41,19.4,19.6,289,296,0,101,-0.95,0,-0.21,-0.94,-0.02,-0.02,0.0033,-0.0028,-0.0028,SITTING,
2018/3/20 12:02,41,19.4,19.6,285,289,0,108,-0.95,0,-0.19,-0.95,-0.02,-0.02,0.0027,-0.0036,-0.0036,SITTING,
2018/3/20 12:02,40,19.4,19.6,295,304,0,108,-0.94,0.01,-0.2,-0.94,-0.02,-0.02,0.0022,-0.0045,-0.0045,SITTING,
2018/3/20 12:02,40,19.4,19.6,292,290,1,101,-0.95,0,-0.2,-0.95,-0.02,-0.02,0.0047,-0.0074,-0.0074,SIT_MOVE,
2018/3/20 12:02,40,19.4,19.6,292,288,1,107,-0.95,0,-0.2,-0.94,-0.02,-0.02,0.0024,-0.0059,-0.0059,SIT_MOVE,
2018/3/20 12:02,41,19.4,19.7,290,285,1,111,-0.95,0,-0.2,-0.95,-0.02,-0.02,0.0031,-0.0041,-0.0041,SIT_MOVE,
2018/3/20 12:02,42,19.4,19.7,293,283,0,110,-0.95,0.01,-0.2,-0.95,-0.02,-0.02,0.003,-0.0041,-0.0041,SITTING,
2018/3/20 12:02,41,19.5,19.7,287,294,0,111,-0.96,0,-0.19,-0.94,-0.02,-0.03,0.0024,-0.0065,-0.0065,SITTING,
2018/3/20 12:02,41,19.5,19.7,293,285,0,106,-0.95,0,-0.19,-0.94,-0.02,-0.02,0.0047,-0.0049,-0.0049,SITTING,
2018/3/20 12:02,41,19.5,19.7,294,295,0,101,-0.95,0,-0.19,-0.94,-0.02,-0.02,0.0043,-0.0029,-0.0029,SITTING,
2018/3/20 12:02,41,19.5,19.7,293,286,0,106,-0.95,0.01,-0.2,-0.94,-0.03,-0.02,0.0039,-0.0041,-0.0041,SITTING,
2018/3/20 12:02,41,19.5,19.7,290,288,0,109,-0.94,0.01,-0.19,-0.94,-0.02,-0.03,0.0024,-0.002,-0.002,SITTING,
2018/3/20 12:03,41,19.4,19.7,292,288,0,106,-0.95,0,-0.2,-0.94,-0.02,-0.02,0.0042,-0.0068,-0.0068,SITTING,
2018/3/20 12:03,41,19.4,19.7,285,295,0,106,-0.96,0,-0.2,-0.94,-0.02,-0.02,0.0028,-0.0031,-0.0031,SITTING,
2018/3/20 12:03,41,19.4,19.7,292,294,0,110,-0.94,0,-0.19,-0.94,-0.02,-0.01,0.0036,-0.0053,-0.0053,SITTING,
2018/3/20 12:03,42,19.4,19.7,285,283,1,109,-0.95,0,-0.2,-0.94,-0.02,-0.02,0.003,-0.0055,-0.0055,SIT_MOVE,
2018/3/20 12:03,42,19.4,19.7,290,289,1,105,-0.95,0.01,-0.18,-0.95,-0.02,-0.02,0.0033,-0.0035,-0.0035,SITTING,
2018/3/20 12:03,41,19.4,19.7,292,290,1,109,-0.95,0,-0.19,-0.94,-0.01,-0.02,0.0024,-0.0049,-0.0049,SITTING,
2018/3/20 12:03,42,19.4,19.7,286,292,1,108,-0.95,0.01,-0.2,-0.94,-0.02,-0.02,0.0038,-0.0056,-0.0056,SITTING,
2018/3/20 12:03,42,19.4,19.7,293,290,1,104,-0.95,0,-0.2,-0.94,-0.02,-0.02,0.003,-0.0045,-0.0045,SITTING,
2018/3/20 12:03,41,19.4,19.6,294,286,0,103,-0.95,0.01,-0.2,-0.95,-0.02,-0.02,0.002,-0.004,-0.004,SITTING,
2018/3/20 12:03,41,19.4,19.6,295,305,0,100,-0.94,0.08,-0.21,-0.94,-0.02,-0.02,0.0027,-0.007,-0.007,SITTING,
2018/3/20 12:03,42,19.4,19.6,295,286,0,108,-0.94,0,-0.2,-0.94,-0.02,-0.02,0.0037,-0.0054,-0.0054,SITTING,
2018/3/20 12:03,42,19.4,19.6,289,284,0,106,-0.94,0,-0.2,-0.95,-0.02,-0.03,0.0035,-0.003,-0.003,SITTING,
2018/3/20 12:03,42,19.4,19.6,292,297,0,103,-0.95,0,-0.21,-0.95,-0.02,-0.02,0.0032,-0.0044,-0.0044,SITTING,
2018/3/20 12:03,41,19.4,19.7,287,293,0,102,-0.95,0,-0.19,-0.94,-0.02,-0.02,0.0039,-0.0049,-0.0049,SITTING,
2018/3/20 12:03,41,19.4,19.7,294,288,0,105,-0.95,0.01,-0.2,-0.94,-0.02,-0.02,0.0028,-0.0036,-0.0036,SITTING,
2018/3/20 12:03,40,19.4,19.7,291,292,0,105,-0.94,0,-0.19,-0.94,-0.02,-0.02,0.0032,-0.0052,-0.0052,SITTING,
2018/3/20 12:03,42,19.4,19.7,286,288,0,108,-0.95,0,-0.19,-0.94,-0.02,-0.03,0.0025,-0.0041,-0.0041,SITTING,
2018/3/20 12:03,41,19.4,19.7,291,290,0,110,-0.95,0.01,-0.18,-0.94,-0.03,-0.02,0.002,-0.0044,-0.0044,SITTING,
2018/3/20 12:03,41,19.4,19.7,292,296,0,106,-0.95,0.01,-0.2,-0.94,-0.02,-0.02,0.0034,-0.0036,-0.0036,SITTING,
2018/3/20 12:03,41,19.4,19.7,294,291,0,105,-0.95,0,-0.19,-0.94,-0.02,-0.02,0.0042,-0.0048,-0.0048,SITTING,
2018/3/20 12:03,41,19.4,19.7,285,289,0,111,-0.95,0.01,-0.19,-0.94,-0.02,-0.03,0.0018,-0.0103,-0.0103,SITTING,
2018/3/20 12:03,40,19.4,19.7,290,286,0,105,-0.95,0.01,-0.2,-0.94,-0.02,-0.02,0.0023,-0.0056,-0.0056,SITTING,
2018/3/20 12:03,40,19.4,19.6,285,275,0,122,-0.96,0,-0.2,-0.94,-0.02,-0.02,0.002,-0.0046,-0.0046,SITTING,
2018/3/20 12:03,40,19.4,19.6,295,287,0,119,-0.96,0,-0.2,-0.94,-0.02,-0.02,0.0028,-0.0043,-0.0043,SITTING,
2018/3/20 12:03,40,19.4,19.6,291,289,0,121,-0.95,0,-0.19,-0.95,-0.02,-0.02,0.0027,-0.0054,-0.0054,SITTING,
2018/3/20 12:03,40,19.4,19.6,295,286,0,121,-0.95,0,-0.2,-0.95,-0.02,-0.02,0.0023,-0.0063,-0.0063,SITTING,
2018/3/20 12:03,40,19.4,19.6,287,297,0,105,-0.95,0,-0.2,-0.95,-0.03,-0.02,0.0026,-0.0036,-0.0036,SITTING,
2018/3/20 12:03,38,19.4,19.6,104,108,1,29,-0.95,0,-0.2,-0.94,-0.02,-0.03,0.0011,-0.005,-0.005,WALKING,
2018/3/20 12:03,38,19.4,19.6,104,105,1,29,-0.95,0,-0.2,-0.94,-0.02,-0.02,0.0024,-0.0039,-0.0039,WALKING,
2018/3/20 12:03,37,19.4,19.6,94,106,1,27,-0.95,0,-0.2,-0.94,-0.03,-0.02,0.0037,-0.0045,-0.0045,WALKING,
2018/3/20 12:03,38,19.4,19.6,99,106,1,21,-0.95,0.01,-0.2,-0.94,-0.02,-0.02,0.0015,-0.006,-0.006,WALKING,
2018/3/20 12:03,37,19.4,19.6,120,97,1,20,-0.96,0.01,-0.2,-0.94,-0.02,-0.01,0.0022,-0.0039,-0.0039,WALKING,
2018/3/20 12:03,38,19.4,19.6,98,110,1,20,-0.95,0,-0.2,-0.94,-0.02,-0.03,0.0014,-0.0029,-0.0029,WALKING,
2018/3/20 12:03,38,19.4,19.6,107,111,1,20,-0.95,0.01,-0.19,-0.94,-0.02,-0.02,0.0028,-0.0077,-0.0077,WALKING,
2018/3/20 12:03,38,19.4,19.6,106,99,1,20,-0.95,0.01,-0.2,-0.94,-0.02,-0.02,0.0017,-0.0062,-0.0062,WALKING,
2018/3/20 12:03,38,19.4,19.6,98,111,1,20,-0.95,0,-0.21,-0.94,-0.02,-0.02,0.0037,-0.0061,-0.0061,WALKING,
2018/3/20 12:03,38,19.4,19.6,98,118,1,20,-0.95,0,-0.2,-0.95,-0.02,-0.02,0.004,-0.0038,-0.0038,WALKING,
2018/3/20 12:03,38,19.4,19.7,97,113,1,21,-0.98,0.05,-0.2,-0.94,-0.02,-0.01,0.0019,-0.005,-0.005,WALKING,
2018/3/20 12:03,38,19.4,19.7,169,112,1,21,-0.96,0.03,-0.2,-0.94,-0.02,-0.02,0.0025,-0.0053,-0.0053,WALKING,
2018/3/20 12:03,38,19.4,19.7,110,132,1,21,-0.95,0,-0.2,-0.95,-0.02,-0.01,0.0038,-0.0045,-0.0045,WALKING,
2018/3/20 12:03,38,19.4,19.7,117,165,1,20,-0.94,-0.01,-0.19,-0.94,-0.02,-0.02,0.0031,-0.0048,-0.0048,WALKING,
2018/3/20 12:03,38,19.4,19.7,111,132,1,20,-0.95,0.01,-0.2,-0.94,-0.02,-0.01,0.0031,-0.0061,-0.0061,WALKING,
2018/3/20 12:03,38,19.4,19.7,162,121,1,20,-0.95,0,-0.21,-0.94,-0.02,-0.02,0.0021,-0.0032,-0.0032,WALKING,
2018/3/20 12:03,38,19.4,19.6,114,167,1,21,-0.96,0,-0.21,-0.94,-0.02,-0.02,0.0025,-0.0048,-0.0048,WALKING,
2018/3/20 12:03,38,19.4,19.6,153,129,1,20,-0.94,0,-0.2,-0.94,-0.01,-0.02,0.0042,-0.004,-0.004,WALKING,
2018/3/20 12:03,38,19.4,19.6,159,122,1,20,-0.95,0,-0.24,-0.94,-0.02,-0.02,0.0025,-0.0059,-0.0059,CLOSEDOOR,
2018/3/20 12:03,38,19.4,19.6,293,132,0,20,-0.95,0,-0.22,-0.94,-0.02,-0.02,0.0029,-0.0063,-0.0063,CLOSEDOOR,
2018/3/20 12:03,38,19.4,19.6,125,127,0,20,-0.94,0,-0.22,-0.94,-0.02,-0.02,0.0025,-0.006,-0.006,CLOSEDOOR,
2018/3/20 12:03,38,19.4,19.6,123,128,0,20,-0.95,0,-0.29,-0.95,-0.02,-0.02,0.0042,-0.0048,-0.0048,CLOSEDOOR,
2018/3/20 12:03,38,19.4,19.6,124,129,0,19,-0.95,0,-0.28,-0.94,-0.01,-0.02,0.0029,-0.0057,-0.0057,CLOSEDOOR,
2018/3/20 12:03,38,19.4,19.6,117,165,0,21,-0.95,0,-0.31,-0.94,-0.02,-0.02,0.002,-0.0057,-0.0057,CLOSEDOOR,
2018/3/20 12:03,38,19.4,19.6,118,210,0,20,-0.95,0,-0.38,-0.94,-0.02,-0.02,0.0025,-0.0044,-0.0044,CLOSEDOOR,
2018/3/20 12:03,38,19.4,19.6,293,127,0,22,-0.95,0,-0.42,-0.94,-0.02,-0.02,0.0018,-0.0036,-0.0036,CLOSEDOOR,
2018/3/20 12:03,38,19.5,19.6,119,125,0,22,-0.95,0,-0.2,-0.94,-0.02,-0.01,0.0018,-0.0081,-0.0081,WALKING,
2018/3/20 12:03,38,19.5,19.6,240,151,1,21,-0.95,0.01,-0.2,-0.94,-0.02,-0.02,0.0045,-0.0036,-0.0036,WALKING,
2018/3/20 12:03,38,19.5,19.6,239,97,1,22,-0.95,0,-0.21,-0.95,-0.03,-0.02,0.0019,-0.0045,-0.0045,WALKING,
2018/3/20 12:03,37,19.5,19.6,273,158,1,21,-0.94,0.01,-0.21,-0.94,-0.02,-0.02,0.0022,-0.0066,-0.0066,WALKING,
2018/3/20 12:03,37,19.5,19.7,187,114,1,22,-0.95,0,-0.21,-0.94,-0.03,-0.03,0.003,-0.0061,-0.0061,WALKING,
2018/3/20 12:03,37,19.5,19.7,140,90,1,21,-0.95,0.01,-0.2,-0.94,-0.02,-0.02,0.0027,-0.0051,-0.0051,WALKING,
2018/3/20 12:03,37,19.5,19.7,262,116,1,21,-0.95,0.01,-0.2,-0.94,-0.02,-0.03,0.0023,-0.0045,-0.0045,WALKING,
2018/3/20 12:03,37,19.4,19.6,200,170,1,22,-0.95,0,-0.2,-0.94,-0.02,-0.02,0.0018,-0.0061,-0.0061,WALKING,
2018/3/20 12:03,37,19.4,19.6,245,111,1,21,-0.95,0,-0.21,-0.94,-0.02,-0.02,0.0035,-0.0032,-0.0032,WALKING,
2018/3/20 12:03,37,19.4,19.6,179,138,0,21,-0.95,0.01,-0.21,-0.95,-0.02,-0.02,0.0021,-0.0023,-0.0023,WALKING,
2018/3/20 12:03,37,19.4,19.6,243,141,0,22,-0.95,0,-0.21,-0.94,-0.03,-0.02,0.0019,-0.0029,-0.0029,WALKING,
2018/3/20 12:03,37,19.4,19.6,234,145,0,22,-0.94,0.01,-0.2,-0.94,-0.02,-0.02,0.0033,-0.005,-0.005,WALKING,
2018/3/20 12:03,37,19.4,19.6,252,121,0,22,-0.95,0,-0.21,-0.94,-0.02,-0.01,0.0015,-0.0048,-0.0048,WALKING,
2018/3/20 12:03,37,19.4,19.6,133,139,1,21,-0.95,0.01,-0.21,-0.95,-0.02,-0.02,0.0021,-0.0071,-0.0071,WALKING,
2018/3/20 12:03,37,19.4,19.6,164,99,1,21,-0.95,0,-0.2,-0.94,-0.02,-0.01,0.0033,-0.0062,-0.0062,WALKING,
2018/3/20 12:03,39,19.4,19.6,234,150,1,21,-0.95,0.01,-0.2,-0.94,-0.03,-0.02,0.0014,-0.0058,-0.0058,WALKING,
2018/3/20 12:03,39,19.4,19.6,252,170,1,22,-0.96,0,-0.21,-0.94,-0.02,-0.02,0.0009,-0.0045,-0.0045,WALKING,
2018/3/20 12:03,38,19.4,19.6,236,165,1,21,-0.95,0,-0.2,-0.94,-0.02,-0.02,0.0023,-0.0039,-0.0039,WALKING,
2018/3/20 12:03,38,19.4,19.6,160,99,1,21,-0.95,-0.01,-0.21,-0.94,-0.03,-0.02,0.0015,-0.0061,-0.0061,WALKING,
2018/3/20 12:03,38,19.4,19.6,253,122,0,22,-0.95,0,-0.2,-0.94,-0.02,-0.03,0.0022,-0.0014,-0.0014,WALKING,
2018/3/20 12:03,38,19.4,19.6,233,103,0,21,-0.95,0,-0.2,-0.94,-0.02,-0.03,0.0024,-0.005,-0.005,WALKING,
2018/3/20 12:03,38,19.4,19.6,202,166,0,21,-0.95,0,-0.21,-0.94,-0.02,-0.02,0.0037,-0.0054,-0.0054,WALKING,
2018/3/20 12:03,38,19.4,19.6,274,114,0,21,-0.95,0,-0.2,-0.94,-0.02,-0.03,0.0024,-0.0063,-0.0063,WALKING,
2018/3/20 12:03,38,19.4,19.6,141,166,0,20,-0.95,0,-0.21,-0.94,-0.02,-0.02,0.0016,-0.0062,-0.0062,WALKING,
2018/3/20 12:03,38,19.4,19.6,207,160,0,20,-0.95,0.01,-0.21,-0.94,-0.02,-0.01,0.0028,-0.0042,-0.0042,WALKING,
2018/3/20 12:03,38,19.4,19.6,286,123,1,20,-0.95,0,-0.2,-0.94,-0.02,-0.02,0.0006,-0.0065,-0.0065,WALKING,
2018/3/20 12:03,38,19.4,19.6,243,107,1,20,-0.95,0,-0.21,-0.95,-0.02,-0.02,0.0034,-0.0051,-0.0051,WALKING,
2018/3/20 12:04,38,19.4,19.6,182,114,1,20,-0.96,0,-0.21,-0.94,-0.03,-0.02,0.0038,-0.0044,-0.0044,WALKING,
2018/3/20 12:04,37,19.4,19.6,145,91,1,20,-0.95,0.01,-0.21,-0.95,-0.02,-0.02,0.0033,-0.0051,-0.0051,WALKING,
2018/3/20 12:04,38,19.4,19.6,211,161,1,20,-0.95,0,-0.19,-0.94,-0.02,-0.01,0.0045,-0.0042,-0.0042,WALKING,
2018/3/20 12:04,37,19.4,19.6,142,168,1,20,-0.95,0,-0.2,-0.94,-0.02,-0.03,0.0031,-0.0041,-0.0041,WALKING,
2018/3/20 12:04,37,19.4,19.6,213,135,1,21,-0.95,0,-0.21,-0.94,-0.02,-0.02,0.0039,-0.0064,-0.0064,WALKING,
2018/3/20 12:04,37,19.4,19.6,230,102,1,20,-0.95,0,-0.21,-0.94,-0.02,-0.02,0.0035,-0.0016,-0.0016,WALKING,
2018/3/20 12:04,35,19.4,19.6,158,137,1,21,-0.96,0,-0.21,-0.94,-0.02,-0.02,0.004,0.0036,0.0036,WALKING,
2018/3/20 12:04,35,19.4,19.6,135,127,1,21,-0.95,0,-0.2,-0.94,-0.02,-0.02,0.0035,-0.001,-0.001,WALKING,
2018/3/20 12:04,35,19.4,19.6,231,166,1,20,-0.95,0,-0.2,-0.94,-0.02,-0.02,0.0037,-0.0062,-0.0062,WALKING,
2018/3/20 12:04,36,19.4,19.6,137,91,1,21,-0.95,0,-0.21,-0.94,-0.02,-0.02,0.0046,-0.0054,-0.0054,WALKING,
2018/3/20 12:04,35,19.4,19.6,182,107,1,12,-0.95,0,-0.2,-0.94,-0.02,-0.03,0.0032,-0.0047,-0.0047,WALKING,
2018/3/20 12:04,36,19.4,19.6,164,117,1,9,-0.95,0,-0.21,-0.94,-0.02,-0.03,0.003,-0.0082,-0.0082,WALKING,
2018/3/20 12:04,35,19.4,19.6,289,140,1,7,-0.95,0,-0.21,-1.3,0.16,0.09,0.0049,-0.0067,-0.0067,OPEN_WIN,
2018/3/20 12:04,37,19.4,19.6,222,165,1,7,-0.95,0,-0.2,-1.09,0,0.18,0.0036,-0.0049,-0.0049,OPEN_WIN,
2018/3/20 12:04,37,19.4,19.6,272,140,1,9,-0.94,0,-0.21,-1.07,-0.02,0.16,0.0015,-0.0085,-0.0085,OPEN_WIN,
2018/3/20 12:04,37,19.4,19.6,195,121,1,9,-0.95,0,-0.19,-1.09,0.02,0.1,0.0047,-0.0039,-0.0039,OPEN_WIN,
2018/3/20 12:04,37,19.4,19.6,173,169,1,9,-0.95,0,-0.21,-1.09,-0.02,0.28,0.0043,-0.0027,-0.0027,OPEN_WIN,
2018/3/20 12:04,37,19.4,19.6,217,159,1,9,-0.95,0.01,-0.2,-0.9,0,0.42,0.0027,-0.0037,-0.0037,OPEN_WIN,
2018/3/20 12:04,37,19.4,19.6,188,93,1,9,-0.95,0,-0.19,-0.9,0.02,0.33,0.0037,-0.0065,-0.0065,OPEN_WIN,
2018/3/20 12:04,36,19.4,19.6,279,117,1,10,-0.95,0,-0.2,-0.96,0.02,0.5,0.0021,-0.0074,-0.0074,OPEN_WIN,
2018/3/20 12:04,39,19.4,19.5,204,157,1,10,-0.95,0,-0.21,-0.94,0,1.73,0.0036,-0.0031,-0.0031,OPEN_WIN,
2018/3/20 12:04,38,19.4,19.5,179,90,1,10,-0.95,0,-0.21,-0.91,0.03,-0.83,0.0034,-0.0023,-0.0023,OPEN_WIN,
2018/3/20 12:04,38,19.4,19.5,219,118,1,11,-0.95,0,-0.21,-0.94,0.03,-0.64,0.0036,-0.0051,-0.0051,OPEN_WIN,
2018/3/20 12:04,38,19.4,19.3,232,152,1,11,-0.95,-0.01,-0.19,-0.92,0,-0.11,0.0037,-0.0043,-0.0043,WALKING,
2018/3/20 12:04,38,19.4,19.3,201,99,1,10,-0.94,0,-0.2,-0.97,0.03,-0.09,0.0038,-0.0045,-0.0045,WALKING,
2018/3/20 12:04,38,19.4,19.3,250,137,1,11,-0.95,0,-0.2,-0.99,0.01,-0.11,0.0045,-0.0042,-0.0042,WALKING,
2018/3/20 12:04,38,19.4,19.3,273,120,1,10,-0.95,0,-0.2,-0.94,0.01,-0.1,0.0034,-0.0063,-0.0063,WALKING,
2018/3/20 12:04,38,19.4,19.3,177,114,1,10,-0.95,0,-0.21,-0.95,0.02,-0.11,0.0037,-0.0058,-0.0058,WALKING,
2018/3/20 12:04,38,19.4,19.2,148,156,1,11,-0.95,0.01,-0.2,-0.94,0,-0.11,0.0051,-0.004,-0.004,WALKING,
2018/3/20 12:04,38,19.4,19.2,223,154,1,11,-0.95,0,-0.2,-0.92,-0.02,-0.1,0.0031,-0.0029,-0.0029,WALKING,
2018/3/20 12:04,38,19.4,19.2,289,163,1,10,-0.95,0,-0.2,-0.92,-0.02,-0.1,0.004,-0.0049,-0.0049,WALKING,
2018/3/20 12:04,38,19.4,19.2,220,162,1,10,-0.95,0,-0.2,-0.92,-0.03,-0.11,0.0043,-0.0086,-0.0086,WALKING,
2018/3/20 12:04,38,19.4,19.2,353,358,1,10,-0.94,0.01,-0.2,-0.92,-0.02,-0.1,0.0023,-0.0082,-0.0082,WALKING,
2018/3/20 12:04,38,19.4,19.1,352,358,1,10,-0.94,0,-0.19,-0.92,-0.02,-0.1,0.0018,-0.0059,-0.0059,WALKING,
2018/3/20 12:04,38,19.4,19.1,352,365,1,10,-0.95,0,-0.2,-0.93,-0.02,-0.11,0.0022,-0.0054,-0.0054,WALKING,
2018/3/20 12:04,38,19.4,19.1,350,343,1,10,-0.95,0,-0.2,-0.92,-0.02,-0.09,0.0048,-0.0077,-0.0077,WALKING,
2018/3/20 12:04,38,19.4,19.1,360,373,1,10,-0.95,0.01,-0.2,-0.91,-0.02,-0.11,0.0023,-0.0056,-0.0056,WALKING,
2018/3/20 12:04,37,19.4,19.1,351,350,1,7,-0.95,0,-0.2,-0.92,-0.02,-0.1,0.0028,-0.0058,-0.0058,WALKING,
2018/3/20 12:04,38,19.4,19,360,368,1,7,-0.95,0,-0.2,-0.92,-0.02,-0.11,0.0035,-0.0046,-0.0046,WALKING,
2018/3/20 12:04,38,19.4,19,356,359,1,6,-0.95,0,-0.21,-0.92,-0.03,-0.11,0.0036,-0.0049,-0.0049,WALKING,
2018/3/20 12:04,38,19.4,19,359,350,1,7,-0.95,0,-0.21,-0.92,-0.02,-0.1,0.0043,-0.0048,-0.0048,WALKING,
2018/3/20 12:04,38,19.4,19,360,350,1,7,-0.95,0,-0.21,-0.92,-0.02,-0.1,0.0024,-0.0037,-0.0037,WALKING,
2018/3/20 12:04,38,19.4,19,355,369,1,7,-0.94,0,-0.2,-0.92,-0.02,-0.11,0.0031,-0.0064,-0.0064,WALKING,
2018/3/20 12:04,38,19.5,19,360,374,1,7,-0.95,0,-0.21,-0.92,-0.02,-0.11,0.0031,-0.0053,-0.0053,WALKING,
2018/3/20 12:04,38,19.5,19,355,359,1,7,-0.94,0.01,-0.2,-0.92,-0.02,-0.11,0.0045,-0.0027,-0.0027,WALKING,
2018/3/20 12:04,38,19.5,19,360,361,1,7,-0.95,0,-0.21,-0.92,-0.02,-0.1,0.0042,-0.0029,-0.0029,WALKING,
2018/3/20 12:04,37,19.5,19,352,360,1,7,-0.95,0,-0.22,-0.92,-0.02,-0.1,0.0026,-0.0054,-0.0054,WALKING,
2018/3/20 12:04,37,19.4,18.9,350,361,1,7,-0.95,0,-0.21,-0.92,-0.02,-0.11,0.0029,-0.0071,-0.0071,WALKING,
2018/3/20 12:04,37,19.4,18.9,352,349,1,7,-0.95,0,-0.2,-0.92,-0.02,-0.1,0.0025,-0.0072,-0.0072,WALKING,
2018/3/20 12:04,37,19.4,18.9,360,372,1,7,-0.95,0,-0.2,-0.92,-0.02,-0.11,0.0046,-0.004,-0.004,WALKING,
2018/3/20 12:04,37,19.4,18.9,353,354,1,7,-0.95,0,-0.21,-0.92,-0.02,-0.11,0.0033,-0.0028,-0.0028,WALKING,
2018/3/20 12:04,37,19.4,18.9,358,367,1,6,-0.94,0.01,-0.2,-0.92,-0.02,-0.1,0.0027,-0.0036,-0.0036,WALKING,
2018/3/20 12:04,36,19.5,18.9,359,369,1,7,-0.95,0.01,-0.2,-0.91,-0.02,-0.11,0.0022,-0.0045,-0.0045,WALKING,
2018/3/20 12:04,36,19.5,18.9,356,356,1,6,-0.95,0,-0.21,-0.92,-0.02,-0.1,0.0047,-0.0074,-0.0074,WALKING,
2018/3/20 12:04,36,19.5,18.9,355,349,1,7,-0.94,0,-0.2,-0.92,-0.02,-0.11,0.0024,-0.0059,-0.0059,WALKING,
2018/3/20 12:04,36,19.5,18.9,350,357,1,6,-0.95,0,-0.21,-0.92,-0.02,-0.11,0.0031,-0.0041,-0.0041,WALKING,
2018/3/20 12:04,36,19.5,18.9,357,354,1,6,-0.94,0,-0.21,-0.92,-0.02,-0.11,0.003,-0.0041,-0.0041,WALKING,
2018/3/20 12:04,36,19.4,18.9,357,371,0,6,-0.95,0,-0.2,-0.92,-0.02,-0.11,0.0024,-0.0065,-0.0065,WALKING,
2018/3/20 12:04,36,19.4,18.9,353,367,0,6,-0.95,0,-0.2,-0.93,-0.02,-0.1,0.0047,-0.0049,-0.0049,STAND,
2018/3/20 12:04,36,19.5,18.9,352,364,0,6,-0.95,0,-0.21,-0.92,-0.02,-0.11,0.0043,-0.0029,-0.0029,STAND,
2018/3/20 12:04,36,19.5,18.9,353,365,0,6,-0.95,0,-0.21,-0.92,-0.02,-0.1,0.0039,-0.0041,-0.0041,STAND,
2018/3/20 12:04,36,19.5,18.9,353,364,0,6,-0.94,0.01,-0.21,-0.92,-0.02,-0.11,0.0024,-0.002,-0.002,STAND,
2018/3/20 12:04,36,19.5,18.9,357,347,0,6,-0.95,0,-0.2,-0.92,-0.01,-0.11,0.0042,-0.0068,-0.0068,STAND,
2018/3/20 12:04,36,19.5,18.9,359,357,0,6,-0.95,0,-0.2,-0.92,-0.02,-0.11,0.0028,-0.0031,-0.0031,STAND,
2018/3/20 12:04,36,19.4,18.7,353,357,0,6,-0.95,0,-0.2,-0.92,-0.02,-0.1,0.0036,-0.0053,-0.0053,STAND,
2018/3/20 12:04,37,19.4,18.7,350,341,0,6,-0.95,0,-0.2,-0.92,-0.02,-0.11,0.003,-0.0055,-0.0055,STAND,
2018/3/20 12:04,37,19.4,18.7,353,356,0,6,-0.95,0.01,-0.21,-0.92,-0.01,-0.11,0.0033,-0.0035,-0.0035,STAND,
2018/3/20 12:04,37,19.4,18.7,360,368,0,6,-0.94,0,-0.19,-0.92,-0.02,-0.11,0.0024,-0.0049,-0.0049,STAND,
2018/3/20 12:04,37,19.4,18.7,358,348,0,6,-0.94,0,-0.2,-0.92,-0.02,-0.09,0.0038,-0.0056,-0.0056,STAND,
2018/3/20 12:04,37,19.5,18.6,360,356,0,6,-0.95,0,-0.21,-0.92,-0.02,-0.1,0.003,-0.0045,-0.0045,STAND,
2018/3/20 12:04,37,19.5,18.6,355,345,0,6,-0.95,0,-0.21,-0.92,-0.02,-0.1,0.002,-0.004,-0.004,STAND,
2018/3/20 12:04,37,19.5,19.5,358,355,0,6,-0.95,0.01,-0.2,-0.91,-0.02,-0.1,0.0027,-0.007,-0.007,STAND,
2018/3/20 12:04,37,19.5,19.5,354,357,0,6,-0.95,0,-0.21,-0.92,-0.02,-0.11,0.0037,-0.0054,-0.0054,STAND,
2018/3/20 12:04,37,19.4,18.6,355,362,0,6,-0.95,0,-0.2,-0.92,-0.02,-0.1,0.0035,-0.003,-0.003,STAND,
2018/3/20 12:04,37,19.4,18.6,353,361,0,5,-0.95,0,-0.2,-0.92,-0.01,-0.1,0.0032,-0.0044,-0.0044,STAND,
2018/3/20 12:04,37,19.4,18.6,360,368,0,6,-0.95,0,-0.21,-0.92,-0.02,-0.09,0.0039,-0.0049,-0.0049,STAND,
2018/3/20 12:04,37,19.4,18.6,353,347,0,6,-0.95,0,-0.2,-0.92,-0.02,-0.09,0.0028,-0.0036,-0.0036,STAND,
2018/3/20 12:04,37,19.4,18.6,354,353,0,6,-0.95,0,-0.2,-0.92,-0.02,-0.11,0.0032,-0.0052,-0.0052,STAND,
2018/3/20 12:04,37,19.4,18.6,353,343,0,6,-0.95,0,-0.2,-0.92,-0.02,-0.11,0.0025,-0.0041,-0.0041,STAND,
2018/3/20 12:04,37,19.4,18.6,350,365,0,6,-0.95,0,-0.2,-0.93,-0.02,-0.1,0.002,-0.0044,-0.0044,STAND,
2018/3/20 12:04,37,19.4,18.6,356,350,0,6,-0.94,0,-0.2,-0.92,-0.02,-0.11,0.0034,-0.0036,-0.0036,STAND,
2018/3/20 12:04,37,19.4,18.6,359,372,0,6,-0.95,0.01,-0.19,-0.92,-0.02,-0.1,0.0042,-0.0048,-0.0048,STAND,
2018/3/20 12:04,37,19.4,18.6,350,340,0,6,-0.95,0,-0.21,-0.92,-0.02,-0.1,0.0018,-0.0103,-0.0103,STAND,
2018/3/20 12:04,37,19.4,18.4,352,363,0,6,-0.95,0,-0.2,-0.92,-0.02,-0.11,0.0023,-0.0056,-0.0056,STAND,
2018/3/20 12:04,37,19.4,18.4,359,357,0,6,-0.95,0,-0.21,-0.91,-0.02,-0.1,0.002,-0.0046,-0.0046,STAND,
2018/3/20 12:04,37,19.4,18.4,351,344,0,6,-0.94,0,-0.2,-0.92,-0.02,-0.11,0.0028,-0.0043,-0.0043,STAND,
2018/3/20 12:04,37,19.4,18.2,351,343,1,6,-0.95,0,-0.2,-0.92,-0.02,-0.11,0.0027,-0.0054,-0.0054,WALKING,
2018/3/20 12:04,37,19.4,18.2,357,359,1,5,-0.96,0,-0.21,-0.92,-0.02,-0.11,0.0023,-0.0063,-0.0063,WALKING,
2018/3/20 12:04,37,19.4,18.2,352,365,1,6,-0.95,0,-0.2,-0.92,-0.02,-0.1,0.0026,-0.0036,-0.0036,WALKING,
2018/3/20 12:04,37,19.4,18.1,359,372,1,6,-0.95,0,-0.21,-0.91,-0.02,-0.11,0.0011,-0.005,-0.005,WALKING,
2018/3/20 12:04,37,19.4,18.1,353,361,1,6,-0.95,0.01,-0.2,-0.92,-0.02,-0.11,0.0024,-0.0039,-0.0039,WALKING,
2018/3/20 12:04,37,19.4,18.1,360,357,1,5,-0.95,0,-0.2,-0.92,-0.02,-0.12,0.0037,-0.0045,-0.0045,WALKING,
2018/3/20 12:04,37,19.4,18.1,358,372,1,6,-0.95,0,-0.2,-0.92,-0.02,-0.11,0.0015,-0.006,-0.006,WALKING,
2018/3/20 12:04,37,19.4,18.1,351,363,1,6,-0.94,0,-0.21,-0.92,-0.02,-0.1,0.0022,-0.0039,-0.0039,WALKING,
2018/3/20 12:04,37,19.4,18.1,352,349,1,6,-0.95,0,-0.21,-0.92,-0.02,-0.1,0.0014,-0.0029,-0.0029,WALKING,
2018/3/20 12:04,37,19.4,18.1,350,364,1,6,-0.95,0,-0.21,-0.92,-0.02,-0.1,0.0028,-0.0077,-0.0077,WALKING,
2018/3/20 12:04,37,19.4,18.1,352,363,1,6,-0.95,0,-0.21,-0.92,-0.02,-0.1,0.0017,-0.0062,-0.0062,WALKING,
2018/3/20 12:04,37,19.4,18.1,352,358,1,6,-0.95,0,-0.2,-0.91,-0.02,-0.11,0.0037,-0.0061,-0.0061,WALKING,
2018/3/20 12:04,37,19.4,18.1,360,374,1,6,-0.95,0.01,-0.2,-0.92,-0.03,-0.11,0.004,-0.0038,-0.0038,WALKING,
2018/3/20 12:04,37,19.4,17.7,357,361,1,6,-0.95,0,-0.2,-0.92,-0.02,-0.1,0.0019,-0.005,-0.005,WALKING,
2018/3/20 12:04,36,19.4,17.7,354,358,1,6,-0.94,0,-0.2,-0.92,-0.02,-0.1,0.0025,-0.0053,-0.0053,WALKING,
2018/3/20 12:04,38,19.4,17.5,351,346,1,6,-0.95,0,-0.2,-0.92,-0.02,-0.1,0.0038,-0.0045,-0.0045,WALKING,
2018/3/20 12:04,37,19.4,17.5,351,343,1,6,-0.95,0,-0.2,-0.92,-0.02,-0.11,0.0031,-0.0048,-0.0048,WALKING,
2018/3/20 12:04,36,19.4,17.5,357,348,1,6,-0.95,0,-0.21,-0.93,-0.02,-0.1,0.0031,-0.0061,-0.0061,WALKING,
2018/3/20 12:04,37,19.4,17.5,360,375,1,6,-0.95,0,-0.2,-0.92,-0.02,-0.1,0.0021,-0.0032,-0.0032,WALKING,
2018/3/20 12:04,37,19.4,17.5,357,364,1,6,-0.95,0.01,-0.2,-0.93,-0.02,-0.11,0.0025,-0.0048,-0.0048,WALKING,
2018/3/20 12:04,36,19.4,17.5,356,353,1,6,-0.95,-0.01,-0.2,-0.92,-0.02,-0.1,0.0042,-0.004,-0.004,WALKING,
2018/3/20 12:04,37,19.4,17.5,358,354,1,6,-0.95,0,-0.21,-0.91,-0.02,-0.1,0.0025,-0.0059,-0.0059,WALKING,
2018/3/20 12:04,36,19.4,17.5,359,368,1,6,-0.95,0,-0.2,-0.92,-0.02,-0.1,0.0029,-0.0063,-0.0063,WALKING,
2018/3/20 12:04,35,19.4,17.5,352,361,1,6,-0.95,0,-0.2,-0.91,-0.02,-0.11,0.0025,-0.006,-0.006,WALKING,
2018/3/20 12:04,37,19.4,17.5,353,349,1,6,-0.95,0.01,-0.21,-0.93,-0.02,-0.11,0.0042,-0.0048,-0.0048,WALKING,
2018/3/20 12:04,37,19.4,17.5,350,352,1,6,-0.95,0,-0.21,-0.92,-0.02,-0.1,0.0029,-0.0057,-0.0057,WALKING,
2018/3/20 12:04,36,19.4,17.5,359,355,1,6,-0.95,0,-0.2,-0.91,-0.02,-0.1,0.002,-0.0057,-0.0057,WALKING,
2018/3/20 12:04,37,19.4,17.4,353,356,1,6,-0.95,0,-0.2,-0.92,-0.03,-0.1,0.0025,-0.0044,-0.0044,WALKING,
2018/3/20 12:04,36,19.4,17.4,359,365,1,6,-0.95,0,-0.2,-0.92,-0.02,-0.1,0.0018,-0.0036,-0.0036,WALKING,
2018/3/20 12:04,36,19.4,17.4,350,353,1,6,-0.95,0,-0.21,-0.92,-0.02,-0.11,0.0018,-0.0081,-0.0081,WALKING,
2018/3/20 12:04,35,19.4,17.4,354,364,1,6,-0.95,0.01,-0.21,-0.91,-0.02,-0.11,0.0045,-0.0036,-0.0036,WALKING,
2018/3/20 12:04,36,19.4,17.4,352,365,1,6,-0.95,0,-0.21,-0.92,-0.02,-0.1,0.0019,-0.0045,-0.0045,WALKING,
2018/3/20 12:04,36,19.4,17.4,354,360,1,6,-0.95,0,-0.2,-0.92,-0.02,-0.1,0.0022,-0.0066,-0.0066,WALKING,
2018/3/20 12:04,36,19.4,17.4,355,356,1,6,-0.95,0,-0.22,-0.92,-0.02,-0.11,0.003,-0.0061,-0.0061,WALKING,
2018/3/20 12:05,36,19.4,17.3,353,348,1,6,-0.95,0,-0.21,-0.92,-0.03,-0.1,0.0018,-0.0081,-0.0081,WALKING,
2018/3/20 12:05,36,19.4,17.3,353,360,1,6,-0.95,0,-0.21,-0.92,-0.02,-0.11,0.0039,-0.0041,-0.0041,WALKING,
2018/3/20 12:05,36,19.4,17.3,350,357,1,6,-0.95,0,-0.2,-0.91,-0.02,-0.1,0.0024,-0.002,-0.002,WALKING,
2018/3/20 12:05,36,19.4,17.3,355,351,1,6,-0.95,0,-0.21,-0.91,-0.02,-0.1,0.0042,-0.0068,-0.0068,WALKING,
2018/3/20 12:05,36,19.4,17.3,358,363,1,6,-0.95,0,-0.21,-0.92,-0.02,-0.11,0.0028,-0.0031,-0.0031,WALKING,
2018/3/20 12:05,36,19.4,17.2,353,347,1,6,-0.95,0,-0.21,-0.92,-0.02,-0.11,0.0036,-0.0053,-0.0053,WALKING,
2018/3/20 12:05,36,19.4,17.2,360,351,1,6,-0.95,0,-0.21,-0.91,-0.02,-0.11,0.003,-0.0055,-0.0055,WALKING,
2018/3/20 12:05,36,19.4,17.2,358,372,1,6,-0.94,0,-0.2,-0.92,-0.02,-0.1,0.0033,-0.0035,-0.0035,WALKING,
2018/3/20 12:05,36,19.4,17.2,354,347,1,6,-0.94,0,-0.21,-0.92,-0.01,-0.1,0.0024,-0.0049,-0.0049,WALKING,
2018/3/20 12:05,36,19.4,17.2,351,360,1,6,-0.94,0.01,-0.21,-0.92,-0.01,-0.11,0.0038,-0.0056,-0.0056,WALKING,
2018/3/20 12:05,35,19.4,17.1,350,347,1,6,-0.95,0,-0.21,-0.92,-0.02,-0.11,0.003,-0.0045,-0.0045,WALKING,
2018/3/20 12:05,35,19.4,17.1,352,367,1,6,-0.95,0,-0.2,-0.91,-0.02,-0.11,0.002,-0.004,-0.004,WALKING,
2018/3/20 12:05,35,19.4,17.1,357,348,1,6,-0.95,0,-0.21,-0.92,-0.02,-0.11,0.0027,-0.007,-0.007,WALKING,
2018/3/20 12:05,35,19.4,17.1,353,348,1,6,-0.95,0,-0.2,-0.91,-0.02,-0.11,0.0049,-0.0067,-0.0067,WALKING,
2018/3/20 12:05,36,19.4,17.1,350,361,1,6,-0.95,0,-0.21,-0.92,-0.02,-0.1,0.0036,-0.0049,-0.0049,WALKING,
2018/3/20 12:05,35,19.4,17.1,356,358,1,6,-0.95,0,-0.21,-0.92,-0.02,-0.11,0.0015,-0.0085,-0.0085,WALKING,
2018/3/20 12:05,36,19.4,17.1,356,369,1,6,-0.95,0,-0.2,-0.92,-0.02,-0.1,0.0047,-0.0039,-0.0039,WALKING,
2018/3/20 12:05,35,19.4,17.1,359,360,1,6,-0.95,0,-0.21,-0.92,-0.02,-0.11,0.0043,-0.0027,-0.0027,WALKING,
2018/3/20 12:05,35,19.3,17.1,359,356,1,6,-0.95,0,-0.2,-0.92,-0.01,-0.1,0.0027,-0.0037,-0.0037,WALKING,
2018/3/20 12:05,36,19.3,17.1,359,351,1,6,-0.95,0,-0.19,-0.92,-0.02,-0.1,0.0037,-0.0065,-0.0065,WALKING,
2018/3/20 12:05,36,19.3,17.1,358,362,1,6,-0.94,0,-0.21,-0.92,-0.02,-0.1,0.0021,-0.0074,-0.0074,WALKING,
2018/3/20 12:05,36,19.3,16.9,357,360,1,6,-0.95,0,-0.21,-0.91,-0.02,-0.12,0.0036,-0.0031,-0.0031,WALKING,
2018/3/20 12:05,35,19.3,16.9,351,351,1,6,-0.95,0,-0.21,-0.92,-0.02,-0.1,0.0034,-0.0023,-0.0023,WALKING,
2018/3/20 12:05,35,19.3,16.9,354,363,1,6,-0.96,0.01,-0.2,-0.92,-0.02,-0.11,0.0036,-0.0051,-0.0051,WALKING,
2018/3/20 12:05,35,19.3,16.8,356,360,1,6,-0.95,0,-0.21,-0.91,-0.02,-0.11,0.0037,-0.0043,-0.0043,WALKING,
2018/3/20 12:05,34,19.3,16.8,351,348,1,6,-0.95,0,-0.21,-0.92,-0.02,-0.1,0.0038,-0.0045,-0.0045,WALKING,
2018/3/20 12:05,36,19.3,16.6,359,366,1,6,-0.95,0,-0.21,-0.92,-0.02,-0.11,0.0045,-0.0042,-0.0042,WALKING,
2018/3/20 12:05,36,19.3,16.6,350,361,1,6,-0.95,0,-0.19,-0.92,-0.02,-0.11,0.0034,-0.0063,-0.0063,WALKING,
2018/3/20 12:06,37,19.1,15.3,359,373,0,254,-0.95,0,-0.2,-0.92,-0.02,-0.1,0.0037,-0.0058,-0.0058,SITTING,
2018/3/20 12:06,37,19.1,15.3,350,363,0,253,-0.95,0,-0.21,-0.91,-0.02,-0.11,0.0051,-0.004,-0.004,SITTING,
2018/3/20 12:06,37,19.1,15.4,353,359,0,254,-0.95,0,-0.21,-0.92,-0.02,-0.11,0.0031,-0.0029,-0.0029,SITTING,
2018/3/20 12:06,37,19.1,15.4,357,361,0,253,-0.95,0,-0.2,-0.92,-0.02,-0.1,0.004,-0.0049,-0.0049,SITTING,
2018/3/20 12:06,37,19.1,15.4,353,361,0,253,-0.94,0,-0.22,-0.92,-0.02,-0.11,0.0043,-0.0086,-0.0086,SITTING,
2018/3/20 12:06,37,19.1,15.4,351,348,0,253,-0.95,0,-0.2,-0.92,-0.02,-0.1,0.0023,-0.0082,-0.0082,SITTING,
2018/3/20 12:06,37,19.1,15.4,358,364,0,254,-0.95,0,-0.2,-0.92,-0.02,-0.1,0.0018,-0.0059,-0.0059,SITTING,
2018/3/20 12:06,37,19.1,15.3,357,358,0,254,-0.94,0,-0.21,-0.92,-0.02,-0.11,0.0022,-0.0054,-0.0054,SITTING,
2018/3/20 12:06,37,19.1,15.3,353,346,0,254,-0.94,0,-0.21,-0.92,-0.02,-0.1,0.0048,-0.0077,-0.0077,SITTING,
2018/3/20 12:06,37,19.1,15.4,350,340,0,254,-0.94,0,-0.22,-0.92,-0.02,-0.1,0.0023,-0.0056,-0.0056,SITTING,
2018/3/20 12:06,37,19.1,15.4,354,352,1,250,-0.94,0,-0.21,-0.91,-0.02,-0.11,0.0028,-0.0058,-0.0058,SITTING,
2018/3/20 12:06,37,19.1,15.4,350,351,1,250,-0.94,0,-0.21,-0.92,-0.02,-0.11,0.0035,-0.0046,-0.0046,SITTING,
2018/3/20 12:06,37,19.1,15.4,360,352,1,252,-0.95,0,-0.21,-0.91,-0.02,-0.1,0.0036,-0.0049,-0.0049,SITTING,
2018/3/20 12:06,37,19.1,15.4,358,372,1,254,-0.94,0,-0.21,-0.92,-0.02,-0.11,0.0043,-0.0048,-0.0048,SITTING,
2018/3/20 12:06,37,19,15.3,356,371,1,253,-0.95,0,-0.21,-0.92,-0.03,-0.09,0.0024,-0.0037,-0.0037,SITTING,
2018/3/20 12:06,37,19,15.3,357,357,1,253,-0.94,0.01,-0.2,-0.92,-0.02,-0.1,0.0031,-0.0064,-0.0064,SITTING,
2018/3/20 12:06,37,19.1,15.3,355,368,1,252,-0.95,0,-0.21,-0.92,-0.02,-0.1,0.0031,-0.0053,-0.0053,SITTING,
2018/3/20 12:06,37,19.1,15.3,360,371,1,252,-0.95,0.01,-0.21,-0.92,-0.02,-0.1,0.0045,-0.0027,-0.0027,SITTING,
2018/3/20 12:06,37,19.1,15.3,355,356,1,252,-0.95,0,-0.21,-0.92,-0.02,-0.11,0.0042,-0.0029,-0.0029,SITTING,
2018/3/20 12:06,37,19.1,15.3,356,352,1,252,-0.95,0,-0.2,-0.92,-0.02,-0.1,0.0026,-0.0054,-0.0054,SITTING,
2018/3/20 12:06,37,19,15.2,358,366,0,255,-0.95,0,-0.2,-0.92,-0.02,-0.1,0.0029,-0.0071,-0.0071,SITTING,
2018/3/20 12:06,36,19,15.2,354,354,0,259,-0.95,0,-0.2,-0.93,-0.03,-0.11,0.0025,-0.0072,-0.0072,SITTING,
2018/3/20 12:06,36,19,15.2,357,366,0,261,-0.95,0,-0.21,-0.92,-0.02,-0.11,0.0046,-0.004,-0.004,SITTING,
2018/3/20 12:06,37,19,15.2,359,373,0,261,-0.95,0,-0.2,-0.91,-0.02,-0.11,0.0033,-0.0028,-0.0028,SITTING,
2018/3/20 12:06,36,19,15.2,355,346,0,261,-0.95,0,-0.21,-0.92,-0.02,-0.11,0.0027,-0.0036,-0.0036,SITTING,
2018/3/20 12:06,36,19,15.2,352,351,0,261,-0.95,0,-0.2,-0.92,-0.02,-0.1,0.0022,-0.0045,-0.0045,SITTING,
2018/3/20 12:06,36,19,15.2,355,365,0,260,-0.94,-0.01,-0.21,-0.92,-0.02,-0.11,0.0047,-0.0074,-0.0074,SITTING,
2018/3/20 12:06,36,19,15.2,355,366,0,262,-0.95,0,-0.21,-0.91,-0.02,-0.1,0.0024,-0.0059,-0.0059,SITTING,
2018/3/20 12:06,38,19,15.2,352,345,0,262,-0.95,0,-0.21,-0.92,-0.02,-0.11,0.0031,-0.0041,-0.0041,SITTING,
2018/3/20 12:06,38,19,15.2,360,362,0,262,-0.95,0,-0.21,-0.92,-0.02,-0.1,0.003,-0.0041,-0.0041,SITTING,
2018/3/20 12:06,38,19,15.2,351,341,0,262,-0.95,0,-0.21,-0.92,-0.02,-0.1,0.0024,-0.0065,-0.0065,SITTING,
2018/3/20 12:06,38,19,15.2,357,358,0,262,-0.95,0,-0.21,-0.92,-0.02,-0.1,0.0047,-0.0049,-0.0049,SITTING,
2018/3/20 12:06,38,19,15.2,351,350,0,262,-0.94,-0.01,-0.21,-0.92,-0.02,-0.11,0.0043,-0.0029,-0.0029,SITTING,
2018/3/20 12:06,38,19,15.1,359,350,1,258,-0.95,0,-0.21,-0.92,-0.02,-0.1,-0.0742,-0.1031,-0.1031,HAND_MOBILE,
2018/3/20 12:06,38,19,15.1,359,353,1,280,-0.95,0,-0.22,-0.92,-0.02,-0.11,-0.0773,-0.0308,-0.0308,HAND_MOBILE,
2018/3/20 12:06,38,19,15.1,356,352,1,243,-0.95,0,-0.22,-0.91,-0.02,-0.1,-0.0416,-0.0638,-0.0638,HAND_MOBILE,
2018/3/20 12:06,36,19,15.1,351,357,1,318,-0.95,-0.01,-0.2,-0.92,-0.02,-0.1,-0.0245,-0.0257,-0.0257,HAND_MOBILE,
2018/3/20 12:06,36,19,15.1,350,365,1,261,-0.95,0,-0.21,-0.92,-0.02,-0.1,0.0368,0.0208,0.0208,HAND_MOBILE,
2018/3/20 12:06,35,19,15.1,360,371,1,260,-0.95,0,-0.21,-0.92,-0.02,-0.1,-0.0099,-0.052,-0.052,HAND_MOBILE,
2018/3/20 12:06,36,19,15.1,356,354,1,262,-0.95,0,-0.21,-0.92,-0.02,-0.1,-0.0646,-0.0477,-0.0477,HAND_MOBILE,
2018/3/20 12:06,36,19,15.1,350,361,1,262,-0.95,0.01,-0.2,-0.91,-0.02,-0.11,0.0316,-0.0883,-0.0883,HAND_MOBILE,
2018/3/20 12:06,36,19,15.1,357,369,1,262,-0.95,0,-0.21,-0.92,-0.02,-0.11,-0.0547,-0.1098,-0.1098,HAND_MOBILE,
2018/3/20 12:06,35,18.9,15.1,355,359,1,262,-0.95,0.01,-0.21,-0.92,-0.03,-0.1,-0.0746,-0.0449,-0.0449,HAND_MOBILE,
2018/3/20 12:06,36,18.9,15.1,358,359,1,262,-0.94,0,-0.21,-0.92,-0.02,-0.1,-0.0921,-0.0463,-0.0463,HAND_MOBILE,
2018/3/20 12:06,35,18.9,15.1,352,367,1,262,-0.94,0.01,-0.21,-0.92,-0.01,-0.1,-0.2009,-0.1197,-0.1197,HAND_MOBILE,
2018/3/20 12:06,35,18.9,15.1,360,354,1,258,-0.95,0,-0.21,-0.92,-0.01,-0.11,-0.2376,-0.0377,-0.0377,HAND_MOBILE,
2018/3/20 12:06,35,18.9,15,356,354,1,280,-0.95,0,-0.22,-0.93,-0.02,-0.1,0.1117,0.0074,0.0074,HAND_MOBILE,
2018/3/20 12:06,35,18.9,15,356,367,1,243,-0.96,0,-0.22,-0.92,-0.03,-0.1,0.0449,-0.2363,-0.2363,HAND_MOBILE,
2018/3/20 12:06,35,18.9,15,357,357,1,318,-0.95,0,-0.21,-0.92,-0.02,-0.09,0.1273,0.0323,0.0323,HAND_MOBILE,
2018/3/20 12:06,36,18.9,15,355,365,0,45,-0.95,0.01,-0.21,-0.91,-0.02,-0.11,0.2319,0.0835,0.0835,STAND,
2018/3/20 12:06,36,18.9,15,359,350,1,45,-0.95,0,-0.21,-0.92,-0.02,-0.1,0.003,-0.0045,-0.0045,STAND,
2018/3/20 12:06,35,18.9,14.9,359,353,1,40,-0.96,0,-0.22,-0.92,-0.03,-0.1,0.002,-0.004,-0.004,STAND,
2018/3/20 12:06,35,18.9,14.9,351,346,1,33,-0.95,-0.01,-0.21,-0.91,-0.02,-0.11,0.2319,0.0835,0.0835,STAND,
2018/3/20 12:06,35,18.9,14.9,351,344,1,27,-0.94,0,-0.21,-0.92,-0.02,-0.1,0.0034,-0.0036,-0.0036,STAND,
2018/3/20 12:06,36,18.9,14.9,353,362,1,28,-0.95,0,-0.22,-0.92,-0.02,-0.1,0.0042,-0.0048,-0.0048,STAND,
2018/3/20 12:06,35,18.9,14.9,354,361,1,19,-0.95,0,-0.21,-0.92,-0.02,-0.1,0.0018,-0.0103,-0.0103,STAND,
2018/3/20 12:06,35,18.9,14.9,358,367,1,18,-0.92,0.01,-0.21,-0.92,-0.02,-0.11,0.0023,-0.0056,-0.0056,STAND,
2018/3/20 12:06,35,18.9,14.8,353,368,1,16,-0.94,0.05,-0.21,-0.92,-0.02,-0.1,0.002,-0.0046,-0.0046,STAND,
2018/3/20 12:06,36,18.9,14.8,357,357,1,15,-0.95,0.03,-0.21,-0.92,-0.02,-0.1,0.0028,-0.0043,-0.0043,STAND,
2018/3/20 12:06,36,18.9,14.8,360,356,1,12,-0.94,0.03,-0.21,-0.91,-0.02,-0.11,0.0027,-0.0054,-0.0054,STAND,
2018/3/20 12:06,36,18.9,14.8,358,371,1,12,-0.94,0,-0.21,-0.92,-0.02,-0.1,0.0023,-0.0063,-0.0063,STAND,
2018/3/20 12:06,36,18.9,14.8,350,364,1,11,-0.95,0,-0.21,-0.92,-0.03,-0.11,0.0026,-0.0036,-0.0036,STAND,
2018/3/20 12:06,36,18.9,14.8,358,371,1,11,-0.95,0,-0.21,-0.92,-0.02,-0.1,0.0011,-0.005,-0.005,STAND,
2018/3/20 12:06,36,18.9,14.8,352,344,1,11,-0.95,0,-0.21,-0.92,-0.02,-0.11,0.0024,-0.0039,-0.0039,STAND,
2018/3/20 12:06,36,18.9,14.8,356,353,1,9,-0.95,0,-0.21,-0.92,-0.02,-0.1,0.0037,-0.0045,-0.0045,STAND,
2018/3/20 12:06,36,18.9,14.8,350,357,1,9,-0.95,0,-0.2,-0.92,-0.02,-0.1,0.0015,-0.006,-0.006,STAND,
2018/3/20 12:06,36,18.9,14.7,354,356,1,9,-0.95,0,-0.2,-0.92,-0.02,-0.1,0.0022,-0.0039,-0.0039,STAND,
2018/3/20 12:06,36,18.9,14.7,360,354,1,9,-0.95,0.01,-0.21,-0.92,-0.02,-0.11,0.0014,-0.0029,-0.0029,STAND,
2018/3/20 12:06,36,18.9,14.7,350,365,0,8,-0.95,0,-0.21,-0.92,-0.02,-0.11,0.0028,-0.0077,-0.0077,STAND,
2018/3/20 12:06,36,18.9,14.7,355,356,1,9,-0.95,0,-0.21,-0.92,-0.02,-0.11,0.0017,-0.0062,-0.0062,STAND,
2018/3/20 12:06,36,18.9,14.6,359,368,1,9,-0.95,0,-0.21,-0.92,-0.02,-0.11,0.0037,-0.0061,-0.0061,STAND,
2018/3/20 12:06,35,18.9,14.6,359,351,1,8,-0.95,0,-0.22,-0.93,-0.02,-0.1,0.004,-0.0038,-0.0038,STAND,
2018/3/20 12:06,36,18.9,14.6,356,362,1,6,-0.94,0,-0.21,-0.92,-0.02,-0.09,0.0019,-0.005,-0.005,STAND,
2018/3/20 12:06,35,18.9,14.6,356,355,1,6,-0.95,0,-0.22,-0.91,-0.01,-0.11,0.0025,-0.0053,-0.0053,STAND,
2018/3/20 12:06,36,18.9,14.6,360,371,1,6,-0.95,0,-0.21,-0.91,-0.02,-0.11,0.0038,-0.0045,-0.0045,STAND,
2018/3/20 12:06,35,18.9,14.6,358,367,1,6,-0.95,0,-0.21,-0.92,-0.02,-0.11,0.0031,-0.0048,-0.0048,STAND,
2018/3/20 12:06,35,18.9,14.6,357,347,1,6,-0.95,0,-0.21,-0.91,-0.02,-0.11,0.0031,-0.0061,-0.0061,STAND,
2018/3/20 12:06,34,18.9,14.6,359,357,1,6,-0.95,0,-0.21,-0.91,-0.02,-0.11,0.0021,-0.0032,-0.0032,STAND,
2018/3/20 12:06,32,18.9,14.6,351,342,1,5,-0.94,0,-0.21,-0.92,-0.02,-0.1,0.0025,-0.0048,-0.0048,STAND,
2018/3/20 12:06,34,18.9,14.6,357,363,1,6,-0.95,0,-0.21,-0.92,-0.02,-0.1,0.0042,-0.004,-0.004,STAND,
2018/3/20 12:06,33,18.8,14.6,350,346,1,6,-0.94,0,-0.22,-0.92,-0.03,-0.1,0.0025,-0.0059,-0.0059,STAND,
2018/3/20 12:06,34,18.8,14.6,359,357,1,6,-0.95,0,-0.21,-0.92,-0.03,-0.11,0.0029,-0.0063,-0.0063,STAND,
2018/3/20 12:06,34,18.8,14.6,360,358,1,6,-0.94,0,-0.22,-0.92,-0.03,-0.1,0.0025,-0.006,-0.006,STAND,
2018/3/20 12:06,33,18.8,14.6,352,351,1,6,-0.95,0,-0.22,-0.92,-0.02,-0.11,0.0042,-0.0048,-0.0048,STAND,
2018/3/20 12:06,33,18.9,14.6,355,362,1,6,-0.95,0,-0.22,-0.92,-0.02,-0.1,0.0029,-0.0057,-0.0057,STAND,
2018/3/20 12:06,33,18.9,14.6,355,351,1,6,-0.95,0,-0.22,-1.01,0.01,-0.13,0.002,-0.0057,-0.0057,STAND,
2018/3/20 12:06,33,18.9,14.6,360,353,1,6,-0.95,0,-0.21,-0.56,-0.08,-0.29,0.0025,-0.0044,-0.0044,STAND,
2018/3/20 12:06,34,18.8,14.3,359,360,1,6,-0.95,0,-0.22,-1.09,-0.07,-0.18,0.0018,-0.0036,-0.1031,WALKING,
2018/3/20 12:06,34,18.8,14.3,355,363,1,6,-0.95,0,-0.23,-0.94,-0.1,-0.39,0.0018,-0.0081,-0.0308,WALKING,
2018/3/20 12:06,33,18.8,14.3,352,365,1,6,-0.94,-0.01,-0.22,-0.94,-0.02,-0.02,0.0045,-0.0036,-0.0638,WALKING,
2018/3/20 12:06,33,18.8,14.4,352,350,1,6,-0.95,0,-0.23,-0.94,-0.02,-0.02,0.0019,-0.0045,-0.0257,WALKING,
2018/3/20 12:06,33,18.8,14.4,354,348,1,6,-0.95,0,-0.21,-0.94,-0.02,-0.03,0.0022,-0.0066,0.0208,WALKING,
2018/3/20 12:06,34,18.8,14.4,359,352,1,6,-0.95,-0.01,-0.21,-0.94,-0.02,-0.02,0.003,-0.0061,-0.052,WALKING,
2018/3/20 12:06,33,18.8,14.4,356,371,1,6,-0.95,0,-0.22,-0.94,-0.02,-0.03,0.0027,-0.0051,-0.0477,WALKING,
2018/3/20 12:06,33,18.8,14.3,356,360,1,6,-0.95,0,-0.22,-0.94,-0.03,-0.02,0.0023,-0.0045,-0.0883,WALKING,
2018/3/20 12:06,34,18.8,14.4,351,365,1,6,-0.95,0,-0.22,-0.94,-0.02,-0.02,0.0018,-0.0061,-0.1098,WALKING,
2018/3/20 12:06,34,18.8,14.4,352,361,1,6,-0.94,0,-0.22,-0.94,-0.02,-0.01,0.0035,-0.0032,-0.0449,WALKING,
2018/3/20 12:06,34,18.8,14.4,354,355,1,5,-0.95,0,-0.22,-0.94,-0.03,-0.03,0.0021,-0.0023,-0.0463,WALKING,
2018/3/20 12:06,34,18.8,14.4,357,367,1,6,-0.95,0,-0.21,-0.94,-0.02,-0.03,0.0019,-0.0029,-0.1197,WALKING,
2018/3/20 12:06,33,18.8,14.4,354,348,1,6,-0.95,0,-0.22,-0.94,-0.02,-0.02,0.0033,-0.005,-0.0377,WALKING,
2018/3/20 12:06,32,18.8,14.4,354,357,1,6,-0.94,0.01,-0.23,-0.94,-0.02,-0.02,0.0015,-0.0048,0.0074,WALKING,
2018/3/20 12:06,32,18.7,14.4,351,362,1,5,-0.95,-0.01,-0.22,-0.94,-0.02,-0.02,0.0021,-0.0071,-0.2363,WALKING,
2018/3/20 12:06,32,18.7,14.4,359,360,1,6,-0.95,0,-0.22,-0.93,-0.03,-0.02,0.0033,-0.0062,0.0323,WALKING,
2018/3/20 12:06,32,18.7,14.4,359,358,1,6,-0.95,0,-0.21,-0.95,-0.01,-0.02,0.0014,-0.0058,0.0835,WALKING,
2018/3/20 12:06,32,18.7,14.4,354,356,1,6,-0.94,0,-0.22,-0.94,-0.02,-0.02,0.0009,-0.0045,0.0316,WALKING,
2018/3/20 12:06,32,18.7,14.4,357,348,1,6,-0.95,0,-0.19,-0.94,-0.03,-0.02,0.0023,-0.0039,0.0433,WALKING,
2018/3/20 12:06,32,18.7,14.4,351,350,1,6,-0.94,0,-0.2,-0.93,-0.03,-0.02,0.0015,-0.0061,0.2756,WALKING,
2018/3/20 12:06,32,18.7,14.4,354,348,0,6,-0.95,0,-0.19,-0.94,-0.02,-0.02,0.0022,-0.0014,0.262,WALKING,
2018/3/20 12:06,32,18.7,14.5,353,364,1,6,-0.95,0,-0.2,-0.94,-0.02,-0.01,0.0024,-0.005,0.1005,WALKING,
2018/3/20 12:06,32,18.7,14.5,359,367,1,6,-0.95,0.01,-0.2,-0.94,-0.02,-0.02,0.0037,-0.0054,-0.1456,WALKING,
2018/3/20 12:06,32,18.7,14.5,351,347,1,6,-0.95,-0.03,-0.11,-0.94,-0.02,-0.02,0.0024,-0.0063,-0.4476,OPEN_DOOR,
2018/3/20 12:06,32,18.7,14.5,352,353,1,6,-0.94,0,-0.08,-0.94,-0.02,-0.02,0.0016,-0.0062,-0.2859,OPEN_DOOR,
2018/3/20 12:06,32,18.7,14.5,350,343,1,6,-0.95,0,0,-0.94,-0.02,-0.01,0.0028,-0.0042,-0.1885,OPEN_DOOR,
2018/3/20 12:06,32,18.7,14.5,354,357,1,6,-0.95,0,0.02,-0.93,-0.02,-0.03,0.0006,-0.0065,0.5313,OPEN_DOOR,
2018/3/20 12:06,33,18.7,14.5,355,361,1,6,-0.95,0,0.13,-0.95,-0.02,-0.02,-0.0742,-0.1031,-0.4057,OPEN_DOOR,
2018/3/20 12:06,33,18.7,14.5,360,363,1,6,-0.94,-0.01,-0.2,-0.93,-0.02,-0.02,-0.0773,-0.0308,-0.1763,WALKING,
2018/3/20 12:06,34,18.7,14.5,350,352,1,6,-0.94,0,-0.19,-0.94,-0.02,-0.02,-0.0416,-0.0638,0.0354,WALKING,
2018/3/20 12:06,35,18.7,14.5,355,362,1,6,-0.95,0,-0.2,-0.93,-0.02,-0.02,-0.0245,-0.0257,0.0875,WALKING,
2018/3/20 12:06,32,18.7,14.6,360,374,1,6,-0.95,-0.01,-0.2,-0.94,-0.02,-0.02,0.0368,0.0208,-0.0443,WALKING,
2018/3/20 12:06,32,18.7,14.6,358,354,1,6,-0.95,0,-0.2,-0.94,-0.02,-0.02,-0.0099,-0.052,0.1049,WALKING,
2018/3/20 12:07,32,18.7,14.7,350,358,1,6,-0.95,0,-0.2,-0.94,-0.02,-0.02,-0.0646,-0.0477,-0.2629,WALKING,
2018/3/20 12:07,32,18.7,14.7,352,357,1,6,-0.95,0,-0.19,-0.94,-0.02,-0.02,0.0316,-0.0883,-0.0673,WALKING,
2018/3/20 12:07,32,18.7,14.7,356,356,1,6,-0.94,0,-0.2,-0.95,-0.02,-0.02,-0.0547,-0.1098,0.3103,WALKING,
2018/3/20 12:07,32,18.7,14.7,355,351,1,6,-0.95,-0.01,-0.19,-0.94,-0.02,-0.02,-0.0746,-0.0449,-0.0518,WALKING,
2018/3/20 12:07,32,18.7,14.7,356,370,1,6,-0.94,0,-0.2,-0.94,-0.02,-0.02,-0.0921,-0.0463,0.0521,WALKING,
2018/3/20 12:07,32,18.7,14.7,356,354,1,6,-0.95,0,-0.19,-0.94,-0.02,-0.02,-0.2009,-0.1197,0.0463,WALKING,
2018/3/20 12:07,32,18.7,14.7,350,363,0,6,-0.95,0,-0.2,-0.94,-0.02,-0.03,-0.2376,-0.0377,-0.0698,WALKING,
2018/3/20 12:07,32,18.7,14.7,354,358,0,6,-0.95,0,-0.2,-0.95,-0.02,-0.01,0.1117,0.0074,-0.0448,WALKING,
2018/3/20 12:07,32,18.7,14.7,358,366,0,6,-0.95,0,-0.2,-0.93,-0.02,-0.03,0.0449,-0.2363,0.0058,WALKING,
2018/3/20 12:07,32,18.7,14.7,350,360,0,6,-0.94,0,-0.2,-0.94,-0.02,-0.02,0.1273,0.0323,0.1323,WALKING,
2018/3/20 12:07,32,18.7,14.7,357,370,1,6,-0.94,0,-0.21,-0.94,-0.02,-0.02,0.2319,0.0835,-0.039,WALKING,
2018/3/20 12:07,32,18.7,14.7,358,353,1,6,-0.95,0,-0.2,-0.94,-0.02,-0.02,0.0475,0.0316,-0.1253,WALKING,
2018/3/20 12:07,32,18.7,14.7,351,348,1,6,-0.95,0.01,-0.19,-0.93,-0.02,-0.03,-0.0394,0.0433,0.2,WALKING,
2018/3/20 12:07,32,18.7,14.7,356,365,1,6,-0.94,0,-0.2,-0.94,-0.02,-0.02,-0.0167,0.2756,-0.0518,WALKING,
2018/3/20 12:07,32,18.7,14.7,357,371,1,6,-0.94,0.01,-0.19,-0.94,-0.01,-0.02,-0.0742,0.262,0.0098,WALKING,
2018/3/20 12:07,32,18.7,14.8,352,360,1,6,-0.94,-0.01,-0.19,-0.94,-0.03,-0.03,0.1507,0.1005,0.0446,WALKING,
2018/3/20 12:07,32,18.7,14.8,352,346,0,6,-0.94,0,-0.2,-0.95,-0.03,-0.02,-0.6052,-0.1456,0.0808,WALKING,
2018/3/20 12:07,32,18.7,14.8,358,373,0,6,-0.95,-0.01,-0.19,-0.94,-0.02,-0.02,0.2424,-0.4476,-0.1156,WALKING,
2018/3/20 12:07,32,18.7,14.8,360,364,0,6,-0.94,0,-0.19,-0.95,-0.02,-0.02,-0.0259,-0.2859,0.1033,WALKING,
2018/3/20 12:07,32,18.7,14.8,357,371,0,6,-0.95,0,-0.2,-0.94,-0.03,-0.03,-0.1685,-0.1885,0.0796,WALKING,
2018/3/20 12:07,32,18.7,14.8,359,357,1,6,-0.94,0,-0.2,-0.94,-0.03,-0.02,-0.1997,0.5313,-0.0995,WALKING,
2018/3/20 12:07,32,18.7,14.8,358,372,1,6,-0.95,0,-0.2,-0.94,-0.03,-0.02,0.0811,-0.4057,0.1173,WALKING,
2018/3/20 12:08,32,18.7,14.8,351,346,0,6,-0.94,-0.01,-0.21,-0.95,-0.02,-0.02,0.313,-0.1763,0.1275,WALKING,
2018/3/20 12:08,32,18.7,14.8,356,347,0,6,-0.95,0,-0.19,-0.94,-0.02,-0.03,-0.0304,0.0354,-0.0663,WALKING,
2018/3/20 12:08,32,18.7,14.8,351,347,0,5,-0.95,0,-0.19,-0.94,-0.02,-0.02,0.0446,0.0875,0.014,WALKING,
2018/3/20 12:08,32,18.7,14.8,358,351,0,6,-0.94,0,-0.2,-0.95,-0.02,-0.02,0.3242,-0.0443,-0.0649,WALKING,
2018/3/20 12:08,32,18.7,14.9,360,352,0,6,-0.95,0,-0.19,-0.94,-0.02,-0.02,-0.5929,0.1049,0.0602,WALKING,
2018/3/20 12:08,32,18.7,14.9,360,362,0,6,-0.95,0,-0.2,-0.94,-0.02,-0.03,0.0513,-0.2629,0.0168,WALKING,
2018/3/20 12:08,32,18.7,14.9,353,360,1,6,-0.95,0,-0.2,-0.94,-0.03,-0.03,0.0236,-0.0673,-0.0653,WALKING,
2018/3/20 12:08,32,18.6,14.9,358,355,1,6,-0.94,0,-0.19,-0.93,-0.02,-0.02,0.0717,0.3103,0.2217,WALKING,
2018/3/20 12:08,32,18.6,14.9,359,361,1,6,-0.95,0,-0.19,-0.94,-0.02,-0.02,-0.17,-0.0518,-0.1998,WALKING,
2018/3/20 12:08,32,18.6,14.9,354,350,1,6,-0.95,-0.01,-0.2,-0.93,-0.02,-0.02,0.0264,0.0521,-0.0167,WALKING,
2018/3/20 12:08,32,18.7,14.9,350,343,0,6,-0.94,0,-0.2,-0.94,-0.02,-0.02,0.0694,0.0463,0.3912,WALKING,
2018/3/20 12:08,32,18.7,14.9,350,350,0,6,-0.94,0,-0.2,-0.94,-0.02,-0.03,0.0528,-0.0698,-0.1796,WALKING,
2018/3/20 12:08,32,18.7,14.9,359,358,0,6,-0.95,0,-0.2,-0.94,-0.02,-0.01,-0.0761,-0.0448,0.0242,WALKING,
2018/3/20 12:08,32,18.7,14.9,360,360,0,6,-0.94,-0.01,-0.19,-0.94,-0.03,-0.03,0.0563,0.0058,0.0901,WALKING,
2018/3/20 12:08,32,18.7,14.9,355,370,0,6,-0.94,0,-0.2,-0.94,-0.03,-0.02,0.068,0.1323,-0.0069,WALKING,
2018/3/20 12:08,32,18.7,14.9,353,367,0,6,-0.94,-0.01,-0.2,-0.93,-0.02,-0.02,0.0016,-0.039,-0.0194,WALKING,
2018/3/20 12:08,32,18.6,15,352,352,1,6,-0.95,0,-0.2,-0.94,-0.02,-0.02,-0.0411,-0.1253,0.1464,WALKING,
2018/3/20 12:08,32,18.6,15,350,347,1,6,-0.94,0,-0.2,-0.94,-0.02,-0.01,0.0244,0.2,0.0444,STAND,
2018/3/20 12:08,32,18.6,15,352,342,1,6,-0.94,0,-0.19,-0.94,-0.02,-0.02,0.1271,-0.0518,0.0135,STAND,
2018/3/20 12:08,32,18.6,15,355,367,1,6,-0.95,0,-0.2,-0.95,-0.02,-0.03,-0.1367,0.0098,0.0642,STAND,
2018/3/20 12:08,32,18.6,15,357,351,1,6,-0.95,0,-0.19,-0.94,-0.02,-0.02,0.0361,0.0446,0.0135,STAND,
2018/3/20 12:08,32,18.6,15,358,361,1,6,-0.95,0,-0.2,-0.94,-0.02,-0.02,0.1156,0.0808,0.099,STAND,
2018/3/20 12:08,33,18.6,15,353,343,1,6,-0.94,0,-0.19,-0.94,-0.03,-0.02,-0.1825,-0.1156,-0.0331,STAND,
2018/3/20 12:08,34,18.6,15,358,365,1,6,-0.95,0,-0.2,-0.95,-0.02,-0.03,-0.0007,0.1033,-0.0163,STAND,
2018/3/20 12:08,32,18.6,15,360,370,1,6,-0.94,0,-0.2,-0.94,-0.02,-0.02,0.0437,0.0796,-0.0436,STAND,
2018/3/20 12:08,32,18.6,15,359,357,1,6,-0.95,0,-0.2,-0.93,-0.02,-0.02,-0.1477,-0.0995,0.0915,STAND,
2018/3/20 12:08,32,18.6,15,353,344,1,5,-0.95,0,-0.2,-0.94,-0.02,-0.01,0.0259,0.1173,0.0468,STAND,
2018/3/20 12:08,32,18.6,15.1,359,359,1,5,-0.94,0,-0.21,-0.94,-0.02,-0.03,0.0569,0.1275,-0.0707,STAND,
2018/3/20 12:08,32,18.6,15.1,354,353,1,6,-0.95,0,-0.2,-0.93,-0.02,-0.02,-0.1044,-0.0663,0.0142,STAND,
2018/3/20 12:08,32,18.6,15.1,360,366,1,6,-0.94,0,-0.19,-0.94,-0.02,-0.02,0.0707,0.014,0.0812,STAND,
2018/3/20 12:08,32,18.6,15.1,353,348,1,6,-0.95,0,-0.2,-0.94,-0.02,-0.01,0.1713,-0.0649,0.0672,STAND,
2018/3/20 12:08,32,18.6,15.2,350,341,1,6,-0.94,-0.01,-0.19,-0.94,-0.03,-0.02,0.0969,0.0602,-0.0119,STAND,
2018/3/20 12:08,32,18.6,15.2,359,370,1,6,-0.94,-0.01,-0.19,-0.94,-0.02,-0.02,-0.0704,0.0168,0.0338,STAND,
2018/3/20 12:08,32,18.6,15.2,360,369,1,6,-0.95,-0.01,-0.2,-0.94,-0.02,-0.03,0.0564,-0.0653,-0.0445,STAND,
2018/3/20 12:08,32,18.6,15.2,354,367,1,5,-0.94,0,-0.19,-0.94,-0.02,-0.02,0.0802,0.2217,-0.0692,WALKING,
2018/3/20 12:08,33,18.6,15.2,356,362,1,6,-0.95,0,-0.19,-0.94,-0.02,-0.02,-0.0109,-0.1998,0.1269,WALKING,
2018/3/20 12:08,33,18.6,15.2,360,355,1,6,-0.94,0,-0.2,-0.93,-0.02,-0.01,-0.1303,-0.0167,0.0393,WALKING,
2018/3/20 12:08,33,18.6,15.2,356,368,1,6,-0.94,0,-0.2,-0.94,-0.02,-0.03,0.1794,0.3912,-0.0934,WALKING,
2018/3/20 12:08,33,18.6,15.2,354,352,1,5,-0.95,0,-0.2,-0.95,-0.02,-0.03,-0.3932,-0.1796,-0.0016,WALKING,
2018/3/20 12:08,33,18.6,15.2,353,356,1,5,-0.94,0,-0.21,-0.94,-0.02,-0.02,0.0115,0.0242,0.0371,WALKING,
2018/3/20 12:08,32,18.6,15.2,352,349,1,6,-0.94,0,-0.2,-0.95,-0.02,-0.03,0.1605,0.0901,-0.0019,WALKING,
2018/3/20 12:08,33,18.6,15.2,356,351,1,6,-0.94,0,-0.2,-0.95,-0.02,-0.02,-0.0367,-0.0069,-0.0723,WALKING,
2018/3/20 12:08,33,18.6,18.6,356,361,1,6,-0.95,0,-0.21,-0.94,-0.02,-0.03,-0.1954,-0.0194,0.1214,WALKING,
2018/3/20 12:08,33,18.6,15.2,354,354,1,6,-0.94,0,-0.2,-0.94,-0.02,-0.03,0.1001,0.1464,-0.0453,WALKING,
2018/3/20 12:08,34,18.6,15.2,350,352,1,6,-0.95,0,-0.19,-0.94,-0.02,-0.03,0.0108,0.0444,-0.0201,WALKING,
2018/3/20 12:08,33,18.6,15.3,354,347,1,6,-0.94,0,-0.2,-0.95,-0.02,-0.02,-0.1217,0.0135,0.0178,WALKING,
2018/3/20 12:08,33,18.6,15.3,353,361,1,5,-0.94,0,-0.19,-0.94,-0.02,-0.02,-0.0162,0.0642,0.0206,WALKING,
2018/3/20 12:08,33,18.6,15.3,357,366,1,5,-0.95,0,-0.19,-0.93,-0.02,-0.02,0.094,0.0135,0.0135,WALKING,
2018/3/20 12:08,33,18.6,15.3,353,365,1,6,-0.95,0,-0.2,-0.95,-0.02,-0.03,0.0756,0.099,0.099,WALKING,
2018/3/20 12:08,33,18.6,15.3,355,346,1,5,-0.94,0,-0.19,-0.94,-0.02,-0.02,0.0386,-0.0331,-0.0331,STAND,
2018/3/20 12:08,33,18.6,15.3,358,372,1,6,-0.95,0,-0.19,-0.94,-0.02,-0.03,0.0207,-0.0163,-0.0163,STAND,
2018/3/20 12:08,33,18.6,15.3,357,351,1,6,-0.95,0,-0.2,-0.94,-0.02,-0.02,-0.1637,-0.0436,-0.0436,STAND,
2018/3/20 12:08,33,18.6,15.3,350,345,1,6,-0.94,0,-0.2,-0.94,-0.02,-0.02,0.0579,0.0915,0.0915,STAND,
2018/3/20 12:08,32,18.6,15.3,353,363,1,5,-0.95,0.01,-0.2,-0.94,-0.01,-0.03,0.0705,0.0468,0.0468,STAND,
2018/3/20 12:08,33,18.6,15.3,353,352,1,6,-0.95,0,-0.21,-0.94,-0.03,-0.02,-0.0503,-0.0707,-0.0707,STAND,
2018/3/20 12:08,33,18.6,15.3,358,352,1,5,-0.94,0,-0.19,-0.94,-0.02,-0.03,0.0307,0.0142,0.0142,STAND,
2018/3/20 12:09,33,18.6,15.9,357,360,1,6,-0.94,-0.01,-0.19,-0.94,-0.02,-0.03,-0.0283,0.0812,0.0812,STAND,
2018/3/20 12:09,33,18.6,15.9,352,351,1,6,-0.94,0,-0.2,-0.94,-0.02,-0.02,0.0239,0.0672,0.0672,STAND,
2018/3/20 12:09,35,18.6,16.1,359,360,0,6,-0.94,0,-0.19,-0.94,-0.02,-0.02,0.0063,-0.0119,-0.0119,STAND,
2018/3/20 12:09,35,18.6,16.1,354,359,0,6,-0.94,0,-0.2,-0.95,-0.02,-0.02,-0.0232,0.0338,0.0338,STAND,
2018/3/20 12:09,35,18.6,16.1,360,361,0,5,-0.94,0,-0.2,-0.94,-0.02,-0.02,0.0314,-0.0445,-0.0445,STAND,
2018/3/20 12:09,35,18.6,16.1,358,372,0,5,-0.94,0,-0.19,-0.94,-0.02,-0.03,-0.016,-0.0692,-0.0692,STAND,
2018/3/20 12:09,35,18.6,16.1,360,365,0,6,-0.94,0,-0.19,-0.94,-0.02,-0.01,0.0968,0.1269,0.1269,STAND,
2018/3/20 12:09,35,18.7,16.1,360,360,0,6,-0.94,0,-0.2,-0.94,-0.02,-0.02,-0.0041,0.0393,0.0393,STAND,
2018/3/20 12:09,35,18.7,16.1,354,349,0,6,-0.94,0,-0.2,-0.95,-0.02,-0.02,-0.0689,-0.0934,-0.0934,STAND,
2018/3/20 12:10,76,18.7,16.4,353,349,1,6,-0.94,0,-0.2,-0.94,-0.02,-0.01,-0.0206,-0.0016,-0.0016,STAND,
2018/3/20 12:10,78,18.7,16.4,352,346,1,6,-0.93,0,-0.2,-0.94,-0.02,-0.02,0.0599,0.0371,0.0371,STAND,
2018/3/20 12:10,78,18.7,16.4,360,367,1,6,-0.94,-0.01,-0.19,-0.94,-0.02,-0.02,-0.0661,-0.0019,-0.0019,STAND,
2018/3/20 12:10,78,18.7,16.4,352,352,1,6,-0.95,0,-0.2,-0.94,-0.02,-0.02,-0.0423,-0.0723,-0.0723,STAND,
2018/3/20 12:10,78,18.7,16.4,356,359,1,6,-0.94,0,-0.2,-0.94,-0.02,-0.02,0.0573,0.1214,0.1214,STAND,
2018/3/20 12:10,78,18.7,16.4,357,371,1,6,-0.95,0,-0.2,-0.94,-0.02,-0.02,-0.0211,-0.0453,-0.0453,STAND,
2018/3/20 12:10,78,18.8,16.4,353,349,0,6,-0.94,0,-0.2,-0.94,-0.02,-0.02,-0.1706,-0.1176,-0.0201,STAND,
2018/3/20 12:10,78,18.8,16.4,355,370,0,6,-0.94,0,-0.19,-0.94,-0.02,-0.01,0.01,-0.0235,0.0178,STAND,
2018/3/20 12:10,78,18.8,16.4,357,371,0,6,-0.95,0,-0.2,-0.95,-0.03,-0.02,0.0354,0.1298,0.0206,STAND,
2018/3/20 12:10,76,18.8,16.4,356,347,0,6,-0.94,-0.01,-0.19,-0.95,-0.02,-0.02,0.052,0.0821,0.0006,STAND,
2018/3/20 12:10,76,18.7,16.4,352,355,0,6,-0.94,0,-0.2,-0.95,-0.02,-0.03,0.03,-0.0246,-0.0051,STAND,
2018/3/20 12:10,78,18.7,16.4,357,363,0,6,-0.93,-0.01,-0.19,-0.94,-0.03,-0.02,0.0328,-0.0231,-0.0011,STAND,
2018/3/20 12:10,78,18.8,16.4,355,345,0,6,-0.94,0,-0.2,-0.93,-0.02,-0.02,-0.0336,0.0044,0.0264,STAND,
2018/3/20 12:10,78,18.8,16.4,360,373,1,6,-0.94,-0.01,-0.2,-0.94,-0.01,-0.02,0.0538,-0.0299,-0.0207,STAND,
2018/3/20 12:10,78,18.8,16.4,359,354,1,5,-0.94,0,-0.2,-0.94,-0.02,-0.03,-0.0335,0.074,0.007,STAND,
2018/3/20 12:10,78,18.8,16.4,356,355,1,6,-0.93,0,-0.2,-0.94,-0.02,-0.03,-0.0166,0.0139,0.011,STAND,
2018/3/20 12:10,78,18.8,16.4,353,352,1,6,-0.93,0,-0.21,-0.94,-0.02,-0.02,-0.059,-0.0533,-0.0201,STAND,
2018/3/20 12:10,78,18.8,16.5,359,368,1,6,-0.93,-0.01,-0.2,-0.94,-0.02,-0.02,-0.0695,0.1274,0.0178,STAND,
2018/3/20 12:10,76,18.8,16.5,357,350,0,6,-0.94,-0.01,-0.19,-0.94,-0.02,-0.02,-0.026,-0.0775,0.0206,STAND,
2018/3/20 12:10,78,18.8,16.5,357,362,0,6,-0.94,0,-0.2,-0.94,-0.02,-0.02,-0.0564,-0.0204,0.0006,STAND,
2018/3/20 12:10,78,18.8,16.5,354,365,0,6,-0.94,-0.01,-0.19,-0.94,-0.02,-0.02,-0.0929,0.089,-0.0051,STAND,
2018/3/20 12:10,78,18.8,16.5,357,349,0,6,-0.94,-0.01,-0.19,-0.94,-0.03,-0.02,0.0773,-0.0201,-0.0011,STAND,
2018/3/20 12:10,78,18.8,16.5,358,362,0,6,-0.93,0,-0.2,-0.94,-0.02,-0.02,-0.0637,0.0178,0.0264,STAND,
2018/3/20 12:10,78,18.8,16.5,356,364,0,6,-0.94,-0.01,-0.19,-0.94,-0.01,-0.02,0.0187,0.0206,-0.0207,STAND,
2018/3/20 12:10,78,18.8,16.5,360,371,0,6,-0.93,-0.01,-0.19,-0.94,-0.02,-0.01,0.0575,0.0006,0.007,STAND,
2018/3/20 12:10,78,18.8,16.5,360,363,0,6,-0.94,-0.01,-0.2,-0.94,-0.02,-0.01,0.0704,-0.0051,0.011,STAND,
2018/3/20 12:10,76,18.8,16.5,354,363,0,6,-0.93,-0.01,-0.2,-0.95,-0.02,-0.02,0.0204,-0.0011,-0.0277,STAND,
2018/3/20 12:10,76,18.8,16.5,359,373,0,6,-0.93,0,-0.2,-0.94,-0.02,-0.03,0.0386,0.0264,0.0052,STAND,
2018/3/20 12:10,78,18.8,16.5,355,350,0,6,-0.93,0,-0.21,-0.94,-0.02,-0.03,0.0034,-0.0207,-0.0207,STAND,
2018/3/20 12:10,76,18.8,16.5,357,364,0,6,-0.94,0,-0.2,-0.94,-0.02,-0.02,0.0142,0.007,0.007,STAND,
2018/3/20 12:10,78,18.8,16.5,354,364,0,6,-0.94,0,-0.22,-0.95,-0.02,-0.02,0.0109,0.011,0.011,STAND,
2018/3/20 12:10,78,18.8,16.5,357,356,0,6,-0.94,0,-0.21,-0.95,-0.02,-0.02,-0.0038,-0.0277,-0.0277,STAND,
2018/3/20 12:10,78,18.8,16.5,357,362,0,6,-0.94,-0.01,-0.22,-0.93,-0.02,-0.03,0.0367,0.0052,0.0052,STAND,
2018/3/20 12:10,76,18.8,16.5,358,360,0,6,-0.93,0,-0.22,-0.94,-0.02,-0.02,0.0036,-0.0013,-0.0013,STAND,
2018/3/20 12:10,78,18.8,16.5,353,346,0,6,-0.94,0,-0.22,-0.94,-0.02,-0.02,-0.017,-0.006,-0.006,STAND,
2018/3/20 12:10,78,18.8,16.5,356,371,0,6,-0.94,0,-0.22,-0.94,-0.02,-0.02,0.0138,0.0174,0.0174,STAND,
2018/3/20 12:10,76,18.8,16.5,357,363,0,6,-0.93,-0.01,-0.21,-0.94,-0.02,-0.03,-0.0081,-0.0103,-0.0103,STAND,
2018/3/20 12:10,76,18.8,16.5,358,362,0,6,-0.94,-0.01,-0.22,-0.95,-0.03,-0.02,0.0076,0.0032,0.0032,STAND,
2018/3/20 12:10,78,18.8,16.5,358,369,0,6,-0.94,0,-0.23,-0.94,-0.02,-0.02,-0.0001,0.0023,0.0023,STAND,
2018/3/20 12:10,76,18.8,16.5,352,362,0,6,-0.93,0,-0.22,-0.94,-0.02,-0.02,0.0224,0.0249,0.0249,STAND,
2018/3/20 12:10,78,18.8,16.6,359,365,0,6,-0.94,-0.01,-0.23,-0.94,-0.02,-0.02,0.0045,-0.0013,-0.0013,STAND,
2018/3/20 12:10,78,18.8,16.6,355,354,0,6,-0.94,-0.01,-0.21,-0.94,-0.02,-0.02,0.0012,-0.0048,-0.0048,STAND,
2018/3/20 12:10,76,18.8,16.6,354,355,0,6,-0.94,0,-0.21,-0.95,-0.03,-0.02,0.005,-0.0083,-0.0083,STAND,
2018/3/20 12:10,78,18.8,16.6,357,358,0,6,-0.94,-0.01,-0.22,-0.95,-0.03,-0.02,0.0045,0.0152,0.0152,STAND,
2018/3/20 12:10,78,18.8,16.6,350,351,0,6,-0.94,-0.01,-0.22,-0.94,-0.02,-0.02,0.0081,0.0042,0.0042,STAND,
2018/3/20 12:10,78,18.8,16.6,358,373,0,6,-0.94,0,-0.22,-0.94,-0.02,-0.03,0.0231,0.0146,0.0146,STAND,
2018/3/20 12:10,76,18.8,16.6,354,349,0,6,-0.94,0,-0.22,-0.95,-0.03,-0.02,-0.0116,-0.0021,-0.0021,STAND,
2018/3/20 12:10,76,18.8,16.6,358,371,0,6,-0.93,0,-0.22,-0.95,-0.03,-0.02,0.0027,0.0175,0.0175,STAND,
2018/3/20 12:10,76,18.8,16.6,357,347,0,5,-0.93,0,-0.21,-0.94,-0.02,-0.02,0.0347,0.0223,0.0223,STAND,
2018/3/20 12:10,78,18.8,16.6,358,351,0,6,-0.94,-0.01,-0.22,-0.94,-0.03,-0.01,-0.0284,-0.0103,-0.0103,STAND,
2018/3/20 12:10,78,18.8,16.6,357,371,0,6,-0.94,-0.01,-0.23,-0.94,-0.03,-0.03,0.0013,-0.0051,-0.0051,STAND,
2018/3/20 12:10,78,18.8,16.6,356,358,0,6,-0.93,-0.01,-0.22,-0.94,-0.02,-0.01,-0.0066,0.0011,0.0011,STAND,
2018/3/20 12:10,78,18.8,16.6,353,357,0,6,-0.93,0,-0.22,-0.94,-0.02,-0.02,0.0075,0.0064,0.0064,STAND,
2018/3/20 12:10,78,18.8,16.6,359,364,0,5,-0.93,0,-0.21,-0.94,-0.03,-0.02,-0.0015,-0.0054,-0.0054,STAND,
2018/3/20 12:10,78,18.8,16.6,354,344,0,6,-0.94,-0.01,-0.22,-0.94,-0.02,-0.02,0.0058,0.0154,0.0154,STAND,
2018/3/20 12:10,78,18.8,16.6,359,370,0,6,-0.94,0,-0.19,-0.94,-0.02,-0.02,-0.0044,0.0035,0.0035,STAND,
2018/3/20 12:10,78,18.8,16.6,355,345,0,6,-0.94,0,-0.2,-0.94,-0.02,-0.01,-0.0058,0.0017,0.0017,STAND,
2018/3/20 12:10,78,18.8,16.6,351,343,0,6,-0.93,0,-0.19,-0.94,-0.02,-0.02,0.0144,0.0045,0.0045,STAND,
2018/3/20 12:10,78,18.8,16.6,358,368,0,6,-0.93,-0.01,-0.2,-0.94,-0.02,-0.02,-0.0026,-0.0021,-0.0021,STAND,
2018/3/20 12:10,78,18.8,16.6,356,358,0,6,-0.94,-0.01,-0.2,-0.94,-0.02,-0.02,0.023,0.0091,0.0091,STAND,
2018/3/20 12:10,78,18.8,16.6,358,354,0,6,-0.94,0,-0.19,-0.95,-0.02,-0.02,-0.0077,-0.0046,-0.0046,STAND,
2018/3/20 12:10,78,18.8,16.6,352,359,0,6,-0.93,-0.01,-0.19,-0.94,-0.03,-0.03,0.0259,0.0229,0.0229,STAND,
2018/3/20 12:10,78,18.8,16.7,359,371,0,6,-0.93,-0.01,-0.2,-0.94,-0.02,-0.02,0.0134,0,0,STAND,
2018/3/20 12:10,78,18.8,16.7,353,344,0,6,-0.94,-0.01,-0.2,-0.94,-0.02,-0.02,-0.0232,-0.0117,-0.0117,STAND,
2018/3/20 12:10,78,18.8,16.7,353,349,0,6,-0.94,0,-0.2,-0.95,-0.02,-0.01,0.005,-0.0035,-0.0035,STAND,
2018/3/20 12:10,78,18.8,16.7,353,359,0,6,-0.93,0,-0.2,-0.94,-0.03,-0.02,0.0295,0.027,0.027,STAND,
2018/3/20 12:10,78,18.8,16.7,357,349,0,5,-0.93,-0.01,-0.19,-0.94,-0.02,-0.02,-0.0131,-0.0149,-0.0149,STAND,
2018/3/20 12:10,76,18.8,16.7,360,373,0,6,-0.93,-0.01,-0.2,-0.95,-0.02,-0.03,0.0116,0.0216,0.0216,STAND,
2018/3/20 12:10,78,18.8,16.7,357,371,0,6,-0.94,0,-0.2,-0.94,-0.02,-0.03,-0.0144,-0.0011,-0.0011,STAND,
2018/3/20 12:11,76,18.9,16.7,358,368,0,6,-0.94,-0.01,-0.2,-0.94,-0.02,-0.02,-0.0109,-0.0015,-0.0015,STAND,
2018/3/20 12:11,76,18.9,16.7,360,374,0,6,-0.94,0,-0.2,-0.94,-0.02,-0.02,0.0173,0.0128,0.0128,STAND,
2018/3/20 12:11,78,18.9,16.7,351,345,0,6,-0.93,0,-0.19,-0.95,-0.02,-0.02,-0.0077,-0.0013,-0.0013,STAND,
2018/3/20 12:11,78,18.9,16.7,360,360,0,6,-0.93,0,-0.2,-0.94,-0.02,-0.02,-0.0114,-0.0122,-0.0122,STAND,
2018/3/20 12:11,76,18.9,16.7,355,347,0,6,-0.94,-0.01,-0.19,-0.94,-0.02,-0.02,0.034,0.0313,0.0313,STAND,
2018/3/20 12:11,78,18.8,16.7,358,364,0,5,-0.93,0,-0.2,-0.94,-0.02,-0.04,-0.0215,-0.0043,-0.0043,STAND,
2018/3/20 12:11,39,18.9,16.9,354,348,1,6,-0.94,0,-0.19,-0.94,-0.02,-0.03,-0.0004,-0.0069,-0.0069,STAND,
2018/3/20 12:11,39,18.9,16.9,357,357,1,6,-0.94,-0.01,-0.2,-0.93,-0.02,-0.02,0.011,0.0261,0.0261,STAND,
2018/3/20 12:11,39,18.9,16.9,354,355,0,6,-0.94,-0.01,-0.2,-0.94,-0.02,-0.02,-0.0095,0.0006,0.0006,STAND,
2018/3/20 12:11,39,18.9,16.9,359,355,0,6,-0.93,0,-0.2,-0.94,-0.02,-0.01,-0.016,-0.0094,-0.0094,STAND,
2018/3/20 12:11,39,18.9,16.9,355,369,0,6,-0.94,0,-0.2,-0.94,-0.03,-0.03,-0.0038,0.0043,0.0043,STAND,
2018/3/20 12:11,39,19,16.9,350,351,0,6,-0.93,0,-0.21,-0.94,-0.02,-0.02,-0.0041,0.0076,0.0076,STAND,
2018/3/20 12:11,39,19,16.9,356,369,0,6,-0.94,-0.01,-0.2,-0.94,-0.02,-0.02,-0.0073,-0.0057,-0.0057,STAND,
2018/3/20 12:11,39,19,16.9,357,355,0,5,-0.94,0,-0.19,-0.94,-0.02,-0.02,-0.0199,-0.0204,-0.0204,STAND,
2018/3/20 12:12,35,19,17.1,354,361,1,6,-0.93,0,-0.2,-0.94,-0.02,-0.01,0.0111,0.0255,0.0255,STAND,
2018/3/20 12:12,35,19,17.1,350,347,1,6,-0.93,0,-0.19,-0.94,-0.02,-0.02,0.0094,0.0072,0.0072,STAND,
2018/3/20 12:12,35,19,17.1,359,362,1,6,-0.93,0,-0.19,-0.94,-0.02,-0.02,-0.0277,-0.0144,-0.0144,STAND,
2018/3/20 12:12,30,19,17.1,357,353,1,6,-0.94,0,-0.2,-0.94,-0.02,-0.02,-0.0262,-0.0179,-0.0179,STAND,
2018/3/20 12:12,18,19,17.1,353,355,0,6,-0.93,0,-0.19,-0.94,-0.02,-0.02,-0.0129,0.0117,0.0117,STAND,
2018/3/20 12:12,18,19,17.1,357,372,1,6,-0.93,0,-0.19,-0.94,-0.02,-0.03,-0.0275,0.0038,0.0038,STAND,
2018/3/20 12:12,18,19,17.2,351,341,1,6,-0.93,0,-0.2,-0.95,-0.03,-0.02,-0.0359,0.0291,0.0291,STAND,
2018/3/20 12:12,18,19,17.2,360,375,1,6,-0.93,-0.01,-0.2,-0.94,-0.02,-0.02,-0.0359,-0.0489,-0.0489,STAND,
2018/3/20 12:12,18,19,17.2,356,362,1,6,-0.94,-0.01,-0.2,-0.94,-0.02,-0.01,-0.0257,-0.0078,-0.0078,STAND,
2018/3/20 12:12,18,19,17.2,359,367,0,6,-0.93,0,-0.21,-0.94,-0.02,-0.02,-0.0336,-0.0232,-0.0232,STAND,
2018/3/20 12:12,18,19,17.2,352,360,0,6,-0.94,0,-0.19,-0.93,-0.02,-0.03,0.0431,0.0477,0.0477,STAND,
2018/3/20 12:12,18,19,17.2,354,350,1,6,-0.94,-0.01,-0.19,-0.94,-0.02,-0.02,0.0552,0.0197,0.0197,STAND,
2018/3/20 12:12,18,19,17.2,356,360,1,6,-0.93,-0.01,-0.2,-0.94,-0.02,-0.01,0.0519,0.0506,0.0506,STAND,
2018/3/20 12:12,18,19,17.2,352,353,1,6,-0.93,-0.01,-0.19,-0.94,-0.02,-0.02,0.0104,0.0185,0.0185,STAND,
2018/3/20 12:12,18,19,17.2,351,353,1,6,-0.93,-0.01,-0.2,-0.94,-0.02,-0.02,0.0302,-0.005,-0.005,STAND,
2018/3/20 12:12,18,19,17.2,360,356,1,6,-0.93,-0.01,-0.2,-0.94,-0.02,-0.01,0.0032,-0.0192,-0.0192,STAND,
2018/3/20 12:12,18,19,17.2,353,345,1,6,-0.94,-0.01,-0.19,-0.94,-0.02,-0.02,0.0207,0.0289,0.0289,STAND,
2018/3/20 12:12,18,19,17.2,351,342,0,6,-0.94,-0.01,-0.19,-0.94,-0.03,-0.02,-0.0016,0.002,0.002,STAND,
2018/3/20 12:12,18,19,17.2,352,342,1,6,-0.94,0,-0.2,-0.95,-0.02,-0.02,0.0031,-0.0168,-0.0168,STAND,
2018/3/20 12:12,18,19,17.2,351,358,1,6,-0.94,0,-0.2,-0.94,-0.02,-0.03,0.0193,0.0124,0.0124,STAND,
2018/3/20 12:12,18,19,19,354,366,1,6,-0.94,0,-0.2,-0.94,-0.02,-0.02,-0.0014,0.0041,0.0041,STAND,
2018/3/20 12:12,18,19,17.2,354,346,0,6,-0.94,-0.01,-0.2,-0.93,-0.02,-0.02,0.0094,-0.0089,-0.0089,STAND,
2018/3/20 12:12,18,19,17.3,350,346,0,6,-0.94,0,-0.19,-0.94,-0.02,-0.02,-0.0029,-0.0058,-0.0058,STAND,
2018/3/20 12:12,18,19,17.3,357,350,1,6,-0.93,0,-0.22,-0.94,-0.02,-0.03,0.0042,0.0172,0.0172,STAND,
2018/3/20 12:12,18,19,17.3,352,346,1,6,-0.93,-0.01,-0.21,-0.93,-0.02,-0.02,0.0071,0.0105,0.0105,STAND,
2018/3/20 12:12,18,19,17.3,350,361,1,6,-0.93,0,-0.22,-0.94,-0.02,-0.03,-0.008,-0.0003,-0.0003,STAND,
2018/3/20 12:12,18,19,17.2,350,362,1,6,-0.93,0,-0.22,-0.94,-0.02,-0.02,0.0104,0.0247,0.0247,STAND,
2018/3/20 12:12,18,19,17.2,359,358,1,6,-0.93,-0.01,-0.22,-0.94,-0.02,-0.02,0.0118,0.013,0.013,STAND,
2018/3/20 12:12,18,19,17.2,353,366,1,6,-0.93,-0.01,-0.22,-0.95,-0.02,-0.02,-0.0133,-0.005,-0.005,STAND,
2018/3/20 12:12,18,19,17.2,359,366,1,6,-0.93,0,-0.21,-0.93,-0.02,-0.03,-0.0085,-0.0036,-0.0036,STAND,
2018/3/20 12:12,18,19,17.2,360,375,0,5,-0.94,-0.01,-0.22,-0.94,-0.02,-0.02,0.0113,0.0234,0.0234,STAND,
2018/3/20 12:12,18,19,17.2,350,356,0,6,-0.93,0,-0.23,-0.94,-0.02,-0.02,-0.001,0.0032,0.0032,STAND,
2018/3/20 12:12,18,19,17.2,355,351,1,6,-0.94,0,-0.22,-0.94,-0.02,-0.03,0.0157,0.0074,0.0074,STAND,
2018/3/20 12:12,18,19,17.2,356,358,1,6,-0.93,-0.01,-0.23,-0.94,-0.02,-0.02,0,0.0134,0.0134,STAND,
2018/3/20 12:12,18,19,17.2,353,353,1,6,-0.93,-0.01,-0.21,-0.95,-0.02,-0.01,0.0115,-0.0032,-0.0032,STAND,
2018/3/20 12:12,18,19,17.2,353,352,1,6,-0.93,0,-0.21,-0.94,-0.03,-0.02,0.0067,0.014,0.014,STAND,
2018/3/20 12:12,18,19,17.2,357,347,1,6,-0.93,0,-0.22,-0.94,-0.02,-0.02,-0.0301,-0.0156,-0.0156,STAND,
2018/3/20 12:12,18,19,17.2,351,345,1,6,-0.94,-0.01,-0.22,-0.94,-0.02,-0.02,0.0292,0.0308,0.0308,STAND,
2018/3/20 12:12,18,19,17.2,358,369,1,6,-0.93,-0.01,-0.22,-0.94,-0.02,-0.02,-0.0055,0.0051,0.0051,STAND,
2018/3/20 12:12,18,19,17.3,357,364,1,6,-0.94,-0.01,-0.22,-0.94,-0.02,-0.01,-0.011,-0.0365,-0.0365,STAND,
2018/3/20 12:12,18,19,17.3,359,366,1,6,-0.93,0,-0.22,-0.94,-0.02,-0.03,0.022,0.0282,0.0282,STAND,
2018/3/20 12:12,18,19,17.3,359,364,1,6,-0.94,-0.01,-0.21,-0.94,-0.02,-0.03,0.0053,0,0,STAND,
2018/3/20 12:12,18,19,17.3,355,365,1,6,-0.93,-0.01,-0.22,-0.94,-0.02,-0.03,-0.0167,-0.0153,-0.0153,STAND,
2018/3/20 12:12,18,19,17.3,352,352,1,6,-0.94,0,-0.23,-0.94,-0.02,-0.02,0.0075,0.0145,0.0145,STAND,
2018/3/20 12:12,18,19,17.3,351,350,1,6,-0.93,-0.01,-0.22,-0.95,-0.02,-0.01,0.0024,-0.0081,-0.0081,STAND,
2018/3/20 12:12,18,19,17.3,352,342,1,6,-0.93,-0.01,-0.22,-0.94,-0.02,-0.02,0.0435,0.0317,0.0317,STAND,
2018/3/20 12:12,18,19,17.3,352,352,1,6,-0.94,0,-0.21,-0.94,-0.02,-0.02,-0.0519,-0.0239,-0.0239,STAND,
2018/3/20 12:12,18,19,17.3,351,357,1,6,-0.94,-0.01,-0.22,-0.94,-0.02,-0.03,0.0344,0.0305,0.0305,STAND,
2018/3/20 12:12,18,19,17.3,350,349,1,6,-0.93,-0.01,-0.19,-0.95,-0.02,-0.02,-0.0112,0.0114,0.0114,STAND,
2018/3/20 12:12,18,19,17.3,352,363,1,6,-0.93,-0.01,-0.2,-0.95,-0.02,-0.01,0.0109,-0.005,-0.005,STAND,
2018/3/20 12:12,18,19,17.3,360,350,0,6,-0.93,0,-0.19,-0.94,-0.02,-0.02,-0.0108,0.0009,0.0009,STAND,
2018/3/20 12:12,18,19,17.3,357,350,0,5,-0.93,-0.01,-0.2,-0.94,-0.03,-0.02,-0.0054,-0.0079,-0.0079,STAND,
2018/3/20 12:12,18,19,17.3,357,361,0,6,-0.93,-0.01,-0.2,-0.94,-0.02,-0.02,0.0036,0.0192,0.0192,STAND,
2018/3/20 12:12,18,19,17.3,351,347,0,6,-0.93,0,-0.19,-0.95,-0.02,-0.02,0.0066,0.0054,0.0054,STAND,
2018/3/20 12:12,18,19,17.3,351,353,0,6,-0.93,0,-0.19,-0.94,-0.02,-0.02,-0.0051,-0.0022,-0.0022,STAND,
2018/3/20 12:12,20,19,17.3,355,362,1,6,-0.94,0,-0.2,-0.95,-0.02,-0.02,0.0388,0.0297,0.0297,WALKING,
2018/3/20 12:12,18,19,17.3,354,353,1,6,-0.94,0,-0.2,-0.94,-0.02,-0.02,-0.016,-0.0112,-0.0112,WALKING,
2018/3/20 12:12,18,19,17.3,353,343,1,6,-0.93,-0.01,-0.2,-0.94,-0.02,-0.03,-0.0078,-0.0144,-0.0144,WALKING,
2018/3/20 12:12,18,19,17.3,357,349,1,6,-0.94,0,-0.2,-0.94,-0.02,-0.02,0.0081,0.0091,0.0091,WALKING,
2018/3/20 12:12,18,19,17.3,357,363,1,6,-0.94,-0.01,-0.19,-0.94,-0.02,-0.01,-0.0092,0.0016,0.0016,WALKING,
2018/3/20 12:12,18,19,17.3,352,349,1,6,-0.94,0,-0.2,-0.94,-0.01,-0.03,-0.0048,-0.0009,-0.0009,WALKING,
2018/3/20 12:12,18,19,17.3,354,350,1,6,-0.94,-0.01,-0.2,-0.94,-0.02,-0.03,-0.0105,-0.002,-0.002,WALKING,
2018/3/20 12:12,18,19,17.3,355,370,1,6,-0.93,0,-0.2,-0.94,-0.02,-0.02,0.0093,0.0184,0.0184,WALKING,
2018/3/20 12:12,18,19,17.4,360,369,1,6,-0.94,0,-0.2,-0.94,-0.02,-0.02,-0.0198,-0.0004,-0.0004,WALKING,
2018/3/20 12:12,18,19,17.4,357,364,1,6,-0.93,-0.01,-0.19,-0.93,-0.02,-0.02,0.0142,0.0004,0.0004,WALKING,
2018/3/20 12:12,18,19,17.4,354,350,1,6,-0.93,-0.01,-0.2,-0.94,-0.03,-0.02,-0.0057,0.0136,0.0136,WALKING,
2018/3/20 12:12,18,19,17.4,354,368,1,6,-0.93,0,-0.19,-0.95,-0.03,-0.02,-0.0001,0.0001,0.0001,WALKING,
2018/3/20 12:12,18,19,17.3,353,350,1,6,-0.93,-0.01,-0.2,-0.94,-0.02,-0.02,-0.0058,0.001,0.001,WALKING,
2018/3/20 12:12,18,19,17.3,359,357,1,6,-0.93,-0.01,-0.19,-0.94,-0.03,-0.02,-0.0043,0.006,0.006,WALKING,
2018/3/20 12:12,18,19,17.3,350,351,1,6,-0.93,-0.01,-0.2,-0.95,-0.03,-0.02,0.0123,0.0197,0.0197,WALKING,
2018/3/20 12:12,20,19,17.4,354,356,1,6,-0.93,-0.01,-0.2,-0.94,-0.02,-0.01,0.0009,-0.008,-0.008,WALKING,
2018/3/20 12:12,20,19,17.4,359,371,0,6,-0.93,0,-0.2,-0.95,-0.02,-0.01,0.0041,0.0005,0.0005,WALKING,
2018/3/20 12:12,20,19,17.3,357,358,0,6,-0.93,-0.01,-0.2,-0.94,-0.03,-0.02,0.0195,0.0154,0.0154,WALKING,
2018/3/20 12:12,20,19,17.3,352,363,0,6,-0.93,-0.01,-0.21,-0.95,-0.03,-0.02,-0.0188,-0.0065,-0.0065,WALKING,
2018/3/20 12:12,20,19,17.3,355,353,0,6,-0.93,-0.01,-0.2,-0.94,-0.02,-0.02,-0.0017,0.0028,0.0028,WALKING,
2018/3/20 12:12,20,19,17.3,356,361,0,6,-0.93,0,-0.19,-0.94,-0.02,-0.02,0.0001,0.0038,0.0038,WALKING,
2018/3/20 12:12,20,19,17.4,358,357,0,5,-0.93,0,-0.2,-0.94,-0.03,-0.03,-0.0073,-0.0134,-0.0134,WALKING,
2018/3/20 12:12,20,19,17.4,353,365,0,6,-0.94,-0.01,-0.19,-0.94,-0.02,-0.02,-0.0067,-0.0009,-0.0009,WALKING,
2018/3/20 12:13,18,19,17.4,355,364,1,6,-0.94,-0.01,-0.19,-0.94,-0.02,-0.01,-0.0064,-0.0016,-0.0016,WALKING,
2018/3/20 12:13,20,19,17.4,355,359,1,6,-0.93,0,-0.2,-0.94,-0.02,-0.02,0.0129,0.0217,0.0217,WALKING,
2018/3/20 12:13,34,19,17.4,350,356,1,6,-0.94,-0.01,-0.19,-0.94,-0.03,-0.02,-0.0136,-0.0091,-0.0091,WALKING,
2018/3/20 12:13,34,19,17.4,353,345,1,6,-0.93,0,-0.19,-0.95,-0.02,-0.02,0.0143,-0.0036,-0.0036,WALKING,
2018/3/20 12:13,36,19,17.4,358,369,0,6,-0.93,-0.01,-0.2,-0.94,-0.02,-0.03,-0.003,0.0099,0.0099,WALKING,
2018/3/20 12:13,34,19,17.4,359,365,0,6,-0.93,0,-0.2,-0.94,-0.03,-0.02,-0.0212,-0.0109,-0.0109,WALKING,
2018/3/20 12:13,34,19,17.4,350,359,0,6,-0.93,-0.01,-0.2,-0.93,-0.02,-0.02,0.0171,0.0124,0.0124,WALKING,
2018/3/20 12:13,34,19,17.4,359,367,0,6,-0.93,0,-0.21,-0.94,-0.03,-0.03,-0.0104,-0.0071,-0.0071,WALKING,
2018/3/20 12:13,34,19,17.4,358,362,1,6,-0.94,-0.01,-0.19,-0.94,-0.02,-0.02,0.001,-0.0077,-0.0077,WALKING,
2018/3/20 12:13,34,19,17.4,360,368,1,6,-0.94,-0.01,-0.19,-0.94,-0.02,-0.02,-0.0033,-0.001,-0.001,WALKING,
2018/3/20 12:13,34,19,17.4,351,352,1,6,-0.94,0,-0.2,-0.94,-0.02,-0.01,-0.0001,-0.0019,-0.0019,WALKING,
2018/3/20 12:13,34,19,17.4,359,357,0,6,-0.93,-0.01,-0.19,-0.94,-0.02,-0.02,0.0101,-0.0002,-0.0002,WALKING,
2018/3/20 12:13,34,19.1,17.4,353,359,0,6,-0.93,0,-0.2,-0.94,-0.02,-0.03,-0.0089,-0.0069,-0.0069,WALKING,
2018/3/20 12:13,34,19.1,17.4,360,372,0,6,-0.94,-0.01,-0.2,-0.94,-0.01,-0.02,-0.0015,-0.0016,-0.0016,WALKING,
2018/3/20 12:13,34,19.1,17.4,354,352,0,6,-0.93,-0.01,-0.19,-0.94,-0.02,-0.01,-0.01,-0.0032,-0.0032,WALKING,
2018/3/20 12:13,34,19.1,17.4,353,348,0,6,-0.93,0,-0.19,-0.95,-0.02,-0.02,-0.0019,0.0007,0.0007,WALKING,
2018/3/20 12:13,34,19.1,17.4,358,359,0,6,-0.93,-0.01,-0.2,-0.95,-0.02,-0.03,0.0063,0.0006,0.0006,WALKING,
2018/3/20 12:13,34,19.1,17.4,355,363,1,6,-0.94,0,-0.2,-0.94,-0.02,-0.02,-0.0121,-0.0159,-0.0159,WALKING,
2018/3/20 12:13,34,19.1,17.4,356,371,1,6,-0.93,0,-0.2,-0.94,-0.02,-0.02,0.0152,0.0158,0.0158,WALKING,
2018/3/20 12:13,34,19,17.4,354,353,1,6,-0.93,0,-0.2,-0.95,-0.03,-0.02,0.0034,-0.0053,-0.0053,WALKING,
2018/3/20 12:13,35,19,17.4,355,366,1,5,-0.93,-0.01,-0.19,-0.94,-0.03,-0.02,0.0033,-0.0032,-0.0032,WALKING,
2018/3/20 12:13,34,19,17.4,356,369,1,6,-0.93,-0.01,-0.22,-0.94,-0.03,-0.02,-0.0085,-0.0099,-0.0099,WALKING,
2018/3/20 12:13,33,19,17.4,350,354,1,6,-0.93,0,-0.21,-0.94,-0.02,-0.03,0.0002,-0.0094,-0.0094,WALKING,
2018/3/20 12:13,34,19.1,17.4,353,363,1,6,-0.93,-0.01,-0.22,-0.94,-0.03,-0.02,-0.0135,-0.0034,-0.0034,WALKING,
2018/3/20 12:13,34,19.1,17.4,350,349,1,6,-0.94,0,-0.22,-0.94,-0.02,-0.02,-0.0227,0.0055,0.0055,WALKING,
2018/3/20 12:13,33,19.1,17.5,352,356,1,6,-0.93,-0.01,-0.22,-0.94,-0.02,-0.01,-0.0368,-0.0209,-0.0209,WALKING,
2018/3/20 12:13,34,19.1,17.5,359,350,1,6,-0.93,-0.01,-0.22,-0.94,-0.02,-0.02,0.0355,0.035,0.035,WALKING,
2018/3/20 12:13,34,19,17.5,357,361,1,6,-0.94,0,-0.21,-0.94,-0.03,-0.02,-0.0632,-0.0621,-0.0621,WALKING,
2018/3/20 12:13,34,19,17.5,357,360,1,6,-0.93,-0.01,-0.22,-0.94,-0.02,-0.02,-0.0342,-0.0268,-0.0268,WALKING,
2018/3/20 12:13,34,19,17.5,351,344,1,6,-0.93,0,-0.23,-0.94,-0.02,-0.03,0.0202,0.035,0.035,WALKING,
2018/3/20 12:13,34,19,17.5,351,348,1,5,-0.94,-0.01,-0.22,-0.94,-0.03,-0.02,-0.0136,0.0077,0.0077,WALKING,
2018/3/20 12:13,33,19,17.5,359,365,1,6,-0.93,0,-0.23,-0.93,-0.02,-0.03,-0.0039,0.017,0.017,WALKING,
2018/3/20 12:13,34,19,17.5,359,360,1,6,-0.93,0,-0.21,-0.94,-0.02,-0.03,0.0365,0.0223,0.0223,WALKING,
2018/3/20 12:13,33,19,17.5,357,351,1,6,-0.92,0,-0.21,-0.94,-0.02,-0.02,0.0738,0.0291,0.0291,WALKING,
2018/3/20 12:13,35,19,17.5,360,352,1,6,-0.94,0,-0.22,-0.94,-0.02,-0.02,0.0265,-0.0011,-0.0011,WALKING,
2018/3/20 12:13,35,19,17.5,350,363,1,6,-0.93,0,-0.22,-0.95,-0.03,-0.02,0.0295,-0.0047,-0.0047,WALKING,
2018/3/20 12:13,35,19,17.5,359,371,1,6,-0.94,-0.01,-0.22,-0.94,-0.02,-0.02,0.002,-0.0214,-0.0214,WALKING,
2018/3/20 12:13,35,19,17.5,351,342,1,5,-0.93,-0.01,-0.22,-0.95,-0.02,-0.01,0.0036,-0.0011,-0.0011,WALKING,
2018/3/20 12:13,35,19,17.5,358,359,1,5,-0.93,-0.01,-0.22,-0.94,-0.02,-0.02,0.0143,0.0047,0.0047,WALKING,
2018/3/20 12:13,35,19.1,17.5,353,366,1,6,-0.93,0,-0.21,-0.94,-0.03,-0.02,-0.0002,-0.0017,-0.0017,WALKING,
2018/3/20 12:13,35,19.1,17.5,359,356,1,6,-0.94,-0.01,-0.22,-0.95,-0.02,-0.02,-0.0104,-0.005,-0.005,WALKING,
2018/3/20 12:13,20,19.1,17.5,356,371,1,6,-0.93,-0.01,-0.23,-0.94,-0.02,-0.01,-0.0067,0.0151,0.0151,WALKING,
2018/3/20 12:13,20,19.1,17.5,356,352,1,6,-0.94,0,-0.22,-0.95,-0.02,-0.02,0.0038,-0.0038,-0.0038,WALKING,
2018/3/20 12:13,20,19,17.5,353,356,1,6,-0.93,-0.01,-0.22,-0.94,-0.02,-0.02,-0.0102,-0.0038,-0.0038,WALKING,
2018/3/20 12:13,20,19,17.5,357,358,1,6,-0.93,-0.01,-0.21,-0.94,-0.02,-0.02,-0.0157,-0.0015,-0.0015,WALKING,
2018/3/20 12:13,20,19,17.5,355,355,0,6,-0.93,0,-0.22,-0.94,-0.02,-0.03,0.0155,0.0128,0.0128,WALKING,
2018/3/20 12:13,20,19,17.5,355,359,0,6,-0.93,-0.01,-0.19,-0.94,-0.02,-0.02,-0.009,-0.0136,-0.0136,WALKING,
2018/3/20 12:13,20,19.1,17.5,354,360,0,6,-0.93,-0.01,-0.2,-0.94,-0.01,-0.03,-0.0005,-0.013,-0.013,WALKING,
2018/3/20 12:13,18,19.1,17.5,360,367,1,6,-0.94,0,-0.19,-0.94,-0.02,-0.02,-0.0111,0.0109,0.0109,WALKING,
2018/3/20 12:13,18,19.1,17.5,353,356,1,6,-0.93,-0.01,-0.2,-0.94,-0.02,-0.02,0.0197,0.0115,0.0115,WALKING,
2018/3/20 12:13,18,19.1,17.5,355,352,1,6,-0.93,-0.01,-0.2,-0.94,-0.02,-0.02,-0.0326,-0.0108,-0.0108,WALKING,
2018/3/20 12:13,18,19.1,17.5,350,355,1,6,-0.93,0,-0.19,-0.94,-0.02,-0.02,0.001,-0.0051,-0.0051,WALKING,
2018/3/20 12:13,18,19.1,17.5,352,343,1,6,-0.93,0,-0.19,-0.95,-0.02,-0.02,0.0077,0.0253,0.0253,WALKING,
2018/3/20 12:13,18,19.1,17.5,359,351,1,6,-0.93,-0.01,-0.2,-0.95,-0.03,-0.02,0.0007,-0.0157,-0.0157,WALKING,
2018/3/20 12:13,18,19.1,17.5,358,361,1,6,-0.93,-0.01,-0.2,-0.95,-0.02,-0.02,0.0012,-0.0101,-0.0101,WALKING,
2018/3/20 12:13,18,19.1,17.5,350,365,1,6,-0.93,0,-0.2,-0.95,-0.02,-0.02,0.0039,0.0057,0.0057,WALKING,
2018/3/20 12:13,18,19.1,17.5,353,353,1,5,-0.93,-0.01,-0.2,-0.94,-0.02,-0.03,0.0006,0.002,0.002,WALKING,
2018/3/20 12:13,18,19.1,17.5,354,358,1,6,-0.93,-0.01,-0.19,-0.94,-0.02,-0.02,0.0134,0.0088,0.0088,WALKING,
2018/3/20 12:13,18,19.1,17.5,355,366,1,5,-0.93,-0.01,-0.2,-0.94,-0.03,-0.02,-0.0151,0.0011,0.0011,WALKING,
2018/3/20 12:13,18,19.1,17.5,353,357,0,6,-0.94,-0.01,-0.2,-0.95,-0.02,-0.01,0.013,0.0032,0.0032,WALKING,
2018/3/20 12:13,18,19.1,17.5,355,368,0,6,-0.93,0,-0.2,-0.94,-0.02,-0.02,0.0336,-0.0027,-0.0027,WALKING,
2018/3/20 12:13,18,19.1,17.5,356,357,0,6,-0.93,-0.01,-0.2,-0.94,-0.02,-0.02,-0.0206,-0.0047,-0.0047,WALKING,
2018/3/20 12:13,19,19.1,17.5,360,367,0,5,-0.93,-0.01,-0.19,-0.94,-0.03,-0.02,-0.0119,0.007,0.007,WALKING,
2018/3/20 12:13,19,19.1,17.6,355,355,0,6,-0.93,-0.01,-0.2,-0.95,-0.02,-0.02,-0.0109,0.0024,0.0024,WALKING,
2018/3/20 12:13,19,19.1,17.6,356,356,0,6,-0.93,-0.01,-0.19,-0.94,-0.03,-0.02,-0.0095,-0.0353,-0.0353,WALKING,
2018/3/20 12:13,33,19.1,17.6,359,362,1,6,-0.93,-0.01,-0.2,-0.94,-0.02,-0.02,-0.0074,-0.0109,-0.0109,WALKING,
2018/3/20 12:13,36,19.1,17.6,352,357,1,5,-0.93,-0.01,-0.19,-0.95,-0.02,-0.02,-0.0054,-0.0076,-0.0076,WALKING,
2018/3/20 12:13,34,19.1,17.5,352,349,1,6,-0.93,-0.01,-0.2,-0.94,-0.02,-0.02,0.0239,0.0091,0.0091,WALKING,
2018/3/20 12:13,34,19.1,17.5,360,367,1,6,-0.93,-0.01,-0.2,-0.94,-0.02,-0.03,-0.0148,-0.0154,-0.0154,WALKING,
2018/3/20 12:13,34,19.1,17.5,351,357,1,6,-0.93,-0.01,-0.2,-0.94,-0.02,-0.02,0.0296,0.0169,0.0169,WALKING,
2018/3/20 12:13,34,19.1,17.5,354,350,1,6,-0.93,-0.01,-0.2,-0.94,-0.02,-0.03,-0.0104,-0.0027,-0.0027,WALKING,
2018/3/20 12:13,34,19.1,17.5,359,352,1,6,-0.93,0,-0.21,-0.95,-0.02,-0.02,-0.0292,-0.0168,-0.0168,WALKING,
2018/3/20 12:13,35,19.1,17.5,355,365,1,6,-0.93,0,-0.2,-0.94,-0.03,-0.02,0.0282,0.0287,0.0287,WALKING,
2018/3/20 12:13,35,19.1,19.1,350,348,1,6,-0.93,-0.01,-0.19,-0.95,-0.02,-0.02,-0.016,-0.0173,-0.0173,WALKING,
2018/3/20 12:13,35,19.1,17.6,351,360,1,6,-0.92,-0.01,-0.2,-0.95,-0.02,-0.02,-0.001,-0.0028,-0.0028,WALKING,
2018/3/20 12:13,19,19.1,17.6,353,356,1,6,-0.93,-0.01,-0.19,-0.94,-0.02,-0.02,-0.007,0.0131,0.0131,WALKING,
2018/3/20 12:13,19,19.1,17.6,359,356,1,6,-0.94,0,-0.19,-0.94,-0.02,-0.02,-0.0088,-0.007,-0.007,WALKING,
2018/3/20 12:13,19,19.1,17.6,354,351,1,6,-0.93,-0.01,-0.2,-0.95,-0.02,-0.02,0.0014,-0.0024,-0.0024,WALKING,
2018/3/20 12:13,19,19.1,17.6,356,371,1,6,-0.93,-0.01,-0.19,-0.94,-0.03,-0.03,-0.002,-0.0069,-0.0069,WALKING,
2018/3/20 12:13,19,19.1,17.6,357,348,1,5,-0.93,-0.01,-0.19,-0.94,-0.02,-0.02,0.0068,0.0029,0.0029,WALKING,
2018/3/20 12:13,19,19.1,17.6,352,361,1,6,-0.94,-0.01,-0.2,-0.94,-0.03,-0.02,0.0032,-0.0031,-0.0031,WALKING,
2018/3/20 12:13,19,19.1,17.6,354,365,1,6,-0.94,-0.01,-0.2,-0.94,-0.02,-0.02,0,-0.0219,-0.0219,WALKING,
2018/3/20 12:13,19,19.1,17.6,358,366,1,6,-0.93,-0.01,-0.2,-0.94,-0.03,-0.03,0.0037,-0.0011,-0.0011,WALKING,
2018/3/20 12:13,19,19.1,17.6,357,369,1,6,-0.93,-0.01,-0.21,-0.95,-0.02,-0.02,-0.0039,0.005,0.005,WALKING,
2018/3/20 12:13,18,19.1,17.6,360,351,1,6,-0.93,-0.01,-0.19,-0.95,-0.02,-0.01,-0.0022,0,0,WALKING,
2018/3/20 12:13,18,19.1,17.6,350,349,1,6,-0.93,0,-0.19,-0.95,-0.02,-0.02,0.0024,-0.0121,-0.0121,WALKING,
2018/3/20 12:13,18,19.1,17.6,352,344,1,6,-0.93,-0.01,-0.2,-0.94,-0.02,-0.02,0.0289,0.0284,0.0284,WALKING,
2018/3/20 12:13,18,19.1,17.6,354,369,1,6,-0.93,0,-0.19,-0.95,-0.02,-0.02,-0.0052,-0.0111,-0.0111,WALKING,
2018/3/20 12:13,19,19.1,17.6,352,366,1,6,-0.93,-0.01,-0.2,-0.94,-0.02,-0.02,-0.0159,-0.023,-0.023,WALKING,
2018/3/20 12:13,18,19.1,17.6,350,360,1,6,-0.93,-0.01,-0.2,-0.94,-0.02,-0.02,0.0014,0.0081,0.0081,WALKING,
2018/3/20 12:14,18,19.1,17.6,355,352,1,6,-0.93,-0.01,-0.19,-0.95,-0.02,-0.02,-0.0157,-0.005,-0.005,WALKING,
2018/3/20 12:14,18,19.1,17.6,358,357,1,6,-0.93,-0.01,-0.19,-0.94,-0.02,-0.02,-0.0123,-0.0127,-0.0127,WALKING,
2018/3/20 12:14,18,19.1,17.6,357,368,1,6,-0.93,-0.01,-0.2,-0.94,-0.02,-0.02,-0.0061,-0.0078,-0.0078,WALKING,
2018/3/20 12:14,18,19.1,17.6,355,354,1,6,-0.93,-0.01,-0.2,-0.94,-0.02,-0.01,0.0307,0.0247,0.0247,WALKING,
2018/3/20 12:14,16,19.1,17.6,356,364,1,6,-0.93,0,-0.2,-0.94,-0.02,-0.02,-0.0123,-0.0178,-0.0178,WALKING,
2018/3/20 12:14,16,19.1,17.6,357,363,1,6,-0.94,0,-0.2,-0.94,-0.02,-0.02,0.004,-0.0076,-0.0076,WALKING,
2018/3/20 12:14,13,19.1,17.6,358,365,1,6,-0.94,0,-0.19,-0.94,-0.02,-0.02,-0.0022,0.0003,0.0003,WALKING,
2018/3/20 12:14,13,19.1,17.6,360,353,1,6,-0.93,0,-0.2,-0.94,-0.02,-0.02,-0.0096,0.0034,0.0034,WALKING,
2018/3/20 12:14,22,19.1,17.6,355,348,1,6,-0.92,0,-0.22,-0.94,-0.02,-0.01,0.0012,-0.0067,-0.0067,WALKING,
2018/3/20 12:14,21,19.1,17.6,350,342,1,6,-0.93,-0.01,-0.21,-0.94,-0.02,-0.02,-0.0073,-0.0056,-0.0056,WALKING,
2018/3/20 12:14,16,19.1,17.6,351,346,1,6,-0.93,-0.01,-0.22,-0.95,-0.02,-0.02,-0.0006,-0.004,-0.004,WALKING,
2018/3/20 12:14,19,19.1,17.6,356,351,1,6,-0.93,0,-0.22,-0.95,-0.03,-0.03,0.0234,0.0073,0.0073,WALKING,
2018/3/20 12:14,27,19.1,17.6,360,357,1,6,-0.93,-0.01,-0.22,-0.95,-0.02,-0.03,-0.0242,-0.0161,-0.0161,WALKING,
2018/3/20 12:14,36,19.1,17.6,353,363,1,6,-0.93,-0.01,-0.22,-0.93,-0.02,-0.02,0.0027,0.0092,0.0092,WALKING,
2018/3/20 12:14,19,19.1,17.6,355,368,1,6,-0.93,-0.01,-0.21,-0.94,-0.02,-0.02,0.0118,-0.002,-0.002,WALKING,
2018/3/20 12:14,18,19.1,17.6,359,369,1,6,-0.93,-0.01,-0.22,-0.94,-0.02,-0.02,0.0025,-0.0056,-0.0056,WALKING,
2018/3/20 12:14,18,19.1,17.6,359,370,1,6,-0.92,-0.01,-0.23,-0.93,-0.02,-0.03,0.0053,-0.0038,-0.0038,WALKING,
2018/3/20 12:14,17,19.1,17.6,353,343,1,6,-0.93,-0.01,-0.22,-0.94,-0.02,-0.01,0.012,-0.0022,-0.0022,WALKING,
2018/3/20 12:14,18,19.1,17.6,353,354,1,6,-0.93,0,-0.23,-0.94,-0.02,-0.02,-0.0051,-0.0087,-0.0087,WALKING,
2018/3/20 12:14,27,19.1,17.6,359,364,1,6,-0.93,-0.01,-0.21,-0.94,-0.03,-0.01,0.007,-0.0082,-0.0082,WALKING,
2018/3/20 12:14,40,19.1,17.6,350,364,1,6,-0.92,-0.01,-0.21,-0.94,-0.03,-0.03,0.0115,0.0099,0.0099,WALKING,
2018/3/20 12:14,48,19.1,17.6,359,365,1,6,-0.93,-0.01,-0.22,-0.94,-0.02,-0.02,-0.0105,-0.0085,-0.0085,WALKING,
2018/3/20 12:14,19,19,17.6,355,356,1,6,-0.93,0,-0.22,-0.94,-0.02,-0.01,0.0024,-0.0025,-0.0025,WALKING,
2018/3/20 12:14,31,19,17.6,351,345,1,6,-0.93,0,-0.22,-0.94,-0.02,-0.02,-0.0155,-0.0029,-0.0029,WALKING,
2018/3/20 12:14,28,19,17.6,356,359,1,6,-0.93,-0.01,-0.22,-0.94,-0.02,-0.02,-0.0034,-0.0091,-0.0091,WALKING,
2018/3/20 12:14,19,19.1,17.6,352,349,1,6,-0.93,0,-0.22,-0.95,-0.02,-0.02,-0.0043,-0.0062,-0.0062,WALKING,
2018/3/20 12:14,17,19.1,17.6,353,345,1,6,-0.93,-0.01,-0.21,-0.94,-0.02,-0.02,0.0172,0.0137,0.0137,WALKING,
2018/3/20 12:14,15,19.1,17.6,355,350,1,5,-0.93,-0.01,-0.22,-0.94,-0.02,-0.01,-0.0106,-0.0108,-0.0108,WALKING,
2018/3/20 12:14,21,19.1,17.6,353,360,1,5,-0.93,-0.01,-0.23,-0.95,-0.02,-0.02,0.0164,-0.0061,-0.0061,WALKING,
2018/3/20 12:14,12,19.1,17.6,353,344,1,6,-0.93,-0.01,-0.22,-0.94,-0.02,-0.02,-0.0239,-0.0136,-0.0136,WALKING,
2018/3/20 12:14,10,19.1,17.6,359,370,1,5,-0.93,0,-0.22,-0.95,-0.03,-0.02,0.0178,0.0097,0.0097,WALKING,
2018/3/20 12:14,12,19.1,17.6,354,367,1,6,-0.94,0,-0.21,-0.95,-0.02,-0.03,0.0038,-0.0115,-0.0115,WALKING,
2018/3/20 12:14,12,19.1,17.6,360,355,1,5,-0.92,0,-0.22,-0.94,-0.02,-0.02,0.004,-0.0131,-0.0131,WALKING,
2018/3/20 12:14,11,19.1,17.6,354,365,1,6,-0.93,-0.01,-0.19,-0.94,-0.02,-0.01,0.0014,0.0081,0.0081,WALKING,
2018/3/20 12:14,13,19.1,17.7,360,351,1,5,-0.93,-0.01,-0.2,-0.94,-0.02,-0.02,-0.0157,-0.005,-0.005,WALKING,
2018/3/20 12:14,18,19.1,17.7,357,358,1,6,-0.93,0,-0.19,-0.94,-0.02,-0.01,-0.0123,-0.0127,-0.0127,WALKING,
2018/3/20 12:14,18,19.1,17.7,352,344,1,6,-0.93,0,-0.2,-0.93,-0.02,-0.02,-0.0061,-0.0078,-0.0078,WALKING,
2018/3/20 12:14,17,19.1,17.7,351,352,1,6,-0.93,-0.01,-0.2,-0.94,-0.02,-0.02,0.0307,0.0247,0.0247,WALKING,
2018/3/20 12:14,20,19.1,17.7,352,346,1,6,-0.93,0,-0.19,-0.95,-0.02,-0.02,-0.0123,-0.0178,-0.0178,WALKING,
2018/3/20 12:14,18,19.1,17.7,355,366,1,6,-0.93,0,-0.19,-0.94,-0.02,-0.02,0.004,-0.0076,-0.0076,WALKING,
2018/3/20 12:14,18,19.1,17.7,350,359,1,6,-0.93,0,-0.2,-0.95,-0.02,-0.02,-0.0022,0.0003,0.0003,WALKING,
2018/3/20 12:14,18,19.1,17.7,352,367,1,6,-0.93,-0.01,-0.2,-0.94,-0.02,-0.02,-0.0096,0.0034,0.0034,WALKING,
2018/3/20 12:14,19,19.1,17.7,352,342,1,6,-0.93,-0.01,-0.2,-0.93,-0.02,-0.02,0.0012,-0.0067,-0.0067,WALKING,
2018/3/20 12:14,19,19.1,17.7,353,366,0,6,-0.93,-0.01,-0.2,-0.95,-0.02,-0.02,-0.0073,-0.0056,-0.0056,WALKING,
2018/3/20 12:14,51,19.1,17.7,360,355,0,6,-0.93,-0.01,-0.19,-0.95,-0.03,-0.02,-0.0006,-0.004,-0.004,WALKING,
2018/3/20 12:14,51,19.1,17.7,352,367,0,6,-0.93,0,-0.2,-0.94,-0.02,-0.02,0.0234,0.0073,0.0073,WALKING,
2018/3/20 12:14,51,19.1,17.7,354,347,0,6,-0.93,0,-0.2,-0.95,-0.02,-0.02,-0.0242,-0.0161,-0.0161,WALKING,
2018/3/20 12:14,51,19.1,17.7,350,363,0,6,-0.93,-0.01,-0.2,-0.94,-0.02,-0.02,0.0027,0.0092,0.0092,WALKING,
2018/3/20 12:14,51,19.1,17.7,355,350,0,6,-0.93,0,-0.2,-0.94,-0.02,-0.03,0.0118,-0.002,-0.002,WALKING,
2018/3/20 12:14,50,19.1,17.7,359,355,0,5,-0.93,0,-0.19,-0.94,-0.02,-0.03,0.0025,-0.0056,-0.0056,WALKING,
2018/3/20 12:14,50,19.1,17.7,355,365,0,6,-0.93,0,-0.2,-0.95,-0.02,-0.02,0.0053,-0.0038,-0.0038,WALKING,
2018/3/20 12:14,50,19.1,17.7,353,366,0,6,-0.92,-0.01,-0.19,-0.94,-0.02,-0.02,0.012,-0.0022,-0.0022,WALKING,
2018/3/20 12:14,51,19.1,17.7,353,362,0,6,-0.93,-0.01,-0.2,-0.94,-0.02,-0.02,-0.0051,-0.0087,-0.0087,WALKING,
2018/3/20 12:14,50,19.1,17.7,355,347,0,6,-0.93,0,-0.19,-0.95,-0.02,-0.02,0.007,-0.0082,-0.0082,WALKING,
2018/3/20 12:14,51,19.1,17.7,353,348,1,6,-0.93,-0.01,-0.2,-0.94,-0.02,-0.03,0.0115,0.0099,0.0099,WALKING,
2018/3/20 12:14,51,19.1,17.7,358,354,1,6,-0.92,-0.01,-0.2,-0.94,-0.01,-0.02,-0.0105,-0.0085,-0.0085,WALKING,
2018/3/20 12:14,51,19.1,17.7,350,347,1,6,-0.93,-0.01,-0.2,-0.94,-0.02,-0.02,0.0024,-0.0025,-0.0025,WALKING,
2018/3/20 12:14,52,19.1,17.7,354,347,1,6,-0.93,0,-0.2,-0.95,-0.02,-0.02,-0.0155,-0.0029,-0.0029,WALKING,
2018/3/20 12:14,51,19.1,17.7,351,350,1,6,-0.93,0,-0.21,-0.94,-0.03,-0.01,-0.0034,-0.0091,-0.0091,WALKING,
2018/3/20 12:14,19,19.1,17.7,355,350,1,6,-0.93,-0.01,-0.2,-0.94,-0.02,-0.02,-0.0043,-0.0062,-0.0062,WALKING,
2018/3/20 12:14,20,19.1,17.7,352,354,1,6,-0.93,-0.01,-0.19,-0.94,-0.02,-0.03,0.0172,0.0137,0.0137,WALKING,
2018/3/20 12:14,20,19.1,17.7,350,342,1,6,-0.93,-0.01,-0.2,-0.94,-0.03,-0.01,-0.0106,-0.0108,-0.0108,WALKING,
2018/3/20 12:14,20,19.1,17.7,358,363,1,6,-0.93,-0.01,-0.19,-0.94,-0.03,-0.02,0.0164,-0.0061,-0.0061,WALKING,
2018/3/20 12:14,20,19.1,17.7,360,359,1,6,-0.93,-0.01,-0.19,-0.95,-0.02,-0.02,-0.0239,-0.0136,-0.0136,WALKING,
2018/3/20 12:14,18,19.1,17.7,356,366,0,6,-0.92,-0.01,-0.2,-0.94,-0.02,-0.02,0.0178,0.0097,0.0097,WALKING,
2018/3/20 12:14,18,19.1,17.7,360,356,0,6,-0.93,0,-0.19,-0.94,-0.02,-0.02,0.0038,-0.0115,-0.0115,WALKING,
2018/3/20 12:14,18,19.1,17.7,357,355,0,6,-0.92,0,-0.19,-0.93,-0.02,-0.02,0.004,-0.0131,-0.0131,WALKING,
2018/3/20 12:14,18,19.1,17.7,359,356,0,6,-0.93,-0.01,-0.2,-0.94,-0.02,-0.02,0.0014,0.0081,0.0081,WALKING,
2018/3/20 12:14,18,19.1,17.7,360,370,0,6,-0.93,0,-0.2,-0.94,-0.02,-0.02,-0.0157,-0.005,-0.005,WALKING,
2018/3/20 12:14,19,19.1,17.7,357,369,1,6,-0.92,-0.01,-0.2,-0.94,-0.02,-0.02,-0.0123,-0.0127,-0.0127,WALKING,
2018/3/20 12:14,19,19.1,17.7,357,352,1,6,-0.93,-0.01,-0.21,-0.94,-0.02,-0.02,-0.0061,-0.0078,-0.0078,WALKING,
2018/3/20 12:14,19,19.1,17.7,356,358,1,6,-0.93,-0.01,-0.19,-0.94,-0.03,-0.02,0.0307,0.0247,0.0247,WALKING,
2018/3/20 12:14,19,19.1,17.7,351,361,1,6,-0.93,0,-0.19,-0.94,-0.02,-0.02,-0.0123,-0.0178,-0.0178,WALKING,
2018/3/20 12:14,19,19.1,17.7,352,352,1,6,-0.93,-0.01,-0.2,-0.94,-0.02,-0.02,0.004,-0.0076,-0.0076,WALKING,
2018/3/20 12:14,19,19.1,17.7,356,368,1,6,-0.93,-0.01,-0.19,-0.94,-0.01,-0.02,-0.0022,0.0003,0.0003,WALKING,
2018/3/20 12:14,19,19.1,17.7,350,356,1,6,-0.93,0,-0.2,-0.94,-0.02,-0.02,-0.0096,0.0034,0.0034,WALKING,
2018/3/20 12:14,19,19.1,17.7,354,344,1,6,-0.93,-0.01,-0.2,-0.94,-0.02,-0.02,0.0012,-0.0067,-0.0067,WALKING,
2018/3/20 12:14,19,19.1,17.7,353,363,1,6,-0.93,0,-0.19,-0.94,-0.03,-0.03,-0.0073,-0.0056,-0.0056,WALKING,
2018/3/20 12:14,19,19.1,17.7,359,357,1,6,-0.93,-0.01,-0.19,-0.94,-0.02,-0.02,-0.0006,-0.004,-0.004,WALKING,
2018/3/20 12:14,19,19.1,17.7,357,360,1,6,-0.93,-0.01,-0.2,-0.94,-0.01,-0.02,0.0234,0.0073,0.0073,WALKING,
2018/3/20 12:14,18,19.1,17.7,358,349,1,6,-0.93,-0.01,-0.2,-0.94,-0.02,-0.02,-0.0242,-0.0161,-0.0161,WALKING,
2018/3/20 12:14,20,19.1,17.7,355,347,1,5,-0.93,0,-0.2,-0.94,-0.02,-0.03,0.0027,0.0092,0.0092,WALKING,
2018/3/20 12:14,19,19.1,17.7,355,345,1,6,-0.93,-0.01,-0.2,-0.94,-0.03,-0.03,0.0118,-0.002,-0.002,WALKING,
2018/3/20 12:14,19,19.1,17.7,356,348,1,6,-0.93,-0.01,-0.19,-0.94,-0.02,-0.02,0.0025,-0.0056,-0.0056,WALKING,
2018/3/20 12:14,19,19.1,17.7,352,342,1,6,-0.93,-0.01,-0.22,-0.94,-0.02,-0.02,0.0053,-0.0038,-0.0038,WALKING,
2018/3/20 12:14,20,19.1,17.7,358,357,1,6,-0.93,-0.01,-0.19,-0.94,-0.02,-0.02,0.012,-0.0022,-0.0022,WALKING,
2018/3/20 12:14,21,19.1,17.7,358,352,1,6,-0.93,-0.01,-0.2,-0.94,-0.02,-0.02,-0.0051,-0.0087,-0.0087,WALKING,
2018/3/20 12:14,20,19.1,17.7,353,359,1,6,-0.92,-0.01,-0.19,-0.94,-0.02,-0.02,0.007,-0.0082,-0.0082,WALKING,
2018/3/20 12:14,19,19.1,17.7,355,370,1,6,-0.92,-0.01,-0.2,-0.94,-0.03,-0.02,0.0115,0.0099,0.0099,WALKING,
2018/3/20 12:14,20,19.1,17.7,352,365,1,6,-0.93,-0.01,-0.2,-0.94,-0.02,-0.02,-0.0105,-0.0085,-0.0085,WALKING,
2018/3/20 12:14,20,19.1,17.7,351,344,1,6,-0.93,-0.01,-0.19,-0.95,-0.02,-0.02,0.0024,-0.0025,-0.0025,WALKING,
2018/3/20 12:14,20,19.1,17.7,360,363,1,6,-0.93,-0.01,-0.19,-0.94,-0.02,-0.02,-0.0155,-0.0029,-0.0029,WALKING,
2018/3/20 12:14,19,19.1,17.7,351,362,1,6,-0.93,-0.01,-0.2,-0.94,-0.03,-0.02,-0.0034,-0.0091,-0.0091,WALKING,
2018/3/20 12:14,20,19.1,17.7,358,348,1,6,-0.92,-0.01,-0.2,-0.95,-0.03,-0.02,-0.0043,-0.0062,-0.0062,WALKING,
2018/3/20 12:14,20,19.1,17.7,355,367,1,6,-0.93,-0.01,-0.2,-0.95,-0.03,-0.03,0.0172,0.0137,0.0137,WALKING,
2018/3/20 12:14,20,19.1,17.7,358,370,1,6,-0.93,0,-0.2,-0.94,-0.02,-0.02,-0.0106,-0.0108,-0.0108,WALKING,
2018/3/20 12:14,20,19.1,17.7,353,368,1,6,-0.93,-0.01,-0.19,-0.94,-0.03,-0.02,0.0164,-0.0061,-0.0061,WALKING,
2018/3/20 12:14,20,19.1,17.7,356,371,1,6,-0.93,0,-0.2,-0.94,-0.02,-0.02,-0.0239,-0.0136,-0.0136,WALKING,
2018/3/20 12:15,20,19.1,17.7,359,366,1,6,-0.92,-0.01,-0.2,-0.94,-0.02,-0.02,0.0178,0.0097,0.0097,WALKING,
2018/3/20 12:15,20,19.1,17.7,357,368,1,6,-0.93,-0.01,-0.2,-0.95,-0.03,-0.02,0.0038,-0.0115,-0.0115,WALKING,
2018/3/20 12:15,22,19.1,17.7,356,353,1,6,-0.93,0,-0.2,-0.94,-0.02,-0.02,0.004,-0.0131,-0.0131,WALKING,
2018/3/20 12:15,25,19.1,17.7,352,349,1,6,-0.93,-0.01,-0.19,-0.95,-0.02,-0.02,0.0006,0.002,0.002,WALKING,
2018/3/20 12:15,51,19.1,17.7,350,359,1,6,-0.93,-0.01,-0.2,-0.94,-0.02,-0.02,0.0134,0.0088,0.0088,WALKING,
2018/3/20 12:15,51,19.1,17.7,352,361,1,6,-0.93,-0.01,-0.19,-0.95,-0.02,-0.03,-0.0151,0.0011,0.0011,WALKING,
2018/3/20 12:15,51,19.1,17.7,353,358,0,6,-0.93,-0.01,-0.2,-0.94,-0.02,-0.02,0.013,0.0032,0.0032,WALKING,
2018/3/20 12:15,51,19.2,17.7,354,356,0,6,-0.93,0,-0.19,-0.94,-0.02,-0.02,0.0336,-0.0027,-0.0027,WALKING,
2018/3/20 12:15,51,19.2,17.7,354,363,0,6,-0.93,-0.01,-0.2,-0.94,-0.02,-0.02,-0.0206,-0.0047,-0.0047,WALKING,
2018/3/20 12:15,51,19.2,17.8,358,348,0,6,-0.93,0,-0.2,-0.94,-0.02,-0.01,-0.0119,0.007,0.007,WALKING,
2018/3/20 12:15,51,19.2,17.8,356,365,0,6,-0.93,-0.01,-0.2,-0.94,-0.02,-0.03,-0.0109,0.0024,0.0024,WALKING,
2018/3/20 12:15,52,19.2,17.8,353,362,0,6,-0.93,-0.01,-0.2,-0.94,-0.02,-0.01,-0.0095,-0.0353,-0.0353,WALKING,
2018/3/20 12:15,52,19.2,17.7,360,351,0,5,-0.93,-0.01,-0.22,-0.94,-0.02,-0.02,-0.0074,-0.0109,-0.0109,WALKING,
2018/3/20 12:15,52,19.1,17.7,360,354,0,6,-0.93,-0.01,-0.19,-0.93,-0.02,-0.01,-0.0054,-0.0076,-0.0076,WALKING,
2018/3/20 12:15,52,19.1,19.1,357,371,0,5,-0.93,0,-0.2,-0.94,-0.02,-0.02,0.0239,0.0091,0.0091,WALKING,
2018/3/20 12:15,52,19.1,17.8,357,361,0,6,-0.93,-0.01,-0.19,-0.94,-0.02,-0.02,-0.0148,-0.0154,-0.0154,WALKING,
2018/3/20 12:15,52,19.1,17.8,352,361,0,6,-0.93,-0.01,-0.2,-0.95,-0.02,-0.02,0.0296,0.0169,0.0169,WALKING,
2018/3/20 12:15,53,19.2,17.8,352,356,0,6,-0.93,0,-0.2,-0.95,-0.02,-0.01,-0.0104,-0.0027,-0.0027,WALKING,
2018/3/20 12:15,53,19.2,17.8,358,359,0,6,-0.93,0,-0.19,-0.94,-0.03,-0.01,-0.0292,-0.0168,-0.0168,WALKING,
2018/3/20 12:15,53,19.2,17.8,350,354,0,6,-0.93,-0.01,-0.19,-0.94,-0.03,-0.02,0.0282,0.0287,0.0287,WALKING,
2018/3/20 12:15,51,19.2,17.8,350,347,0,6,-0.93,0,-0.2,-0.94,-0.03,-0.02,-0.016,-0.0173,-0.0173,WALKING,
2018/3/20 12:15,51,19.2,17.8,357,348,0,6,-0.93,0,-0.2,-0.95,-0.02,-0.02,-0.001,-0.0028,-0.0028,WALKING,
2018/3/20 12:15,51,19.2,17.8,358,367,0,6,-0.93,0,-0.2,-0.95,-0.02,-0.02,-0.007,0.0131,0.0131,WALKING,
2018/3/20 12:15,51,19.2,17.8,352,353,0,6,-0.93,-0.01,-0.2,-0.94,-0.02,-0.03,-0.0088,-0.007,-0.007,WALKING,
2018/3/20 12:15,51,19.2,17.8,354,344,0,6,-0.92,-0.01,-0.19,-0.95,-0.02,-0.02,0.0014,-0.0024,-0.0024,WALKING,
2018/3/20 12:15,51,19.2,17.8,354,368,0,5,-0.93,-0.01,-0.2,-0.94,-0.02,-0.03,-0.002,-0.0069,-0.0069,WALKING,
2018/3/20 12:15,52,19.2,17.8,355,370,0,6,-0.93,0,-0.2,-0.94,-0.02,-0.02,0.0068,0.0029,0.0029,WALKING,
2018/3/20 12:15,53,19.2,17.8,353,364,1,6,-0.93,-0.01,-0.2,-0.94,-0.02,-0.02,0.0032,-0.0031,-0.0031,WALKING,
2018/3/20 12:15,52,19.2,17.8,355,360,1,6,-0.93,-0.01,-0.2,-0.95,-0.02,-0.01,0,-0.0219,-0.0219,WALKING,
2018/3/20 12:15,52,19.2,17.8,353,360,1,6,-0.92,-0.01,-0.19,-0.94,-0.03,-0.02,0.0037,-0.0011,-0.0011,WALKING,
2018/3/20 12:15,52,19.2,17.8,354,360,1,6,-0.93,0,-0.2,-0.95,-0.02,-0.02,-0.0039,0.005,0.005,WALKING,
2018/3/20 12:15,52,19.2,17.8,353,356,1,6,-0.92,-0.01,-0.19,-0.94,-0.02,-0.02,-0.0022,0,0,WALKING,
2018/3/20 12:15,52,19.2,17.8,360,370,1,6,-0.92,-0.01,-0.2,-0.94,-0.02,-0.02,0.0024,-0.0121,-0.0121,WALKING,
2018/3/20 12:15,52,19.2,17.8,354,360,0,6,-0.93,-0.01,-0.19,-0.95,-0.02,-0.03,0.0289,0.0284,0.0284,WALKING,
2018/3/20 12:15,52,19.2,17.8,358,373,0,6,-0.92,-0.01,-0.2,-0.94,-0.03,-0.03,-0.0052,-0.0111,-0.0111,WALKING,