`,in,out,activity
2018/3/20 11:54,281,246,SEMI
2018/3/20 11:54,301,112,SEMI
2018/3/20 11:54,112,220,SEMI
2018/3/20 11:54,177,132,SEMI
2018/3/20 11:54,302,270,SEMI
2018/3/20 11:54,266,273,SEMI
2018/3/20 11:54,300,170,SEMI
2018/3/20 11:54,163,256,SEMI
2018/3/20 11:54,124,145,SEMI
2018/3/20 11:54,121,233,SEMI
2018/3/20 11:54,286,243,SEMI
2018/3/20 11:54,261,118,SEMI
2018/3/20 11:54,292,125,SEMI
2018/3/20 11:54,197,212,SEMI
2018/3/20 11:54,262,178,SEMI
2018/3/20 11:54,286,269,SEMI
2018/3/20 11:54,269,150,SEMI
2018/3/20 11:54,267,171,SEMI
2018/3/20 11:54,113,218,SEMI
2018/3/20 11:54,226,137,SEMI
2018/3/20 11:54,233,125,SEMI
2018/3/20 11:54,313,292,SEMI
2018/3/20 11:54,210,180,SEMI
2018/3/20 11:54,246,294,SEMI
2018/3/20 11:54,122,127,SEMI
2018/3/20 11:54,232,169,SEMI
2018/3/20 11:54,256,141,SEMI
2018/3/20 11:54,317,318,SEMI
2018/3/20 11:54,241,209,SEMI
2018/3/20 11:54,220,221,SEMI
2018/3/20 11:54,124,307,SEMI
2018/3/20 11:54,295,226,SEMI
2018/3/20 11:54,173,253,SEMI
2018/3/20 11:54,222,273,SEMI
2018/3/20 11:54,156,163,SEMI
2018/3/20 11:54,196,264,SEMI
2018/3/20 11:54,159,204,SEMI
2018/3/20 11:54,309,117,SEMI
2018/3/20 11:54,291,190,SEMI
2018/3/20 11:54,239,284,SEMI
2018/3/20 11:54,237,206,SEMI
2018/3/20 11:54,104,144,SEMI
2018/3/20 11:54,234,306,SEMI
2018/3/20 11:54,136,265,SEMI
2018/3/20 11:54,317,185,SEMI
2018/3/20 11:54,255,286,SEMI
2018/3/20 11:54,106,149,SEMI
2018/3/20 11:54,202,302,SEMI
2018/3/20 11:54,298,153,SEMI
2018/3/20 11:54,173,286,SEMI
2018/3/20 11:54,204,117,SEMI
2018/3/20 11:54,179,311,SEMI
2018/3/20 11:54,119,307,SEMI
2018/3/20 11:54,309,207,SEMI
2018/3/20 11:54,236,112,SEMI
2018/3/20 11:54,248,157,SEMI
2018/3/20 11:54,104,209,SEMI
2018/3/20 11:54,165,171,SEMI
2018/3/20 11:54,212,112,SEMI
2018/3/20 11:54,198,303,SEMI
2018/3/20 11:54,149,220,SEMI
2018/3/20 11:54,204,262,SEMI
2018/3/20 11:54,256,292,SEMI
2018/3/20 11:54,275,249,SEMI
2018/3/20 11:54,241,270,SEMI
2018/3/20 11:54,248,127,SEMI
2018/3/20 11:54,276,262,SEMI
2018/3/20 11:54,205,265,SEMI
2018/3/20 11:54,123,177,SEMI
2018/3/20 11:54,293,161,SEMI
2018/3/20 11:54,280,163,SEMI
2018/3/20 11:54,243,278,SEMI
2018/3/20 11:54,125,139,SEMI
2018/3/20 11:54,248,170,SEMI
2018/3/20 11:54,154,291,SEMI
2018/3/20 11:54,250,224,SEMI
2018/3/20 11:54,115,251,SEMI
2018/3/20 11:54,117,152,SEMI
2018/3/20 11:54,222,188,SEMI
2018/3/20 11:54,277,231,SEMI
2018/3/20 11:54,232,182,SEMI
2018/3/20 11:54,179,110,SEMI
2018/3/20 11:54,103,140,SEMI
2018/3/20 11:54,226,129,SEMI
2018/3/20 11:54,316,273,SEMI
2018/3/20 11:54,312,194,SEMI
2018/3/20 11:54,233,256,SEMI
2018/3/20 11:54,196,268,SEMI
2018/3/20 11:54,203,297,SEMI
2018/3/20 11:54,284,281,SEMI
2018/3/20 11:54,314,252,SEMI
2018/3/20 11:54,262,205,SEMI
2018/3/20 11:54,117,155,SEMI
2018/3/20 11:54,238,117,SEMI
2018/3/20 11:54,246,129,SEMI
2018/3/20 11:54,172,158,SEMI
2018/3/20 11:54,172,199,SEMI
2018/3/20 11:54,247,271,SEMI
2018/3/20 11:54,110,222,SEMI
2018/3/20 11:54,230,104,SEMI
2018/3/20 11:54,192,203,SEMI
2018/3/20 11:54,160,145,SEMI
2018/3/20 11:54,306,255,SEMI
2018/3/20 11:54,146,177,SEMI
2018/3/20 11:54,167,272,SEMI
2018/3/20 11:54,135,230,SEMI
2018/3/20 11:54,142,202,SEMI
2018/3/20 11:54,166,238,SEMI
2018/3/20 11:54,178,194,SEMI
2018/3/20 11:54,190,297,SEMI
2018/3/20 11:54,216,281,SEMI
2018/3/20 11:54,227,238,SEMI
2018/3/20 11:54,114,173,SEMI
2018/3/20 11:54,138,139,SEMI
2018/3/20 11:54,290,127,SEMI
2018/3/20 11:54,281,205,SEMI
2018/3/20 11:54,146,302,SEMI
2018/3/20 11:54,174,302,SEMI
2018/3/20 11:54,173,242,SEMI
2018/3/20 11:54,305,157,SEMI
2018/3/20 11:54,150,140,SEMI
2018/3/20 11:54,185,245,SEMI
2018/3/20 11:54,212,247,SEMI
2018/3/20 11:54,250,162,SEMI
2018/3/20 11:54,188,245,SEMI
2018/3/20 11:54,248,170,SEMI
2018/3/20 11:54,107,289,SEMI
2018/3/20 11:54,185,253,SEMI
2018/3/20 11:54,222,286,SEMI
2018/3/20 11:54,217,113,SEMI
2018/3/20 11:54,253,157,SEMI
2018/3/20 11:54,174,231,SEMI
2018/3/20 11:54,255,190,SEMI
2018/3/20 11:54,107,201,SEMI
2018/3/20 11:54,167,278,SEMI
2018/3/20 11:54,239,302,SEMI
2018/3/20 11:54,243,249,SEMI
2018/3/20 11:54,259,127,SEMI
2018/3/20 11:54,248,165,SEMI
2018/3/20 11:54,158,182,SEMI
2018/3/20 11:54,121,269,SEMI
2018/3/20 11:54,122,291,SEMI
2018/3/20 11:54,114,180,SEMI
2018/3/20 11:54,158,214,SEMI
2018/3/20 11:54,237,160,SEMI
2018/3/20 11:54,221,166,SEMI
2018/3/20 11:54,227,252,SEMI
2018/3/20 11:54,163,191,SEMI
2018/3/20 11:54,250,137,SEMI
2018/3/20 11:54,148,175,SEMI
2018/3/20 11:54,138,223,SEMI
2018/3/20 11:54,229,279,SEMI
2018/3/20 11:54,172,216,SEMI
2018/3/20 11:54,211,272,SEMI
2018/3/20 11:54,210,107,SEMI
2018/3/20 11:54,269,113,SEMI
2018/3/20 11:54,234,136,SEMI
2018/3/20 11:54,166,195,SEMI
2018/3/20 11:54,221,149,SEMI
2018/3/20 11:54,152,258,SEMI
2018/3/20 11:54,145,255,SEMI
2018/3/20 11:54,176,251,SEMI
2018/3/20 11:54,253,145,SEMI
2018/3/20 11:54,208,218,SEMI
2018/3/20 11:54,262,286,SEMI
2018/3/20 11:54,260,162,SEMI
2018/3/20 11:54,266,133,SEMI
2018/3/20 11:54,315,161,SEMI
2018/3/20 11:54,283,298,SEMI
2018/3/20 11:54,109,233,SEMI
2018/3/20 11:54,201,286,SEMI
2018/3/20 11:54,244,166,SEMI
2018/3/20 11:54,189,202,SEMI
2018/3/20 11:54,149,166,SEMI
2018/3/20 11:54,138,104,SEMI
2018/3/20 11:54,290,152,SEMI
2018/3/20 11:54,199,268,SEMI
2018/3/20 11:54,191,150,SEMI
2018/3/20 11:54,146,111,SEMI
2018/3/20 11:54,183,238,SEMI
2018/3/20 11:54,130,284,SEMI
2018/3/20 11:54,130,212,SEMI
2018/3/20 11:54,155,289,SEMI
2018/3/20 11:54,156,262,SEMI
2018/3/20 11:54,121,277,SEMI
2018/3/20 11:54,317,109,SEMI
2018/3/20 11:54,130,243,SEMI
2018/3/20 11:54,225,310,SEMI
2018/3/20 11:55,100,280,SEMI
2018/3/20 11:55,137,127,SEMI
2018/3/20 11:55,183,110,SEMI
2018/3/20 11:55,248,134,SEMI
2018/3/20 11:55,316,225,SEMI
2018/3/20 11:55,135,241,SEMI
2018/3/20 11:55,120,284,SEMI
2018/3/20 11:55,264,271,SEMI
2018/3/20 11:55,209,118,SEMI
2018/3/20 11:55,158,190,SEMI
2018/3/20 11:55,185,123,SEMI
2018/3/20 11:55,297,104,SEMI
2018/3/20 11:55,282,316,SEMI
2018/3/20 11:55,237,238,SEMI
2018/3/20 11:55,136,118,SEMI
2018/3/20 11:55,187,171,SEMI
2018/3/20 11:55,121,268,SEMI
2018/3/20 11:55,190,226,SEMI
2018/3/20 11:55,281,224,SEMI
2018/3/20 11:55,174,144,SEMI
2018/3/20 11:55,220,252,SEMI
2018/3/20 11:55,229,311,SEMI
2018/3/20 11:55,235,160,SEMI
2018/3/20 11:55,146,102,SEMI
2018/3/20 11:55,105,142,SEMI
2018/3/20 11:55,314,307,SEMI
2018/3/20 11:55,261,253,SEMI
2018/3/20 11:55,229,287,SEMI
2018/3/20 11:55,244,140,SEMI
2018/3/20 11:55,274,239,SEMI
2018/3/20 11:55,174,286,SEMI
2018/3/20 11:55,118,309,SEMI
2018/3/20 11:55,211,180,SEMI
2018/3/20 11:55,199,226,SEMI
2018/3/20 11:55,319,189,SEMI
2018/3/20 11:55,112,110,SEMI
2018/3/20 11:55,244,196,SEMI
2018/3/20 11:55,276,137,SEMI
2018/3/20 11:55,206,117,SEMI
2018/3/20 11:55,316,313,SEMI
2018/3/20 11:55,268,165,SEMI
2018/3/20 11:55,247,184,SEMI
2018/3/20 11:55,215,192,SEMI
2018/3/20 11:55,268,141,SEMI
2018/3/20 11:55,231,193,SEMI
2018/3/20 11:55,222,303,SEMI
2018/3/20 11:55,121,141,SEMI
2018/3/20 11:55,181,148,SEMI
2018/3/20 11:55,157,276,SEMI
2018/3/20 11:55,262,111,SEMI
2018/3/20 11:55,222,226,SEMI
2018/3/20 11:55,290,152,SEMI
2018/3/20 11:55,267,239,SEMI
2018/3/20 11:55,214,181,SEMI
2018/3/20 11:55,315,254,SEMI
2018/3/20 11:55,277,300,SEMI
2018/3/20 11:55,280,242,SEMI
2018/3/20 11:55,283,137,SEMI
2018/3/20 11:55,290,148,SEMI
2018/3/20 11:55,207,151,SEMI
2018/3/20 11:55,204,113,SEMI
2018/3/20 11:55,157,311,SEMI
2018/3/20 11:55,135,200,SEMI
2018/3/20 11:55,150,182,SEMI
2018/3/20 11:55,201,216,SEMI
2018/3/20 11:55,156,160,SEMI
2018/3/20 11:55,286,115,SEMI
2018/3/20 11:55,147,283,SEMI
2018/3/20 11:55,170,220,SEMI
2018/3/20 11:55,138,195,SEMI
2018/3/20 11:55,256,199,SEMI
2018/3/20 11:55,102,278,SEMI
2018/3/20 11:55,138,317,SEMI
2018/3/20 11:55,234,130,SEMI
2018/3/20 11:55,145,116,SEMI
2018/3/20 11:55,289,119,SEMI
2018/3/20 11:55,300,284,SEMI
2018/3/20 11:55,167,277,SEMI
2018/3/20 11:55,259,200,SEMI
2018/3/20 11:55,116,148,SEMI
2018/3/20 11:55,281,111,SEMI
2018/3/20 11:55,306,161,SEMI
2018/3/20 11:55,196,129,SEMI
2018/3/20 11:55,162,186,SEMI
2018/3/20 11:55,141,275,SEMI
2018/3/20 11:55,206,147,SEMI
2018/3/20 11:55,175,193,SEMI
2018/3/20 11:55,319,134,SEMI
2018/3/20 11:55,272,180,SEMI
2018/3/20 11:55,117,260,SEMI
2018/3/20 11:55,139,157,SEMI
2018/3/20 11:55,153,290,SEMI
2018/3/20 11:55,118,277,SEMI
2018/3/20 11:55,150,113,SEMI
2018/3/20 11:55,266,263,SEMI
2018/3/20 11:55,154,291,SEMI
2018/3/20 11:55,143,278,SEMI
2018/3/20 11:55,153,166,SEMI
2018/3/20 11:55,211,166,SEMI
2018/3/20 11:55,119,319,SEMI
2018/3/20 11:55,136,182,SEMI
2018/3/20 11:55,293,174,SEMI
2018/3/20 11:55,204,170,SEMI
2018/3/20 11:55,135,120,SEMI
2018/3/20 11:55,102,140,PASS
2018/3/20 11:55,189,244,PASS
2018/3/20 11:55,254,161,PASS
2018/3/20 11:55,135,207,PASS
2018/3/20 11:55,115,316,PASS
2018/3/20 11:55,191,258,PASS
2018/3/20 11:55,247,120,PASS
2018/3/20 11:55,100,144,PASS
2018/3/20 11:55,288,178,PASS
2018/3/20 11:55,156,122,PASS
2018/3/20 11:55,215,253,PASS
2018/3/20 11:55,208,248,PASS
2018/3/20 11:55,101,204,PASS
2018/3/20 11:55,208,118,PASS
2018/3/20 11:55,249,278,PASS
2018/3/20 11:55,287,243,PASS
2018/3/20 11:55,300,218,PASS
2018/3/20 11:55,282,242,PASS
2018/3/20 11:55,195,219,PASS
2018/3/20 11:55,132,218,PASS
2018/3/20 11:55,239,199,PASS
2018/3/20 11:55,287,108,SEMI
2018/3/20 11:55,136,174,SEMI
2018/3/20 11:55,202,284,SEMI
2018/3/20 11:55,119,195,SEMI
2018/3/20 11:55,309,122,SEMI
2018/3/20 11:55,198,189,SEMI
2018/3/20 11:55,199,212,SEMI
2018/3/20 11:55,242,140,SEMI
2018/3/20 11:55,283,312,SEMI
2018/3/20 11:55,216,301,SEMI
2018/3/20 11:55,302,225,SEMI
2018/3/20 11:55,209,307,SEMI
2018/3/20 11:55,184,264,SEMI
2018/3/20 11:55,246,186,SEMI
2018/3/20 11:55,313,152,SEMI
2018/3/20 11:55,275,319,SEMI
2018/3/20 11:55,242,250,SEMI
2018/3/20 11:55,262,177,SEMI
2018/3/20 11:55,210,191,SEMI
2018/3/20 11:55,213,152,SEMI
2018/3/20 11:55,198,262,SEMI
2018/3/20 11:55,283,117,SEMI
2018/3/20 11:55,264,178,SEMI
2018/3/20 11:55,179,262,SEMI
2018/3/20 11:55,308,161,SEMI
2018/3/20 11:55,108,119,SEMI
2018/3/20 11:55,214,154,PASS
2018/3/20 11:55,211,154,PASS
2018/3/20 11:55,224,148,PASS
2018/3/20 11:55,222,161,PASS
2018/3/20 11:55,224,150,PASS
2018/3/20 11:55,224,156,PASS
2018/3/20 11:55,216,141,PASS
2018/3/20 11:55,224,159,PASS
2018/3/20 11:55,225,163,PASS
2018/3/20 11:55,218,155,PASS
2018/3/20 11:55,216,143,PASS
2018/3/20 11:55,226,140,PASS
2018/3/20 11:55,229,155,PASS
2018/3/20 11:55,214,145,PASS
2018/3/20 11:55,225,161,PASS
2018/3/20 11:55,214,163,PASS
2018/3/20 11:55,219,167,PASS
2018/3/20 11:55,217,141,PASS
2018/3/20 11:55,223,155,PASS
2018/3/20 11:55,215,142,PASS
2018/3/20 11:55,225,161,PASS
2018/3/20 11:55,215,152,PASS
2018/3/20 11:55,221,156,PASS
2018/3/20 11:55,229,157,PASS
2018/3/20 11:55,226,145,PASS
2018/3/20 11:55,226,144,PASS
2018/3/20 11:55,218,168,PASS
2018/3/20 11:55,222,165,PASS
2018/3/20 11:55,220,147,PASS
2018/3/20 11:55,220,142,SEMI
2018/3/20 11:55,219,159,SEMI
2018/3/20 11:55,214,147,SEMI
2018/3/20 11:55,215,167,SEMI
2018/3/20 11:55,219,159,SEMI
2018/3/20 11:55,216,158,SEMI
2018/3/20 11:55,216,157,SEMI
2018/3/20 11:55,217,147,SEMI
2018/3/20 11:55,222,161,SEMI
2018/3/20 11:55,228,141,SEMI
2018/3/20 11:55,222,166,SEMI
2018/3/20 11:55,227,155,SEMI
2018/3/20 11:55,219,153,SEMI
2018/3/20 11:55,211,167,SEMI
2018/3/20 11:55,216,155,PASS
2018/3/20 11:55,215,146,PASS
2018/3/20 11:55,222,155,PASS
2018/3/20 11:55,220,159,PASS
2018/3/20 11:55,225,169,PASS
2018/3/20 11:55,227,140,PASS
2018/3/20 11:55,220,162,PASS
2018/3/20 11:55,214,163,PASS
2018/3/20 11:55,223,163,PASS
2018/3/20 11:55,225,162,PASS
2018/3/20 11:55,311,254,SEMI
2018/3/20 11:55,183,310,SEMI
2018/3/20 11:55,201,275,SEMI
2018/3/20 11:55,246,190,SEMI
2018/3/20 11:55,278,278,SEMI
2018/3/20 11:55,171,237,SEMI
2018/3/20 11:55,309,277,SEMI
2018/3/20 11:55,182,286,SEMI
2018/3/20 11:55,165,247,SEMI
2018/3/20 11:55,293,161,SEMI
2018/3/20 11:55,187,182,SEMI
2018/3/20 11:55,253,201,SEMI
2018/3/20 11:55,314,179,SEMI
2018/3/20 11:55,285,316,SEMI
2018/3/20 11:55,277,310,SEMI
2018/3/20 11:55,152,310,SEMI
2018/3/20 11:55,219,144,PASS
2018/3/20 11:55,223,141,PASS
2018/3/20 11:55,212,150,PASS
2018/3/20 11:55,213,169,PASS
2018/3/20 11:55,216,143,PASS
2018/3/20 11:55,216,170,PASS
2018/3/20 11:55,219,160,PASS
2018/3/20 11:55,212,166,PASS
2018/3/20 11:55,218,163,PASS
2018/3/20 11:55,210,150,PASS
2018/3/20 11:55,217,160,PASS
2018/3/20 11:55,241,179,SEMI
2018/3/20 11:55,229,280,SEMI
2018/3/20 11:55,289,301,SEMI
2018/3/20 11:55,178,287,SEMI
2018/3/20 11:55,190,265,SEMI
2018/3/20 11:55,298,188,SEMI
2018/3/20 11:55,291,278,SEMI
2018/3/20 11:55,314,259,SEMI
2018/3/20 11:55,157,216,SEMI
2018/3/20 11:55,195,315,SEMI
2018/3/20 11:55,223,260,SEMI
2018/3/20 11:55,160,181,SEMI
2018/3/20 11:55,301,314,SEMI
2018/3/20 11:55,217,151,SEMI
2018/3/20 11:55,266,150,SEMI
2018/3/20 11:55,304,177,SEMI
2018/3/20 11:55,190,317,SEMI
2018/3/20 11:55,285,207,SEMI
2018/3/20 11:55,245,171,SEMI
2018/3/20 11:55,201,281,SEMI
2018/3/20 11:55,263,235,SEMI
2018/3/20 11:55,312,280,SEMI
2018/3/20 11:55,174,238,SEMI
2018/3/20 11:55,296,296,SEMI
2018/3/20 11:55,256,224,SEMI
2018/3/20 11:55,253,220,SEMI
2018/3/20 11:55,280,319,SEMI
2018/3/20 11:55,250,291,SEMI
2018/3/20 11:55,257,159,SEMI
2018/3/20 11:55,197,222,SEMI
2018/3/20 11:55,193,289,SEMI
2018/3/20 11:55,172,247,SEMI
2018/3/20 11:55,182,241,SEMI
2018/3/20 11:55,265,252,SEMI
2018/3/20 11:55,223,187,SEMI
2018/3/20 11:55,196,199,SEMI
2018/3/20 11:55,210,239,SEMI
2018/3/20 11:55,215,287,SEMI
2018/3/20 11:55,300,266,SEMI
2018/3/20 11:55,159,208,SEMI
2018/3/20 11:55,258,237,SEMI
2018/3/20 11:55,289,192,SEMI
2018/3/20 11:55,284,195,SEMI
2018/3/20 11:55,222,263,SEMI
2018/3/20 11:55,211,308,SEMI
2018/3/20 11:55,301,253,SEMI
2018/3/20 11:55,176,315,SEMI
2018/3/20 11:55,237,288,SEMI
2018/3/20 11:55,241,306,SEMI
2018/3/20 11:55,281,204,SEMI
2018/3/20 11:55,267,227,SEMI
2018/3/20 11:55,165,166,SEMI
2018/3/20 11:55,282,164,SEMI
2018/3/20 11:55,188,255,SEMI
2018/3/20 11:55,249,312,SEMI
2018/3/20 11:55,204,319,SEMI
2018/3/20 11:55,177,217,SEMI
2018/3/20 11:55,227,316,SEMI
2018/3/20 11:55,239,312,SEMI
2018/3/20 11:55,171,265,SEMI
2018/3/20 11:55,152,313,SEMI
2018/3/20 11:55,313,180,SEMI
2018/3/20 11:55,197,259,SEMI
2018/3/20 11:55,183,251,SEMI
2018/3/20 11:55,286,280,SEMI
2018/3/20 11:55,154,264,SEMI
2018/3/20 11:55,316,200,SEMI
2018/3/20 11:55,208,193,SEMI
2018/3/20 11:55,318,310,SEMI
2018/3/20 11:55,225,240,SEMI
2018/3/20 11:55,294,171,SEMI
2018/3/20 11:55,216,229,SEMI
2018/3/20 11:55,211,247,SEMI
2018/3/20 11:55,249,182,SEMI
2018/3/20 11:55,299,251,SEMI
2018/3/20 11:55,287,243,SEMI
2018/3/20 11:55,307,312,SEMI
2018/3/20 11:55,201,202,SEMI
2018/3/20 11:55,234,224,SEMI
2018/3/20 11:55,311,166,SEMI
2018/3/20 11:55,171,271,SEMI
2018/3/20 11:55,277,233,SEMI
2018/3/20 11:55,198,290,SEMI
2018/3/20 11:55,201,281,SEMI
2018/3/20 11:55,215,318,SEMI
2018/3/20 11:55,227,217,SEMI
2018/3/20 11:55,288,280,SEMI
2018/3/20 11:55,197,268,SEMI
2018/3/20 11:55,172,238,SEMI
2018/3/20 11:56,361,362,CLOSED
2018/3/20 11:56,362,353,CLOSED
2018/3/20 11:56,369,373,CLOSED
2018/3/20 11:56,363,367,CLOSED
2018/3/20 11:56,365,358,CLOSED
2018/3/20 11:56,364,371,CLOSED
2018/3/20 11:56,366,368,CLOSED
2018/3/20 11:56,369,359,CLOSED
2018/3/20 11:56,367,359,CLOSED
2018/3/20 11:56,368,369,CLOSED
2018/3/20 11:56,362,363,CLOSED
2018/3/20 11:56,367,357,CLOSED
2018/3/20 11:56,363,366,CLOSED
2018/3/20 11:56,368,361,CLOSED
2018/3/20 11:56,366,359,CLOSED
2018/3/20 11:56,370,362,CLOSED
2018/3/20 11:56,360,351,CLOSED
2018/3/20 11:56,362,365,CLOSED
2018/3/20 11:56,363,354,CLOSED
2018/3/20 11:56,370,374,CLOSED
2018/3/20 11:56,367,360,CLOSED
2018/3/20 11:56,365,367,CLOSED
2018/3/20 11:56,364,360,CLOSED
2018/3/20 11:56,369,374,CLOSED
2018/3/20 11:56,365,375,CLOSED
2018/3/20 11:56,360,356,CLOSED
2018/3/20 11:56,364,356,CLOSED
2018/3/20 11:56,364,364,CLOSED
2018/3/20 11:56,368,363,CLOSED
2018/3/20 11:56,364,366,CLOSED
2018/3/20 11:56,360,360,CLOSED
2018/3/20 11:56,362,366,CLOSED
2018/3/20 11:56,365,362,CLOSED
2018/3/20 11:56,363,371,CLOSED
2018/3/20 11:56,364,357,CLOSED
2018/3/20 11:56,360,354,CLOSED
2018/3/20 11:56,368,378,CLOSED
2018/3/20 11:56,369,372,CLOSED
2018/3/20 11:56,364,361,CLOSED
2018/3/20 11:56,370,366,CLOSED
2018/3/20 11:56,364,363,CLOSED
2018/3/20 11:56,367,375,CLOSED
2018/3/20 11:56,361,371,CLOSED
2018/3/20 11:56,367,377,CLOSED
2018/3/20 11:56,368,360,CLOSED
2018/3/20 11:56,367,366,CLOSED
2018/3/20 11:56,361,364,CLOSED
2018/3/20 11:56,361,361,CLOSED
2018/3/20 11:56,364,357,CLOSED
2018/3/20 11:56,363,365,CLOSED
2018/3/20 11:56,365,372,CLOSED
2018/3/20 11:56,370,373,CLOSED
2018/3/20 11:56,369,378,CLOSED
2018/3/20 11:56,363,354,CLOSED
2018/3/20 11:56,362,355,CLOSED
2018/3/20 11:56,368,378,CLOSED
2018/3/20 11:56,361,367,CLOSED
2018/3/20 11:56,365,358,CLOSED
2018/3/20 11:56,369,376,CLOSED
2018/3/20 11:56,370,360,CLOSED
2018/3/20 11:56,369,367,CLOSED
2018/3/20 11:56,368,374,CLOSED
2018/3/20 11:56,370,365,CLOSED
2018/3/20 11:56,364,358,CLOSED
2018/3/20 11:56,370,375,CLOSED
2018/3/20 11:56,365,355,CLOSED
2018/3/20 11:56,369,371,CLOSED
2018/3/20 11:56,368,359,CLOSED
2018/3/20 11:56,364,359,CLOSED
2018/3/20 11:56,362,364,CLOSED
2018/3/20 11:56,365,368,CLOSED
2018/3/20 11:56,370,371,CLOSED
2018/3/20 11:56,363,360,CLOSED
2018/3/20 11:56,368,367,CLOSED
2018/3/20 11:56,364,369,CLOSED
2018/3/20 11:56,365,375,CLOSED
2018/3/20 11:56,363,364,CLOSED
2018/3/20 11:56,370,376,CLOSED
2018/3/20 11:56,364,371,CLOSED
2018/3/20 11:56,364,362,CLOSED
2018/3/20 11:56,369,373,CLOSED
2018/3/20 11:56,364,373,CLOSED
2018/3/20 11:56,360,370,CLOSED
2018/3/20 11:56,360,363,CLOSED
2018/3/20 11:56,364,363,CLOSED
2018/3/20 11:56,368,365,CLOSED
2018/3/20 11:56,360,353,CLOSED
2018/3/20 11:56,369,359,CLOSED
2018/3/20 11:56,370,361,CLOSED
2018/3/20 11:56,369,373,CLOSED
2018/3/20 11:56,370,361,CLOSED
2018/3/20 11:56,363,369,CLOSED
2018/3/20 11:56,369,375,CLOSED
2018/3/20 11:56,360,351,CLOSED
2018/3/20 11:56,364,370,CLOSED
2018/3/20 11:56,368,369,CLOSED
2018/3/20 11:56,360,366,CLOSED
2018/3/20 11:56,367,360,CLOSED
2018/3/20 11:56,368,373,CLOSED
2018/3/20 11:56,368,360,CLOSED
2018/3/20 11:56,369,371,CLOSED
2018/3/20 11:56,361,351,CLOSED
2018/3/20 11:56,369,365,CLOSED
2018/3/20 11:56,360,370,CLOSED
2018/3/20 11:56,367,367,CLOSED
2018/3/20 11:56,364,364,CLOSED
2018/3/20 11:56,369,373,CLOSED
2018/3/20 11:56,363,363,CLOSED
2018/3/20 11:56,369,366,CLOSED
2018/3/20 11:56,361,370,CLOSED
2018/3/20 11:56,369,365,CLOSED
2018/3/20 11:56,364,358,CLOSED
2018/3/20 11:56,366,370,CLOSED
2018/3/20 11:56,369,371,CLOSED
2018/3/20 11:56,365,362,CLOSED
2018/3/20 11:56,363,361,CLOSED
2018/3/20 11:56,370,361,CLOSED
2018/3/20 11:56,360,368,CLOSED
2018/3/20 11:56,364,367,CLOSED
2018/3/20 11:56,361,353,CLOSED
2018/3/20 11:56,364,372,CLOSED
2018/3/20 11:56,365,361,CLOSED
2018/3/20 11:56,369,366,CLOSED
2018/3/20 11:56,369,372,CLOSED
2018/3/20 11:56,369,374,CLOSED
2018/3/20 11:56,365,367,CLOSED
2018/3/20 11:56,367,370,CLOSED
2018/3/20 11:56,361,363,CLOSED
2018/3/20 11:56,363,365,CLOSED
2018/3/20 11:56,366,375,CLOSED
2018/3/20 11:56,364,369,CLOSED
2018/3/20 11:56,369,369,CLOSED
2018/3/20 11:56,364,372,CLOSED
2018/3/20 11:56,363,358,CLOSED
2018/3/20 11:56,361,370,CLOSED
2018/3/20 11:56,362,363,CLOSED
2018/3/20 11:56,369,367,CLOSED
2018/3/20 11:56,363,353,CLOSED
2018/3/20 11:56,365,371,CLOSED
2018/3/20 11:56,366,370,CLOSED
2018/3/20 11:56,365,359,CLOSED
2018/3/20 11:56,364,374,CLOSED
2018/3/20 11:56,363,361,CLOSED
2018/3/20 11:56,370,364,CLOSED
2018/3/20 11:56,360,350,CLOSED
2018/3/20 11:56,368,369,CLOSED
2018/3/20 11:56,365,375,CLOSED
2018/3/20 11:56,360,361,CLOSED
2018/3/20 11:56,366,365,CLOSED
2018/3/20 11:56,364,355,CLOSED
2018/3/20 11:56,360,364,CLOSED
2018/3/20 11:56,363,353,CLOSED
2018/3/20 11:56,365,358,CLOSED
2018/3/20 11:56,366,366,CLOSED
2018/3/20 11:56,360,357,CLOSED
2018/3/20 11:56,361,365,CLOSED
2018/3/20 11:56,368,373,CLOSED
2018/3/20 11:56,360,355,CLOSED
2018/3/20 11:56,362,363,CLOSED
2018/3/20 11:56,360,353,CLOSED
2018/3/20 11:56,370,379,CLOSED
2018/3/20 11:56,364,359,CLOSED
2018/3/20 11:56,363,358,CLOSED
2018/3/20 11:56,367,377,CLOSED
2018/3/20 11:56,365,357,CLOSED
2018/3/20 11:56,370,362,CLOSED
2018/3/20 11:56,362,358,CLOSED
2018/3/20 11:56,366,357,CLOSED
2018/3/20 11:56,360,370,CLOSED
2018/3/20 11:56,366,371,CLOSED
2018/3/20 11:56,367,366,CLOSED
2018/3/20 11:56,362,363,CLOSED
2018/3/20 11:56,367,376,CLOSED
2018/3/20 11:56,370,367,CLOSED
2018/3/20 11:56,367,367,CLOSED
2018/3/20 11:56,361,364,CLOSED
2018/3/20 11:56,365,366,CLOSED
2018/3/20 11:56,369,364,CLOSED
2018/3/20 11:56,365,367,CLOSED
2018/3/20 11:56,360,370,CLOSED
2018/3/20 11:56,368,365,CLOSED
2018/3/20 11:56,367,364,CLOSED
2018/3/20 11:56,366,360,CLOSED
2018/3/20 11:56,365,365,CLOSED
2018/3/20 11:56,366,366,CLOSED
2018/3/20 11:56,360,354,CLOSED
2018/3/20 11:56,366,366,CLOSED
2018/3/20 11:56,366,364,CLOSED
2018/3/20 11:56,369,366,CLOSED
2018/3/20 11:56,364,359,CLOSED
2018/3/20 11:56,364,367,CLOSED
2018/3/20 11:56,363,356,CLOSED
2018/3/20 11:56,362,359,CLOSED
2018/3/20 11:56,361,356,CLOSED
2018/3/20 11:56,365,369,CLOSED
2018/3/20 11:56,366,368,CLOSED
2018/3/20 11:56,368,370,CLOSED
2018/3/20 11:56,367,362,CLOSED
2018/3/20 11:56,364,368,CLOSED
2018/3/20 11:56,368,358,CLOSED
2018/3/20 11:56,362,358,CLOSED
2018/3/20 11:56,369,366,CLOSED
2018/3/20 11:56,370,365,CLOSED
2018/3/20 11:56,363,368,CLOSED
2018/3/20 11:56,361,356,CLOSED
2018/3/20 11:56,360,366,CLOSED
2018/3/20 11:56,362,362,CLOSED
2018/3/20 11:56,370,365,CLOSED
2018/3/20 11:56,362,360,CLOSED
2018/3/20 11:56,361,354,CLOSED
2018/3/20 11:56,361,363,CLOSED
2018/3/20 11:56,369,378,CLOSED
2018/3/20 11:56,364,370,CLOSED
2018/3/20 11:56,360,354,CLOSED
2018/3/20 11:56,361,369,CLOSED
2018/3/20 11:56,365,375,CLOSED
2018/3/20 11:56,370,367,CLOSED
2018/3/20 11:56,367,366,CLOSED
2018/3/20 11:56,367,367,CLOSED
2018/3/20 11:56,364,371,CLOSED
2018/3/20 11:56,366,359,CLOSED
2018/3/20 11:56,365,373,CLOSED
2018/3/20 11:56,367,370,CLOSED
2018/3/20 11:56,364,361,CLOSED
2018/3/20 11:56,370,377,CLOSED
2018/3/20 11:56,363,354,CLOSED
2018/3/20 11:56,364,363,CLOSED
2018/3/20 11:56,362,365,CLOSED
2018/3/20 11:56,369,369,CLOSED
2018/3/20 11:56,369,370,CLOSED
2018/3/20 11:56,363,372,CLOSED
2018/3/20 11:56,365,362,CLOSED
2018/3/20 11:56,366,356,CLOSED
2018/3/20 11:56,367,373,CLOSED
2018/3/20 11:56,363,366,CLOSED
2018/3/20 11:56,362,353,CLOSED
2018/3/20 11:56,370,377,CLOSED
2018/3/20 11:56,370,369,CLOSED
2018/3/20 11:56,364,362,CLOSED
2018/3/20 11:56,366,361,CLOSED
2018/3/20 11:56,370,367,CLOSED
2018/3/20 11:56,369,361,CLOSED
2018/3/20 11:56,362,353,CLOSED
2018/3/20 11:56,364,370,CLOSED
2018/3/20 11:56,369,378,CLOSED
2018/3/20 11:56,367,357,CLOSED
2018/3/20 11:56,362,367,CLOSED
2018/3/20 11:56,363,371,CLOSED
2018/3/20 11:56,366,357,CLOSED
2018/3/20 11:56,369,368,CLOSED
2018/3/20 11:56,360,366,CLOSED
2018/3/20 11:56,365,355,CLOSED
2018/3/20 11:56,365,359,CLOSED
2018/3/20 11:56,367,375,CLOSED
2018/3/20 11:56,368,358,CLOSED
2018/3/20 11:56,360,351,CLOSED
2018/3/20 11:56,363,373,CLOSED
2018/3/20 11:56,366,369,CLOSED
2018/3/20 11:56,363,359,CLOSED
2018/3/20 11:56,362,359,CLOSED
2018/3/20 11:56,368,378,CLOSED
2018/3/20 11:56,363,362,CLOSED
2018/3/20 11:56,365,366,CLOSED
2018/3/20 11:56,364,365,CLOSED
2018/3/20 11:56,363,369,CLOSED
2018/3/20 11:56,360,367,CLOSED
2018/3/20 11:56,363,363,CLOSED
2018/3/20 11:56,364,354,CLOSED
2018/3/20 11:56,368,360,CLOSED
2018/3/20 11:56,366,356,CLOSED
2018/3/20 11:56,366,357,CLOSED
2018/3/20 11:56,362,352,CLOSED
2018/3/20 11:56,369,374,CLOSED
2018/3/20 11:56,361,371,CLOSED
2018/3/20 11:56,366,361,CLOSED
2018/3/20 11:56,360,367,CLOSED
2018/3/20 11:56,361,351,CLOSED
2018/3/20 11:56,363,369,CLOSED
2018/3/20 11:56,370,363,CLOSED
2018/3/20 11:56,361,356,CLOSED
2018/3/20 11:56,369,361,CLOSED
2018/3/20 11:56,361,364,CLOSED
2018/3/20 11:56,367,360,CLOSED
2018/3/20 11:56,360,370,CLOSED
2018/3/20 11:56,366,373,CLOSED
2018/3/20 11:56,362,366,CLOSED
2018/3/20 11:56,364,362,CLOSED
2018/3/20 11:56,369,372,CLOSED
2018/3/20 11:56,361,364,CLOSED
2018/3/20 11:56,361,356,CLOSED
2018/3/20 11:56,367,376,CLOSED
2018/3/20 11:56,368,362,CLOSED
2018/3/20 11:56,366,373,CLOSED
2018/3/20 11:56,364,362,CLOSED
2018/3/20 11:56,360,366,CLOSED
2018/3/20 11:56,368,362,CLOSED
2018/3/20 11:56,365,371,CLOSED
2018/3/20 11:56,362,359,CLOSED
2018/3/20 11:56,370,375,CLOSED
2018/3/20 11:56,366,376,CLOSED
2018/3/20 11:56,361,352,CLOSED
2018/3/20 11:56,360,366,CLOSED
2018/3/20 11:56,368,362,CLOSED
2018/3/20 11:56,367,364,CLOSED
2018/3/20 11:56,369,370,CLOSED
2018/3/20 11:56,370,375,CLOSED
2018/3/20 11:56,366,357,CLOSED
2018/3/20 11:56,367,365,CLOSED
2018/3/20 11:56,367,373,CLOSED
2018/3/20 11:56,362,361,CLOSED
2018/3/20 11:56,366,374,CLOSED
2018/3/20 11:56,366,357,CLOSED
2018/3/20 11:56,369,372,CLOSED
2018/3/20 11:56,360,366,CLOSED
2018/3/20 11:56,367,364,CLOSED
2018/3/20 11:56,364,355,CLOSED
2018/3/20 11:56,363,363,CLOSED
2018/3/20 11:56,363,367,CLOSED
2018/3/20 11:56,363,369,CLOSED
2018/3/20 11:56,364,372,CLOSED
2018/3/20 11:56,363,358,CLOSED
2018/3/20 11:56,370,362,CLOSED
2018/3/20 11:56,369,371,CLOSED
2018/3/20 11:56,365,375,CLOSED
2018/3/20 11:56,367,376,CLOSED
2018/3/20 11:56,360,357,CLOSED
2018/3/20 11:56,362,356,CLOSED
2018/3/20 11:56,366,375,CLOSED
2018/3/20 11:56,370,368,CLOSED
2018/3/20 11:56,363,369,CLOSED
2018/3/20 11:56,360,368,CLOSED
2018/3/20 11:56,368,375,CLOSED
2018/3/20 11:56,362,359,CLOSED
2018/3/20 11:56,370,380,CLOSED
2018/3/20 11:56,370,378,CLOSED
2018/3/20 11:56,366,369,CLOSED
2018/3/20 11:56,368,359,CLOSED
2018/3/20 11:56,361,358,CLOSED
2018/3/20 11:56,364,367,CLOSED
2018/3/20 11:56,368,370,CLOSED
2018/3/20 11:56,364,363,CLOSED
2018/3/20 11:56,364,356,CLOSED
2018/3/20 11:56,367,375,CLOSED
2018/3/20 11:56,365,375,CLOSED
2018/3/20 11:56,369,367,CLOSED
2018/3/20 11:56,368,372,CLOSED
2018/3/20 11:56,368,358,CLOSED
2018/3/20 11:56,369,367,CLOSED
2018/3/20 11:56,360,369,CLOSED
2018/3/20 11:56,362,359,CLOSED
2018/3/20 11:56,366,364,CLOSED
2018/3/20 11:56,362,364,CLOSED
2018/3/20 11:56,360,368,CLOSED
2018/3/20 11:56,362,371,CLOSED
2018/3/20 11:56,364,365,CLOSED
2018/3/20 11:56,366,370,CLOSED
2018/3/20 11:56,360,354,CLOSED
2018/3/20 11:56,369,368,CLOSED
2018/3/20 11:56,364,358,CLOSED
2018/3/20 11:56,366,361,CLOSED
2018/3/20 11:56,366,370,CLOSED
2018/3/20 11:56,362,365,CLOSED
2018/3/20 11:56,360,352,CLOSED
2018/3/20 11:56,361,366,CLOSED
2018/3/20 11:56,370,372,CLOSED
2018/3/20 11:56,367,369,CLOSED
2018/3/20 11:56,369,375,CLOSED
2018/3/20 11:56,361,352,CLOSED
2018/3/20 11:56,362,363,CLOSED
2018/3/20 11:56,364,357,CLOSED
2018/3/20 11:56,370,378,CLOSED
2018/3/20 11:56,360,363,CLOSED
2018/3/20 11:56,363,369,CLOSED
2018/3/20 11:56,367,374,CLOSED
2018/3/20 11:56,363,365,CLOSED
2018/3/20 11:56,360,365,CLOSED
2018/3/20 11:56,362,363,CLOSED
2018/3/20 11:56,369,379,CLOSED
2018/3/20 11:56,367,367,CLOSED
2018/3/20 11:56,363,373,CLOSED
2018/3/20 11:56,363,362,CLOSED
2018/3/20 11:56,361,365,CLOSED
2018/3/20 11:56,361,360,CLOSED
2018/3/20 11:56,363,357,CLOSED
2018/3/20 11:56,363,371,CLOSED
2018/3/20 11:56,365,363,CLOSED
2018/3/20 11:56,364,362,CLOSED
2018/3/20 11:56,368,364,CLOSED
2018/3/20 11:56,365,356,CLOSED
2018/3/20 11:56,362,357,CLOSED
2018/3/20 11:56,360,364,CLOSED
2018/3/20 11:56,366,366,CLOSED
2018/3/20 11:56,365,372,CLOSED
2018/3/20 11:56,364,368,CLOSED
2018/3/20 11:56,363,373,CLOSED
2018/3/20 11:56,371,376,CLOSED
2018/3/20 11:56,366,372,CLOSED
2018/3/20 11:56,370,376,CLOSED
2018/3/20 11:56,366,375,CLOSED
2018/3/20 11:56,365,374,CLOSED
2018/3/20 11:56,370,374,CLOSED
2018/3/20 11:56,374,371,CLOSED
2018/3/20 11:56,376,379,CLOSED
2018/3/20 11:56,362,372,CLOSED
2018/3/20 11:56,369,378,CLOSED
2018/3/20 11:56,366,372,CLOSED
2018/3/20 11:56,376,379,CLOSED
2018/3/20 11:56,379,371,CLOSED
2018/3/20 11:56,368,371,CLOSED
2018/3/20 11:56,380,374,CLOSED
2018/3/20 11:56,361,377,CLOSED
2018/3/20 11:56,365,373,CLOSED
2018/3/20 11:56,370,372,CLOSED
2018/3/20 11:56,365,374,CLOSED
2018/3/20 11:56,380,374,CLOSED
2018/3/20 11:56,374,377,CLOSED
2018/3/20 11:56,364,373,CLOSED
2018/3/20 11:56,371,374,CLOSED
2018/3/20 11:56,365,373,CLOSED
2018/3/20 11:56,364,378,CLOSED
2018/3/20 11:56,374,376,CLOSED
2018/3/20 11:56,368,378,CLOSED
2018/3/20 11:56,360,370,CLOSED
2018/3/20 11:56,375,376,CLOSED
2018/3/20 11:56,365,373,CLOSED
2018/3/20 11:56,376,376,CLOSED
2018/3/20 11:56,360,374,CLOSED
2018/3/20 11:56,380,379,CLOSED
2018/3/20 11:56,365,372,CLOSED
2018/3/20 11:56,365,375,CLOSED
2018/3/20 11:56,370,379,CLOSED
2018/3/20 11:56,378,377,CLOSED
2018/3/20 11:57,290,296,OPEN
2018/3/20 11:57,288,291,OPEN
2018/3/20 11:57,300,296,OPEN
2018/3/20 11:57,287,289,OPEN
2018/3/20 11:57,291,287,OPEN
2018/3/20 11:57,288,298,OPEN
2018/3/20 11:57,300,292,OPEN
2018/3/20 11:57,294,287,OPEN
2018/3/20 11:57,293,300,OPEN
2018/3/20 11:57,297,289,OPEN
2018/3/20 11:57,285,297,OPEN
2018/3/20 11:57,292,293,OPEN
2018/3/20 11:57,300,285,OPEN
2018/3/20 11:57,300,299,OPEN
2018/3/20 11:57,290,297,OPEN
2018/3/20 11:57,291,288,OPEN
2018/3/20 11:57,285,296,OPEN
2018/3/20 11:57,293,287,OPEN
2018/3/20 11:57,291,292,OPEN
2018/3/20 11:57,291,293,OPEN
2018/3/20 11:57,294,286,OPEN
2018/3/20 11:57,298,293,OPEN
2018/3/20 11:57,299,295,OPEN
2018/3/20 11:57,299,299,OPEN
2018/3/20 11:57,296,289,OPEN
2018/3/20 11:57,298,286,OPEN
2018/3/20 11:57,288,290,OPEN
2018/3/20 11:57,292,300,OPEN
2018/3/20 11:57,293,298,OPEN
2018/3/20 11:57,294,293,OPEN
2018/3/20 11:57,290,293,OPEN
2018/3/20 11:57,286,290,OPEN
2018/3/20 11:57,287,295,OPEN
2018/3/20 11:57,289,290,OPEN
2018/3/20 11:57,287,298,OPEN
2018/3/20 11:57,294,298,OPEN
2018/3/20 11:57,290,300,OPEN
2018/3/20 11:57,297,295,OPEN
2018/3/20 11:57,300,299,OPEN
2018/3/20 11:57,287,300,OPEN
2018/3/20 11:57,287,292,OPEN
2018/3/20 11:57,297,294,OPEN
2018/3/20 11:57,297,285,OPEN
2018/3/20 11:57,299,299,OPEN
2018/3/20 11:57,300,286,OPEN
2018/3/20 11:57,297,300,OPEN
2018/3/20 11:57,297,293,OPEN
2018/3/20 11:57,295,291,OPEN
2018/3/20 11:57,296,290,OPEN
2018/3/20 11:57,296,291,OPEN
2018/3/20 11:57,293,297,OPEN
2018/3/20 11:57,291,288,OPEN
2018/3/20 11:57,298,292,OPEN
2018/3/20 11:57,293,297,OPEN
2018/3/20 11:57,292,286,OPEN
2018/3/20 11:57,297,292,OPEN
2018/3/20 11:57,292,295,OPEN
2018/3/20 11:57,292,299,OPEN
2018/3/20 11:57,285,299,OPEN
2018/3/20 11:57,285,288,OPEN
2018/3/20 11:57,293,285,OPEN
2018/3/20 11:57,293,299,OPEN
2018/3/20 11:57,297,288,OPEN
2018/3/20 11:57,299,291,OPEN
2018/3/20 11:57,297,298,OPEN
2018/3/20 11:57,292,296,OPEN
2018/3/20 11:57,298,286,OPEN
2018/3/20 11:57,295,291,OPEN
2018/3/20 11:57,292,294,OPEN
2018/3/20 11:57,296,289,OPEN
2018/3/20 11:57,289,297,OPEN
2018/3/20 11:57,295,299,OPEN
2018/3/20 11:57,292,297,OPEN
2018/3/20 11:57,289,285,OPEN
2018/3/20 11:57,295,285,OPEN
2018/3/20 11:57,295,291,OPEN
2018/3/20 11:57,296,299,OPEN
2018/3/20 11:57,286,294,OPEN
2018/3/20 11:57,294,296,OPEN
2018/3/20 11:57,285,287,OPEN
2018/3/20 11:57,290,297,OPEN
2018/3/20 11:57,294,292,OPEN
2018/3/20 11:57,287,287,OPEN
2018/3/20 11:57,300,293,OPEN
2018/3/20 11:57,298,299,OPEN
2018/3/20 11:57,290,297,OPEN
2018/3/20 11:57,296,290,OPEN
2018/3/20 11:57,299,288,OPEN
2018/3/20 11:57,299,297,OPEN
2018/3/20 11:57,299,290,OPEN
2018/3/20 11:57,299,295,OPEN
2018/3/20 11:57,291,297,OPEN
2018/3/20 11:57,298,288,OPEN
2018/3/20 11:57,299,292,OPEN
2018/3/20 11:57,286,293,OPEN
2018/3/20 11:57,290,294,OPEN
2018/3/20 11:57,288,287,OPEN
2018/3/20 11:57,298,291,OPEN
2018/3/20 11:57,298,289,OPEN
2018/3/20 11:57,296,298,OPEN
2018/3/20 11:57,300,297,OPEN
2018/3/20 11:57,289,291,OPEN
2018/3/20 11:57,290,295,OPEN
2018/3/20 11:57,286,295,OPEN
2018/3/20 11:57,289,297,OPEN
2018/3/20 11:57,293,290,OPEN
2018/3/20 11:57,288,291,OPEN
2018/3/20 11:57,297,294,OPEN
2018/3/20 11:57,288,286,OPEN
2018/3/20 11:57,285,285,OPEN
2018/3/20 11:57,295,292,OPEN
2018/3/20 11:57,286,287,OPEN
2018/3/20 11:57,286,299,OPEN
2018/3/20 11:57,300,299,OPEN
2018/3/20 11:57,285,290,OPEN
2018/3/20 11:57,286,289,OPEN
2018/3/20 11:57,297,290,OPEN
2018/3/20 11:57,297,289,OPEN
2018/3/20 11:57,300,297,OPEN
2018/3/20 11:57,300,291,OPEN
2018/3/20 11:57,292,289,OPEN
2018/3/20 11:57,287,291,OPEN
2018/3/20 11:57,288,285,OPEN
2018/3/20 11:57,290,289,OPEN
2018/3/20 11:57,298,298,OPEN
2018/3/20 11:57,293,298,OPEN
2018/3/20 11:57,292,298,OPEN
2018/3/20 11:57,288,299,OPEN
2018/3/20 11:57,300,287,OPEN
2018/3/20 11:57,299,293,OPEN
2018/3/20 11:57,297,300,OPEN
2018/3/20 11:57,290,294,OPEN
2018/3/20 11:57,294,292,OPEN
2018/3/20 11:57,285,297,OPEN
2018/3/20 11:57,299,288,OPEN
2018/3/20 11:57,290,286,OPEN
2018/3/20 11:57,299,289,OPEN
2018/3/20 11:57,297,290,OPEN
2018/3/20 11:57,288,286,OPEN
2018/3/20 11:57,291,294,OPEN
2018/3/20 11:57,298,289,OPEN
2018/3/20 11:57,289,297,OPEN
2018/3/20 11:57,294,298,OPEN
2018/3/20 11:57,296,286,OPEN
2018/3/20 11:57,291,286,OPEN
2018/3/20 11:57,294,297,OPEN
2018/3/20 11:57,291,291,OPEN
2018/3/20 11:57,289,299,OPEN
2018/3/20 11:57,297,293,OPEN
2018/3/20 11:57,291,299,OPEN
2018/3/20 11:57,288,289,OPEN
2018/3/20 11:57,296,299,OPEN
2018/3/20 11:57,292,293,OPEN
2018/3/20 11:57,289,286,OPEN
2018/3/20 11:57,288,286,OPEN
2018/3/20 11:57,285,295,OPEN
2018/3/20 11:57,299,285,OPEN
2018/3/20 11:57,289,291,OPEN
2018/3/20 11:57,295,291,OPEN
2018/3/20 11:57,300,295,OPEN
2018/3/20 11:57,299,299,OPEN
2018/3/20 11:57,296,298,OPEN
2018/3/20 11:57,300,296,OPEN
2018/3/20 11:57,288,296,OPEN
2018/3/20 11:57,300,288,OPEN
2018/3/20 11:57,300,296,OPEN
2018/3/20 11:57,299,289,OPEN
2018/3/20 11:57,297,297,OPEN
2018/3/20 11:57,286,289,OPEN
2018/3/20 11:57,299,292,OPEN
2018/3/20 11:57,288,291,OPEN
2018/3/20 11:57,297,296,OPEN
2018/3/20 11:57,298,289,OPEN
2018/3/20 11:57,287,288,OPEN
2018/3/20 11:57,288,289,OPEN
2018/3/20 11:57,294,300,OPEN
2018/3/20 11:57,296,291,OPEN
2018/3/20 11:57,287,291,OPEN
2018/3/20 11:57,296,286,OPEN
2018/3/20 11:57,297,286,OPEN
2018/3/20 11:57,292,287,OPEN
2018/3/20 11:57,297,286,OPEN
2018/3/20 11:57,294,288,OPEN
2018/3/20 11:57,289,286,OPEN
2018/3/20 11:57,292,286,OPEN
2018/3/20 11:57,299,296,OPEN
2018/3/20 11:57,296,297,OPEN
2018/3/20 11:57,287,294,OPEN
2018/3/20 11:57,299,300,OPEN
2018/3/20 11:57,285,292,OPEN
2018/3/20 11:57,290,292,OPEN
2018/3/20 11:57,293,286,OPEN
2018/3/20 11:57,286,296,OPEN
2018/3/20 11:57,297,296,OPEN
2018/3/20 11:57,286,296,OPEN
2018/3/20 11:57,286,298,OPEN
2018/3/20 11:57,297,300,OPEN
2018/3/20 11:57,299,290,OPEN
2018/3/20 11:57,286,297,OPEN
2018/3/20 11:57,299,286,OPEN
2018/3/20 11:57,294,298,OPEN
2018/3/20 11:57,288,293,OPEN
2018/3/20 11:57,294,296,OPEN
2018/3/20 11:57,292,289,OPEN
2018/3/20 11:57,296,300,OPEN
2018/3/20 11:57,290,292,OPEN
2018/3/20 11:57,285,297,OPEN
2018/3/20 11:57,291,288,OPEN
2018/3/20 11:57,292,297,OPEN
2018/3/20 11:57,286,300,OPEN
2018/3/20 11:57,296,296,OPEN
2018/3/20 11:57,295,287,OPEN
2018/3/20 11:57,298,285,OPEN
2018/3/20 11:57,295,288,OPEN
2018/3/20 11:57,289,288,OPEN
2018/3/20 11:57,290,285,OPEN
2018/3/20 11:57,294,298,OPEN
2018/3/20 11:57,296,286,OPEN
2018/3/20 11:57,296,294,OPEN
2018/3/20 11:57,288,293,OPEN
2018/3/20 11:57,286,299,OPEN
2018/3/20 11:57,297,289,OPEN
2018/3/20 11:57,300,287,OPEN
2018/3/20 11:57,287,299,OPEN
2018/3/20 11:57,289,295,OPEN
2018/3/20 11:57,292,294,OPEN
2018/3/20 11:57,295,287,OPEN
2018/3/20 11:57,285,290,OPEN
2018/3/20 11:57,298,293,OPEN
2018/3/20 11:57,289,292,OPEN
2018/3/20 11:57,294,287,OPEN
2018/3/20 11:57,293,293,OPEN
2018/3/20 11:57,299,298,OPEN
2018/3/20 11:57,297,295,OPEN
2018/3/20 11:57,300,293,OPEN
2018/3/20 11:57,287,299,OPEN
2018/3/20 11:57,287,295,OPEN
2018/3/20 11:57,299,285,OPEN
2018/3/20 11:57,296,296,OPEN
2018/3/20 11:57,298,297,OPEN
2018/3/20 11:57,285,290,OPEN
2018/3/20 11:57,293,295,OPEN
2018/3/20 11:57,298,300,OPEN
2018/3/20 11:57,298,285,OPEN
2018/3/20 11:57,295,295,OPEN
2018/3/20 11:57,300,292,OPEN
2018/3/20 11:57,290,299,OPEN
2018/3/20 11:57,289,300,OPEN
2018/3/20 11:57,297,293,OPEN
2018/3/20 11:57,290,292,OPEN
2018/3/20 11:57,290,289,OPEN
2018/3/20 11:57,293,295,OPEN
2018/3/20 11:57,285,293,OPEN
2018/3/20 11:57,289,298,OPEN
2018/3/20 11:57,292,291,OPEN
2018/3/20 11:57,300,286,OPEN
2018/3/20 11:57,298,293,OPEN
2018/3/20 11:57,293,291,OPEN
2018/3/20 11:57,292,295,OPEN
2018/3/20 11:57,297,290,OPEN
2018/3/20 11:57,287,297,OPEN
2018/3/20 11:57,286,295,OPEN
2018/3/20 11:57,288,289,OPEN
2018/3/20 11:57,293,297,OPEN
2018/3/20 11:57,293,287,OPEN
2018/3/20 11:57,298,294,OPEN
2018/3/20 11:57,287,295,OPEN
2018/3/20 11:57,299,291,OPEN
2018/3/20 11:57,292,299,OPEN
2018/3/20 11:57,285,289,OPEN
2018/3/20 11:57,289,293,OPEN
2018/3/20 11:57,288,293,OPEN
2018/3/20 11:57,300,299,OPEN
2018/3/20 11:57,285,292,OPEN
2018/3/20 11:57,291,289,OPEN
2018/3/20 11:57,295,290,OPEN
2018/3/20 11:57,296,295,OPEN
2018/3/20 11:57,297,295,OPEN
2018/3/20 11:57,293,285,OPEN
2018/3/20 11:57,286,291,OPEN
2018/3/20 11:57,285,287,OPEN
2018/3/20 11:57,300,292,OPEN
2018/3/20 11:57,294,297,OPEN
2018/3/20 11:57,295,292,OPEN
2018/3/20 11:57,295,290,OPEN
2018/3/20 11:57,297,290,OPEN
2018/3/20 11:57,290,300,OPEN
2018/3/20 11:57,286,293,OPEN
2018/3/20 11:57,286,294,OPEN
2018/3/20 11:57,298,292,OPEN
2018/3/20 11:57,298,296,OPEN
2018/3/20 11:57,300,296,OPEN
2018/3/20 11:57,299,290,OPEN
2018/3/20 11:57,296,292,OPEN
2018/3/20 11:57,292,298,OPEN
2018/3/20 11:57,292,299,OPEN
2018/3/20 11:57,286,292,OPEN
2018/3/20 11:57,285,296,OPEN
2018/3/20 11:57,296,299,OPEN
2018/3/20 11:57,296,297,OPEN
2018/3/20 11:57,290,295,OPEN
2018/3/20 11:57,286,285,OPEN
2018/3/20 11:57,294,291,OPEN
2018/3/20 11:57,298,293,OPEN
2018/3/20 11:57,291,285,OPEN
2018/3/20 11:57,291,300,OPEN
2018/3/20 11:57,299,287,OPEN
2018/3/20 11:57,285,289,OPEN
2018/3/20 11:57,286,295,OPEN
2018/3/20 11:57,293,293,OPEN
2018/3/20 11:57,296,288,OPEN
2018/3/20 11:57,297,294,OPEN
2018/3/20 11:57,293,295,OPEN
2018/3/20 11:57,294,287,OPEN
2018/3/20 11:57,299,299,OPEN
2018/3/20 11:57,300,300,OPEN
2018/3/20 11:57,300,286,OPEN
2018/3/20 11:57,297,299,OPEN
2018/3/20 11:57,297,297,OPEN
2018/3/20 11:57,291,295,OPEN
2018/3/20 11:57,293,286,OPEN
2018/3/20 11:57,299,298,OPEN
2018/3/20 11:57,295,294,OPEN
2018/3/20 11:57,293,296,OPEN
2018/3/20 11:57,291,290,OPEN
2018/3/20 11:57,289,298,OPEN
2018/3/20 11:57,293,300,OPEN
2018/3/20 11:57,286,300,OPEN
2018/3/20 11:57,297,293,OPEN
2018/3/20 11:57,293,299,OPEN
2018/3/20 11:57,294,297,OPEN
2018/3/20 11:57,293,297,OPEN
2018/3/20 11:57,286,299,OPEN
2018/3/20 11:57,289,285,OPEN
2018/3/20 11:57,292,285,OPEN
2018/3/20 11:57,300,296,OPEN
2018/3/20 11:57,300,300,OPEN
2018/3/20 11:57,299,291,OPEN
2018/3/20 11:57,286,295,OPEN
2018/3/20 11:57,289,300,OPEN
2018/3/20 11:57,291,285,OPEN
2018/3/20 11:57,287,290,OPEN
2018/3/20 11:57,296,287,OPEN
2018/3/20 11:57,292,293,OPEN
2018/3/20 11:57,288,298,OPEN
2018/3/20 11:57,294,299,OPEN
2018/3/20 11:57,299,293,OPEN
2018/3/20 11:57,293,287,OPEN
2018/3/20 11:57,297,287,OPEN
2018/3/20 11:57,289,285,OPEN
2018/3/20 11:57,296,293,OPEN
2018/3/20 11:57,288,286,OPEN
2018/3/20 11:57,291,298,OPEN
2018/3/20 11:57,300,289,OPEN
2018/3/20 11:57,286,296,OPEN
2018/3/20 11:57,285,287,OPEN
2018/3/20 11:57,289,289,OPEN
2018/3/20 11:57,285,295,OPEN
2018/3/20 11:57,300,289,OPEN
2018/3/20 11:57,289,285,OPEN
2018/3/20 11:57,293,289,OPEN
2018/3/20 11:57,296,300,OPEN
2018/3/20 11:57,287,298,OPEN
2018/3/20 11:57,296,285,OPEN
2018/3/20 11:57,287,296,OPEN
2018/3/20 11:57,286,292,OPEN
2018/3/20 11:57,287,285,OPEN
2018/3/20 11:57,289,290,OPEN
2018/3/20 11:57,295,300,OPEN
2018/3/20 11:57,294,295,OPEN
2018/3/20 11:57,291,292,OPEN
2018/3/20 11:57,289,296,OPEN
2018/3/20 11:57,294,291,OPEN
2018/3/20 11:57,286,300,OPEN
2018/3/20 11:57,292,287,OPEN
2018/3/20 11:57,285,297,OPEN
2018/3/20 11:57,296,293,OPEN
2018/3/20 11:57,295,300,OPEN
2018/3/20 11:57,285,299,OPEN
2018/3/20 11:57,293,289,OPEN
2018/3/20 11:57,288,293,OPEN
2018/3/20 11:57,286,298,OPEN
2018/3/20 11:57,292,293,OPEN
2018/3/20 11:57,296,289,OPEN
2018/3/20 11:57,296,297,OPEN
2018/3/20 11:57,290,292,OPEN
2018/3/20 11:57,294,287,OPEN
2018/3/20 11:57,299,298,OPEN
2018/3/20 11:57,286,288,OPEN
2018/3/20 11:57,299,299,OPEN
2018/3/20 11:57,287,296,OPEN
2018/3/20 11:57,298,297,OPEN
2018/3/20 11:57,292,299,OPEN
2018/3/20 11:57,291,288,OPEN
2018/3/20 11:58,173,114,PASS
2018/3/20 11:58,185,96,PASS
2018/3/20 11:58,169,114,PASS
2018/3/20 11:58,159,109,PASS
2018/3/20 11:58,191,112,PASS
2018/3/20 11:58,188,109,PASS
2018/3/20 11:58,171,104,PASS
2018/3/20 11:58,160,112,PASS
2018/3/20 11:58,160,108,PASS
2018/3/20 11:58,155,116,PASS
2018/3/20 11:58,150,102,PASS
2018/3/20 11:58,167,98,PASS
2018/3/20 11:58,188,102,PASS
2018/3/20 11:58,200,115,PASS
2018/3/20 11:58,159,108,PASS
2018/3/20 11:58,163,118,PASS
2018/3/20 11:58,155,96,PASS
2018/3/20 11:58,155,119,PASS
2018/3/20 11:58,161,118,PASS
2018/3/20 11:58,157,108,PASS
2018/3/20 11:58,175,104,PASS
2018/3/20 11:58,175,117,PASS
2018/3/20 11:58,198,107,PASS
2018/3/20 11:58,198,105,PASS
2018/3/20 11:58,171,120,PASS
2018/3/20 11:58,106,237,PASS
2018/3/20 11:58,96,207,PASS
2018/3/20 11:58,103,235,PASS
2018/3/20 11:58,104,212,PASS
2018/3/20 11:58,95,213,PASS
2018/3/20 11:58,112,227,PASS
2018/3/20 11:58,108,208,PASS
2018/3/20 11:58,97,211,PASS
2018/3/20 11:58,117,224,PASS
2018/3/20 11:58,103,220,PASS
2018/3/20 11:58,106,216,PASS
2018/3/20 11:58,101,209,PASS
2018/3/20 11:58,96,200,PASS
2018/3/20 11:58,110,215,PASS
2018/3/20 11:58,98,202,PASS
2018/3/20 11:58,111,212,PASS
2018/3/20 11:58,106,204,PASS
2018/3/20 11:58,111,215,PASS
2018/3/20 11:58,112,236,PASS
2018/3/20 11:58,116,237,PASS
2018/3/20 11:58,97,205,PASS
2018/3/20 11:58,100,213,PASS
2018/3/20 11:58,97,218,PASS
2018/3/20 11:58,111,221,PASS
2018/3/20 11:58,111,226,PASS
2018/3/20 11:58,102,207,PASS
2018/3/20 11:58,111,209,PASS
2018/3/20 11:58,93,206,PASS
2018/3/20 11:58,102,200,PASS
2018/3/20 11:58,96,206,PASS
2018/3/20 11:58,111,235,PASS
2018/3/20 11:58,115,228,PASS
2018/3/20 11:58,102,215,PASS
2018/3/20 11:58,289,292,OPEN
2018/3/20 11:58,294,287,OPEN
2018/3/20 11:58,293,293,OPEN
2018/3/20 11:58,299,298,OPEN
2018/3/20 11:58,297,295,OPEN
2018/3/20 11:58,300,293,OPEN
2018/3/20 11:58,287,299,OPEN
2018/3/20 11:58,287,295,OPEN
2018/3/20 11:58,299,285,OPEN
2018/3/20 11:58,296,296,OPEN
2018/3/20 11:58,298,297,OPEN
2018/3/20 11:58,285,290,OPEN
2018/3/20 11:58,293,295,OPEN
2018/3/20 11:58,298,300,OPEN
2018/3/20 11:58,298,285,OPEN
2018/3/20 11:58,295,295,OPEN
2018/3/20 11:58,300,292,OPEN
2018/3/20 11:58,290,299,OPEN
2018/3/20 11:58,289,300,OPEN
2018/3/20 11:58,297,293,OPEN
2018/3/20 11:58,290,292,OPEN
2018/3/20 11:58,290,289,OPEN
2018/3/20 11:58,293,295,OPEN
2018/3/20 11:58,108,204,PASS
2018/3/20 11:58,118,221,PASS
2018/3/20 11:58,109,205,PASS
2018/3/20 11:58,102,233,PASS
2018/3/20 11:58,116,212,PASS
2018/3/20 11:58,110,217,PASS
2018/3/20 11:58,103,204,PASS
2018/3/20 11:58,115,201,PASS
2018/3/20 11:58,115,223,PASS
2018/3/20 11:58,112,230,PASS
2018/3/20 11:58,102,200,PASS
2018/3/20 11:58,97,208,PASS
2018/3/20 11:58,108,203,PASS
2018/3/20 11:58,105,216,PASS
2018/3/20 11:58,105,237,PASS
2018/3/20 11:58,97,236,PASS
2018/3/20 11:58,116,208,PASS
2018/3/20 11:58,96,226,PASS
2018/3/20 11:58,119,222,PASS
2018/3/20 11:58,117,203,PASS
2018/3/20 11:58,95,205,PASS
2018/3/20 11:58,116,203,PASS
2018/3/20 11:58,116,211,PASS
2018/3/20 11:58,112,220,PASS
2018/3/20 11:58,120,203,PASS
2018/3/20 11:58,102,224,PASS
2018/3/20 11:58,111,203,PASS
2018/3/20 11:58,97,227,PASS
2018/3/20 11:58,95,220,PASS
2018/3/20 11:58,99,211,PASS
2018/3/20 11:58,101,233,PASS
2018/3/20 11:58,99,204,PASS
2018/3/20 11:58,116,230,PASS
2018/3/20 11:58,106,205,PASS
2018/3/20 11:58,170,99,PASS
2018/3/20 11:58,184,119,PASS
2018/3/20 11:58,164,99,PASS
2018/3/20 11:58,173,96,PASS
2018/3/20 11:58,200,106,PASS
2018/3/20 11:58,154,99,PASS
2018/3/20 11:58,184,117,PASS
2018/3/20 11:58,160,101,PASS
2018/3/20 11:58,191,106,PASS
2018/3/20 11:58,152,112,PASS
2018/3/20 11:58,171,96,PASS
2018/3/20 11:58,155,116,PASS
2018/3/20 11:58,188,117,PASS
2018/3/20 11:58,169,120,PASS
2018/3/20 11:58,176,111,PASS
2018/3/20 11:58,174,106,PASS
2018/3/20 11:58,154,115,PASS
2018/3/20 11:58,193,102,PASS
2018/3/20 11:58,188,120,PASS
2018/3/20 11:58,192,110,PASS
2018/3/20 11:58,167,112,PASS
2018/3/20 11:58,157,100,PASS
2018/3/20 11:58,167,102,PASS
2018/3/20 11:58,158,98,PASS
2018/3/20 11:58,193,115,PASS
2018/3/20 11:59,112,105,PASS
2018/3/20 11:59,98,112,PASS
2018/3/20 11:59,95,116,PASS
2018/3/20 11:59,105,112,PASS
2018/3/20 11:59,94,101,PASS
2018/3/20 11:59,97,110,PASS
2018/3/20 11:59,100,115,PASS
2018/3/20 11:59,99,117,PASS
2018/3/20 11:59,96,118,PASS
2018/3/20 11:59,95,116,PASS
2018/3/20 11:59,94,121,PASS
2018/3/20 11:59,95,116,PASS
2018/3/20 11:59,95,122,PASS
2018/3/20 11:59,97,110,PASS
2018/3/20 11:59,105,110,PASS
2018/3/20 11:59,105,111,PASS
2018/3/20 11:59,95,118,PASS
2018/3/20 11:59,99,117,PASS
2018/3/20 11:59,98,113,PASS
2018/3/20 11:59,104,112,PASS
2018/3/20 11:59,102,114,PASS
2018/3/20 11:59,102,115,PASS
2018/3/20 11:59,100,117,PASS
2018/3/20 11:59,92,120,PASS
2018/3/20 11:59,114,103,PASS
2018/3/20 11:59,97,101,PASS
2018/3/20 11:59,110,107,PASS
2018/3/20 11:59,106,105,PASS
2018/3/20 11:59,97,113,PASS
2018/3/20 11:59,115,102,PASS
2018/3/20 11:59,110,97,PASS
2018/3/20 11:59,98,116,PASS
2018/3/20 11:59,95,116,PASS
2018/3/20 11:59,98,114,PASS
2018/3/20 11:59,95,116,PASS
2018/3/20 11:59,95,118,PASS
2018/3/20 11:59,100,117,PASS
2018/3/20 11:59,98,117,PASS
2018/3/20 11:59,96,113,PASS
2018/3/20 11:59,156,172,PASS
2018/3/20 11:59,108,109,PASS
2018/3/20 11:59,109,110,PASS
2018/3/20 11:59,92,125,PASS
2018/3/20 11:59,97,119,PASS
2018/3/20 11:59,92,125,PASS
2018/3/20 11:59,105,107,PASS
2018/3/20 11:59,93,110,PASS
2018/3/20 11:59,102,114,PASS
2018/3/20 11:59,99,118,PASS
2018/3/20 11:59,99,117,PASS
2018/3/20 11:59,98,112,PASS
2018/3/20 11:59,94,117,PASS
2018/3/20 11:59,94,118,PASS
2018/3/20 11:59,98,118,PASS
2018/3/20 11:59,98,113,PASS
2018/3/20 11:59,146,72,PASS
2018/3/20 11:59,98,117,PASS
2018/3/20 11:59,94,117,PASS
2018/3/20 11:59,94,122,PASS
2018/3/20 11:59,91,123,PASS
2018/3/20 11:59,89,122,PASS
2018/3/20 11:59,87,126,PASS
2018/3/20 11:59,86,127,PASS
2018/3/20 11:59,92,123,PASS
2018/3/20 11:59,92,119,PASS
2018/3/20 11:59,94,117,PASS
2018/3/20 11:59,100,117,PASS
2018/3/20 11:59,103,113,PASS
2018/3/20 11:59,101,114,PASS
2018/3/20 11:59,101,115,PASS
2018/3/20 11:59,105,111,PASS
2018/3/20 11:59,96,116,PASS
2018/3/20 11:59,98,114,PASS
2018/3/20 11:59,97,112,PASS
2018/3/20 11:59,96,120,PASS
2018/3/20 11:59,95,120,PASS
2018/3/20 11:59,92,119,PASS
2018/3/20 11:59,88,126,PASS
2018/3/20 11:59,89,126,PASS
2018/3/20 11:59,114,103,PASS
2018/3/20 11:59,109,108,PASS
2018/3/20 11:59,96,101,PASS
2018/3/20 11:59,97,106,PASS
2018/3/20 11:59,95,115,PASS
2018/3/20 11:59,95,116,PASS
2018/3/20 11:59,96,116,PASS
2018/3/20 11:59,91,119,PASS
2018/3/20 11:59,115,102,PASS
2018/3/20 11:59,102,110,PASS
2018/3/20 11:59,99,117,PASS
2018/3/20 11:59,96,115,PASS
2018/3/20 11:59,112,104,PASS
2018/3/20 11:59,98,118,PASS
2018/3/20 11:59,99,116,PASS
2018/3/20 11:59,100,115,PASS
2018/3/20 11:59,93,121,PASS
2018/3/20 11:59,98,111,PASS
2018/3/20 11:59,95,119,PASS
2018/3/20 11:59,95,121,PASS
2018/3/20 11:59,95,115,PASS
2018/3/20 11:59,88,123,PASS
2018/3/20 11:59,89,125,PASS
2018/3/20 11:59,91,120,PASS
2018/3/20 11:59,95,120,PASS
2018/3/20 11:59,93,123,PASS
2018/3/20 11:59,93,122,PASS
2018/3/20 11:59,96,122,PASS
2018/3/20 11:59,98,119,PASS
2018/3/20 11:59,99,111,PASS
2018/3/20 11:59,97,117,PASS
2018/3/20 11:59,94,118,PASS
2018/3/20 11:59,98,113,PASS
2018/3/20 11:59,96,115,PASS
2018/3/20 11:59,92,118,PASS
2018/3/20 11:59,92,119,PASS
2018/3/20 11:59,92,124,PASS
2018/3/20 11:59,94,122,PASS
2018/3/20 11:59,97,115,PASS
2018/3/20 11:59,94,117,PASS
2018/3/20 11:59,91,118,PASS
2018/3/20 11:59,92,125,PASS
2018/3/20 11:59,91,118,PASS
2018/3/20 11:59,91,125,PASS
2018/3/20 11:59,94,116,PASS
2018/3/20 11:59,90,122,PASS
2018/3/20 11:59,90,122,PASS
2018/3/20 11:59,98,113,PASS
2018/3/20 11:59,96,116,PASS
2018/3/20 11:59,94,120,PASS
2018/3/20 11:59,96,118,PASS
2018/3/20 11:59,96,119,PASS
2018/3/20 11:59,98,118,PASS
2018/3/20 11:59,101,116,PASS
2018/3/20 11:59,96,117,PASS
2018/3/20 11:59,96,115,PASS
2018/3/20 11:59,96,120,PASS
2018/3/20 11:59,110,106,PASS
2018/3/20 11:59,102,113,PASS
2018/3/20 11:59,101,114,PASS
2018/3/20 11:59,104,113,PASS
2018/3/20 11:59,94,118,PASS
2018/3/20 11:59,92,124,PASS
2018/3/20 11:59,101,115,PASS
2018/3/20 11:59,94,124,PASS
2018/3/20 11:59,217,111,PASS
2018/3/20 11:59,97,121,PASS
2018/3/20 11:59,168,161,PASS
2018/3/20 11:59,132,-247,PASS
2018/3/20 11:59,332,143,PASS
2018/3/20 11:59,146,141,PASS
2018/3/20 11:59,140,103,PASS
2018/3/20 11:59,136,146,PASS
2018/3/20 11:59,138,139,PASS
2018/3/20 11:59,133,125,PASS
2018/3/20 11:59,95,123,PASS
2018/3/20 11:59,97,115,PASS
2018/3/20 11:59,91,126,PASS
2018/3/20 11:59,102,112,PASS
2018/3/20 11:59,101,109,PASS
2018/3/20 11:59,99,112,PASS
2018/3/20 11:59,100,114,PASS
2018/3/20 11:59,99,111,PASS
2018/3/20 11:59,101,111,PASS
2018/3/20 11:59,104,111,PASS
2018/3/20 11:59,106,110,PASS
2018/3/20 11:59,95,115,PASS
2018/3/20 11:59,96,121,PASS
2018/3/20 11:59,91,123,PASS
2018/3/20 11:59,92,119,PASS
2018/3/20 11:59,91,124,PASS
2018/3/20 11:59,91,125,PASS
2018/3/20 11:59,88,124,PASS
2018/3/20 11:59,91,124,PASS
2018/3/20 11:59,92,123,PASS
2018/3/20 11:59,107,109,PASS
2018/3/20 11:59,105,112,PASS
2018/3/20 11:59,106,110,PASS
2018/3/20 11:59,102,112,PASS
2018/3/20 11:59,101,113,PASS
2018/3/20 11:59,105,107,PASS
2018/3/20 11:59,96,108,PASS
2018/3/20 11:59,116,101,PASS
2018/3/20 11:59,106,111,PASS
2018/3/20 11:59,102,107,PASS
2018/3/20 11:59,104,108,PASS
2018/3/20 11:59,96,114,PASS
2018/3/20 11:59,105,110,PASS
2018/3/20 11:59,103,109,PASS
2018/3/20 11:59,104,111,PASS
2018/3/20 11:59,98,115,PASS
2018/3/20 11:59,104,112,PASS
2018/3/20 11:59,98,100,PASS
2018/3/20 11:59,102,109,PASS
2018/3/20 11:59,102,114,PASS