date,lux,tem_in,tem_win,sonar_in,sonar_out,move,p,adx,ady,adz,awx,awy,awz,activity
2018-03-20 11:12:35,37,19.1,19.5,155,124,1,13.0,-0.95,-0.04,-0.22,-0.94,-0.01,-0.25,
2018-03-20 11:12:35,38,19.1,19.5,147,132,1,13.0,-0.95,-0.03,-0.22,-0.95,-0.03,-0.25,
2018-03-20 11:12:35,37,19.1,19.5,147,133,1,13.0,-0.95,-0.04,-0.22,-0.94,-0.02,-0.25,
2018-03-20 11:12:36,37,19.1,19.5,149,130,1,13.0,-0.95,-0.03,-0.21,-0.94,-0.01,-0.24,
2018-03-20 11:12:37,37,19.1,19.5,142,132,1,13.0,-0.95,-0.04,-0.21,-0.94,-0.02,-0.25,
2018-03-20 11:12:37,37,19.1,19.5,134,145,1,13.0,-0.95,-0.04,-0.21,-0.94,-0.02,-0.24,
2018-03-20 11:12:37,38,19.1,19.5,148,131,1,13.0,-0.95,-0.03,-0.22,-0.95,-0.02,-0.25,
2018-03-20 11:12:38,37,19.1,19.5,143,136,1,13.0,-0.94,-0.04,-0.21,-0.94,-0.02,-0.24,
2018-03-20 11:12:39,36,19.1,19.5,152,128,1,13.0,-0.94,-0.04,-0.21,-0.95,-0.02,-0.24,
2018-03-20 11:13:23,39,19.1,19.5,135,146,1,24.0,-0.95,-0.05,-0.22,-0.92,-0.02,-0.33,
2018-03-20 11:13:25,38,19.1,19.5,128,148,1,25.0,-0.94,-0.04,-0.21,-0.92,-0.02,-0.33,
2018-03-20 11:13:25,38,19.1,19.4,127,148,1,25.0,-0.95,-0.04,-0.2,-0.92,-0.02,-0.33,
2018-03-20 11:13:26,40,19.1,19.4,133,147,1,25.0,-0.94,-0.04,-0.22,-0.92,-0.02,-0.33,
2018-03-20 11:13:26,38,19.1,19.4,90,93,1,24.0,-0.95,-0.04,-0.21,-0.91,-0.02,-0.33,
2018-03-20 11:13:28,40,19.1,19.3,88,89,1,25.0,-0.95,-0.04,-0.22,-0.92,-0.02,-0.33,
2018-03-20 11:13:28,40,19.1,19.3,86,98,1,26.0,-0.95,-0.04,-0.21,-0.93,-0.02,-0.33,
2018-03-20 11:13:29,40,19.1,19.3,86,92,0,26.0,-0.95,-0.04,-0.22,-0.92,-0.02,-0.33,
2018-03-20 11:13:29,40,19.1,19.2,90,93,0,26.0,-0.95,-0.04,-0.21,-0.91,-0.02,-0.33,
2018-03-20 11:13:30,40,19.1,19.2,90,92,0,25.0,-0.95,-0.04,-0.21,-0.93,-0.02,-0.32,
2018-03-20 11:13:30,40,19.1,19.2,89,90,0,25.0,-0.95,-0.04,-0.22,-0.92,-0.02,-0.33,
2018-03-20 11:13:31,40,19.1,19.2,91,90,0,26.0,-0.94,-0.03,-0.21,-0.92,-0.02,-0.33,
2018-03-20 11:13:33,41,19.1,19.2,90,84,0,26.0,-0.95,-0.04,-0.21,-0.92,-0.02,-0.33,
2018-03-20 11:13:33,39,19.1,19.1,87,95,0,25.0,-0.95,-0.03,-0.22,-0.92,-0.02,-0.32,
2018-03-20 11:13:34,39,19.1,19.1,142,136,0,21.0,-0.95,-0.04,-0.22,-0.92,-0.02,-0.33,
2018-03-20 11:13:34,39,19.1,19.1,147,133,0,22.0,-0.95,-0.04,-0.22,-0.92,-0.01,-0.33,
2018-03-20 11:13:35,39,19.1,19.1,164,116,0,21.0,-0.95,-0.04,-0.21,-0.91,-0.02,-0.32,
2018-03-20 11:13:35,39,19.1,19.0,128,150,0,21.0,-0.95,-0.03,-0.22,-0.93,-0.02,-0.34,
2018-03-20 11:13:36,39,19.1,19.0,145,132,0,21.0,-0.94,-0.04,-0.21,-0.92,-0.02,-0.34,
2018-03-20 11:13:37,39,19.1,19.0,136,144,0,20.0,-0.95,-0.04,-0.21,-0.92,-0.02,-0.33,
2018-03-20 11:13:37,39,19.2,18.9,130,149,1,21.0,-0.95,-0.03,-0.21,-0.91,-0.01,-0.33,
2018-03-20 11:13:38,39,19.2,18.9,134,145,1,21.0,-0.95,-0.04,-0.22,-0.92,-0.02,-0.34,
2018-03-20 12:02:07,40,19.5,19.7,104,103,0,103.0,-0.95,0.01,-0.19,-0.94,-0.03,-0.25,
2018-03-20 12:02:27,41,19.4,19.7,103,107,1,118.0,-0.95,0.0,-0.2,-0.94,-0.02,-0.25,
2018-03-20 12:02:28,41,19.4,19.7,103,106,1,109.0,-0.96,0.01,-0.19,-0.94,-0.03,-0.25,
2018-03-20 12:02:28,41,19.4,19.7,96,112,0,113.0,-0.94,0.01,-0.2,-0.95,-0.03,-0.25,
2018-03-20 12:02:29,41,19.4,19.7,105,104,0,123.0,-0.95,-0.0,-0.21,-0.94,-0.02,-0.25,
2018-03-20 12:02:29,41,19.4,19.7,107,105,0,121.0,-0.95,0.01,-0.19,-0.94,-0.02,-0.25,
2018-03-20 12:02:30,41,19.4,19.6,95,104,0,123.0,-0.95,0.0,-0.19,-0.95,-0.03,-0.25,
2018-03-20 12:02:30,41,19.4,19.6,109,107,0,109.0,-0.95,0.0,-0.2,-0.94,-0.02,-0.25,
2018-03-20 12:02:30,41,19.4,19.6,96,106,0,123.0,-0.95,0.01,-0.18,-0.94,-0.02,-0.25,
2018-03-20 12:02:31,41,19.4,19.6,107,108,0,116.0,-0.95,0.0,-0.2,-0.94,-0.02,-0.25,
2018-03-20 12:02:32,41,19.4,19.7,96,113,0,103.0,-0.95,0.0,-0.19,-0.94,-0.02,-0.25,
2018-03-20 12:02:32,41,19.4,19.7,101,108,0,107.0,-0.95,0.01,-0.19,-0.94,-0.02,-0.25,
2018-03-20 12:02:32,42,19.4,19.7,106,110,0,99.0,-0.94,0.01,-0.19,-0.95,-0.02,-0.26,
2018-03-20 12:02:33,42,19.4,19.7,106,105,0,96.0,-0.94,0.01,-0.2,-0.94,-0.02,-0.25,
2018-03-20 12:02:33,42,19.4,19.6,103,114,0,123.0,-0.95,0.01,-0.19,-0.94,-0.02,-0.25,
2018-03-20 12:02:35,41,19.4,19.6,99,110,0,114.0,-0.95,0.0,-0.2,-0.94,-0.02,-0.25,
2018-03-20 12:02:35,41,19.4,19.7,97,108,0,109.0,-0.95,0.01,-0.19,-0.94,-0.02,-0.25,
2018-03-20 12:02:36,41,19.4,19.7,113,102,0,112.0,-0.95,0.0,-0.2,-0.94,-0.02,-0.26,
2018-03-20 12:02:36,41,19.4,19.7,106,111,0,105.0,-0.95,0.0,-0.2,-0.94,-0.02,-0.25,
2018-03-20 12:02:37,41,19.4,19.7,107,105,0,107.0,-0.95,-0.0,-0.19,-0.95,-0.02,-0.26,
2018-03-20 12:02:38,41,19.4,19.7,99,107,0,122.0,-0.95,0.01,-0.19,-0.94,-0.02,-0.25,
2018-03-20 12:02:38,41,19.4,19.7,100,113,0,121.0,-0.95,0.0,-0.2,-0.94,-0.02,-0.24,
2018-03-20 12:02:39,41,19.4,19.7,100,114,0,112.0,-0.96,0.01,-0.2,-0.94,-0.02,-0.26,
2018-03-20 12:02:39,41,19.4,19.7,104,104,0,112.0,-0.95,0.0,-0.2,-0.94,-0.02,-0.25,
2018-03-20 12:02:41,41,19.4,19.7,98,111,0,114.0,-0.95,0.0,-0.2,-0.94,-0.02,-0.25,
2018-03-20 12:02:41,42,19.4,19.7,105,108,0,111.0,-0.94,0.0,-0.19,-0.95,-0.02,-0.25,
2018-03-20 12:02:42,42,19.4,19.7,108,108,0,103.0,-0.95,0.01,-0.2,-0.94,-0.02,-0.25,
2018-03-20 12:02:43,42,19.4,19.7,99,115,0,106.0,-0.95,0.01,-0.2,-0.94,-0.02,-0.25,
2018-03-20 12:02:44,41,19.4,19.7,111,105,0,106.0,-0.95,0.01,-0.2,-0.93,-0.02,-0.25,
2018-03-20 12:02:44,41,19.4,19.7,118,98,0,106.0,-0.95,0.0,-0.2,-0.94,-0.01,-0.25,
2018-03-20 12:02:44,41,19.4,19.7,109,106,0,102.0,-0.95,0.0,-0.19,-0.95,-0.02,-0.26,
2018-03-20 12:02:45,42,19.4,19.7,107,101,0,107.0,-0.95,0.0,-0.2,-0.94,-0.02,-0.25,
2018-03-20 12:02:45,42,19.4,19.7,108,104,0,105.0,-0.95,0.0,-0.19,-0.95,-0.02,-0.24,
2018-03-20 12:02:46,41,19.4,19.7,101,108,0,105.0,-0.95,0.0,-0.2,-0.94,-0.02,-0.25,
2018-03-20 12:02:46,41,19.4,19.7,96,107,0,107.0,-0.95,0.01,-0.19,-0.94,-0.02,-0.25,
2018-03-20 12:02:46,41,19.4,19.7,101,105,0,108.0,-0.95,0.01,-0.2,-0.95,-0.02,-0.25,
2018-03-20 12:02:47,42,19.4,19.7,98,119,0,109.0,-0.95,0.0,-0.2,-0.94,-0.02,-0.24,
2018-03-20 12:02:47,42,19.4,19.7,107,103,1,105.0,-0.95,0.01,-0.2,-0.95,-0.02,-0.24,
2018-03-20 12:02:48,42,19.4,19.7,97,113,1,108.0,-0.95,0.01,-0.2,-0.95,-0.02,-0.25,
2018-03-20 12:02:48,42,19.4,19.7,97,102,1,108.0,-0.96,0.01,-0.21,-0.94,-0.02,-0.24,
2018-03-20 12:02:48,41,19.4,19.7,101,107,1,103.0,-0.94,0.0,-0.2,-0.94,-0.02,-0.25,
2018-03-20 12:02:49,41,19.4,19.7,110,106,1,103.0,-0.95,0.01,-0.19,-0.94,-0.02,-0.25,
2018-03-20 12:02:50,40,19.4,19.7,102,115,1,107.0,-0.95,0.0,-0.2,-0.94,-0.02,-0.25,
2018-03-20 12:02:50,42,19.4,19.7,105,112,0,106.0,-0.94,0.0,-0.19,-0.94,-0.02,-0.26,
2018-03-20 12:02:50,42,19.4,19.7,98,100,0,108.0,-0.96,0.0,-0.19,-0.94,-0.02,-0.25,
2018-03-20 12:02:51,41,19.4,19.7,102,107,0,106.0,-0.95,0.0,-0.2,-0.94,-0.02,-0.25,
2018-03-20 12:02:51,41,19.4,19.6,101,111,0,100.0,-0.95,0.0,-0.19,-0.94,-0.02,-0.26,
2018-03-20 12:02:52,41,19.4,19.6,98,113,0,107.0,-0.95,0.0,-0.19,-0.94,-0.03,-0.25,
2018-03-20 12:02:52,41,19.4,19.6,111,106,0,107.0,-0.95,0.0,-0.2,-0.94,-0.02,-0.25,
2018-03-20 12:02:52,41,19.4,19.6,101,108,0,107.0,-0.95,-0.0,-0.2,-0.95,-0.02,-0.25,
2018-03-20 12:02:53,41,19.4,19.6,102,115,0,121.0,-0.96,0.01,-0.2,-0.94,-0.02,-0.26,
2018-03-20 12:02:53,41,19.4,19.6,98,112,0,101.0,-0.95,0.0,-0.21,-0.94,-0.02,-0.25,
2018-03-20 12:02:54,41,19.4,19.6,97,106,0,108.0,-0.95,0.0,-0.19,-0.95,-0.02,-0.25,
2018-03-20 12:02:54,40,19.4,19.6,101,111,0,108.0,-0.94,0.01,-0.2,-0.94,-0.02,-0.25,
2018-03-20 12:02:54,40,19.4,19.6,101,108,1,101.0,-0.95,0.0,-0.2,-0.95,-0.02,-0.25,
2018-03-20 12:02:55,40,19.4,19.6,98,110,1,107.0,-0.95,0.0,-0.2,-0.94,-0.02,-0.25,
2018-03-20 12:02:57,41,19.4,19.7,96,111,1,111.0,-0.95,0.0,-0.2,-0.95,-0.02,-0.25,
2018-03-20 12:02:57,42,19.4,19.7,104,112,0,110.0,-0.95,0.01,-0.2,-0.95,-0.02,-0.25,
2018-03-20 12:02:58,41,19.5,19.7,97,112,0,111.0,-0.96,0.0,-0.19,-0.94,-0.02,-0.26,
2018-03-20 12:02:58,41,19.5,19.7,109,109,0,106.0,-0.95,0.0,-0.19,-0.94,-0.02,-0.25,
2018-03-20 12:02:58,41,19.5,19.7,106,112,0,101.0,-0.95,0.0,-0.19,-0.94,-0.02,-0.25,
2018-03-20 12:02:59,41,19.5,19.7,111,105,0,106.0,-0.95,0.01,-0.2,-0.94,-0.03,-0.25,
2018-03-20 12:02:59,41,19.5,19.7,99,100,0,109.0,-0.94,0.01,-0.19,-0.94,-0.02,-0.26,
2018-03-20 12:03:00,41,19.4,19.7,106,109,0,106.0,-0.95,0.0,-0.2,-0.94,-0.02,-0.25,
2018-03-20 12:03:00,41,19.4,19.7,102,115,0,106.0,-0.96,0.0,-0.2,-0.94,-0.02,-0.25,
2018-03-20 12:03:01,41,19.4,19.7,100,108,0,110.0,-0.94,-0.0,-0.19,-0.94,-0.02,-0.24,
2018-03-20 12:03:01,42,19.4,19.7,98,115,1,109.0,-0.95,0.0,-0.2,-0.94,-0.02,-0.25,
2018-03-20 12:03:02,42,19.4,19.7,103,111,1,105.0,-0.95,0.01,-0.18,-0.95,-0.02,-0.25,
2018-03-20 12:03:02,41,19.4,19.7,103,104,1,109.0,-0.95,0.0,-0.19,-0.94,-0.01,-0.25,
2018-03-20 12:03:02,42,19.4,19.7,97,113,1,108.0,-0.95,0.01,-0.2,-0.94,-0.02,-0.25,
2018-03-20 12:03:03,42,19.4,19.7,104,113,1,104.0,-0.95,0.0,-0.2,-0.94,-0.02,-0.25,
2018-03-20 12:03:03,41,19.4,19.6,103,114,0,103.0,-0.95,0.01,-0.2,-0.95,-0.02,-0.25,
2018-03-20 12:03:04,41,19.4,19.6,104,113,0,100.0,-0.94,0.08,-0.21,-0.94,-0.02,-0.25,
2018-03-20 12:03:04,42,19.4,19.6,107,108,0,108.0,-0.94,-0.0,-0.2,-0.94,-0.02,-0.25,
2018-03-20 12:03:05,42,19.4,19.6,108,108,0,106.0,-0.94,-0.0,-0.2,-0.95,-0.02,-0.26,
2018-03-20 12:03:05,42,19.4,19.6,114,103,0,103.0,-0.95,0.0,-0.21,-0.95,-0.02,-0.25,
2018-03-20 12:03:06,41,19.4,19.7,113,103,0,102.0,-0.95,-0.0,-0.19,-0.94,-0.02,-0.25,
2018-03-20 12:03:06,41,19.4,19.7,103,104,0,105.0,-0.95,0.01,-0.2,-0.94,-0.02,-0.25,
2018-03-20 12:03:06,40,19.4,19.7,94,112,0,105.0,-0.94,0.0,-0.19,-0.94,-0.02,-0.25,
2018-03-20 12:03:07,42,19.4,19.7,109,101,0,108.0,-0.95,0.0,-0.19,-0.94,-0.02,-0.26,
2018-03-20 12:03:07,41,19.4,19.7,103,114,0,110.0,-0.95,0.01,-0.18,-0.94,-0.03,-0.25,
2018-03-20 12:03:08,41,19.4,19.7,96,100,0,106.0,-0.95,0.01,-0.2,-0.94,-0.02,-0.25,
2018-03-20 12:03:08,41,19.4,19.7,104,112,0,105.0,-0.95,0.0,-0.19,-0.94,-0.02,-0.25,
2018-03-20 12:03:09,41,19.4,19.7,108,106,0,111.0,-0.95,0.01,-0.19,-0.94,-0.02,-0.26,
2018-03-20 12:03:09,40,19.4,19.7,114,104,0,105.0,-0.95,0.01,-0.2,-0.94,-0.02,-0.25,
2018-03-20 12:03:10,40,19.4,19.6,98,111,0,122.0,-0.96,-0.0,-0.2,-0.94,-0.02,-0.25,
2018-03-20 12:03:10,40,19.4,19.6,105,104,0,119.0,-0.96,0.0,-0.2,-0.94,-0.02,-0.25,
2018-03-20 12:03:10,40,19.4,19.6,96,111,0,121.0,-0.95,0.0,-0.19,-0.95,-0.02,-0.25,
2018-03-20 12:03:11,40,19.4,19.6,100,112,0,121.0,-0.95,-0.0,-0.2,-0.95,-0.02,-0.25,
2018-03-20 12:03:11,40,19.4,19.6,107,109,0,105.0,-0.95,0.0,-0.2,-0.95,-0.03,-0.25,
2018-03-20 12:03:33,38,19.4,19.6,104,108,1,29.0,-0.95,-0.0,-0.2,-0.94,-0.02,-0.26,
2018-03-20 12:03:33,38,19.4,19.6,104,105,1,29.0,-0.95,0.0,-0.2,-0.94,-0.02,-0.25,
2018-03-20 12:03:34,37,19.4,19.6,94,106,1,27.0,-0.95,0.0,-0.2,-0.94,-0.03,-0.25,
2018-03-20 12:03:35,38,19.4,19.6,99,106,1,21.0,-0.95,0.01,-0.2,-0.94,-0.02,-0.25,
2018-03-20 12:03:37,37,19.4,19.6,120,97,1,20.0,-0.96,0.01,-0.2,-0.94,-0.02,-0.24,
2018-03-20 12:03:37,38,19.4,19.6,98,110,1,20.0,-0.95,0.0,-0.2,-0.94,-0.02,-0.26,
2018-03-20 12:03:38,38,19.4,19.6,107,111,1,20.0,-0.95,0.01,-0.19,-0.94,-0.02,-0.25,
2018-03-20 12:03:38,38,19.4,19.6,106,99,1,20.0,-0.95,0.01,-0.2,-0.94,-0.02,-0.25,
2018-03-20 12:03:39,38,19.4,19.6,98,111,1,20.0,-0.95,0.0,-0.21,-0.94,-0.02,-0.25,
2018-03-20 12:03:39,38,19.4,19.6,98,118,1,20.0,-0.95,0.0,-0.2,-0.95,-0.02,-0.25,
2018-03-20 12:03:41,38,19.4,19.7,97,113,1,21.0,-0.98,0.05,-0.11,-0.94,-0.02,-0.24,
2018-03-20 12:03:41,38,19.4,19.7,169,112,1,21.0,-0.96,0.03,-0.08,-0.94,-0.02,-0.25,
2018-03-20 12:03:42,38,19.4,19.7,110,132,1,21.0,-0.95,-0.0,-0.2,-0.95,-0.02,-0.24,
2018-03-20 12:03:42,38,19.4,19.7,330,288,1,20.0,-0.94,-0.01,-0.2,-0.94,-0.02,-0.25,
2018-03-20 12:03:42,38,19.4,19.7,111,132,1,20.0,-0.95,0.01,-0.18,-0.94,-0.02,-0.24,
2018-03-20 12:03:43,38,19.4,19.7,162,121,1,20.0,-0.95,-0.0,-0.21,-0.94,-0.02,-0.25,
2018-03-20 12:03:43,38,19.4,19.6,114,167,1,21.0,-0.96,0.0,-0.21,-0.94,-0.02,-0.25,
2018-03-20 12:03:44,38,19.4,19.6,153,129,1,20.0,-0.94,-0.0,-0.2,-0.94,-0.01,-0.25,
2018-03-20 12:03:44,38,19.4,19.6,159,122,1,20.0,-0.95,-0.0,-0.21,-0.94,-0.02,-0.25,
2018-03-20 12:03:45,38,19.4,19.6,293,132,0,20.0,-0.95,0.0,-0.2,-0.94,-0.02,-0.25,
2018-03-20 12:03:45,38,19.4,19.6,125,127,0,20.0,-0.94,-0.0,-0.21,-0.94,-0.02,-0.25,
2018-03-20 12:03:46,38,19.4,19.6,123,128,0,20.0,-0.95,0.0,-0.21,-0.95,-0.02,-0.25,
2018-03-20 12:03:46,38,19.4,19.6,124,129,0,19.0,-0.95,0.0,-0.2,-0.94,-0.01,-0.25,
2018-03-20 12:03:46,38,19.4,19.6,117,165,0,21.0,-0.95,0.0,-0.2,-0.94,-0.02,-0.25,
2018-03-20 12:03:47,38,19.4,19.6,118,210,0,20.0,-0.95,0.0,-0.21,-0.94,-0.02,-0.25,
2018-03-20 12:03:47,38,19.4,19.6,293,127,0,22.0,-0.95,0.0,-0.2,-0.94,-0.02,-0.25,
2018-03-20 12:03:48,38,19.5,19.6,119,125,0,22.0,-0.95,0.0,-0.2,-0.94,-0.02,-0.24,
2018-03-20 12:03:48,38,19.5,19.6,87,116,1,21.0,-0.95,0.01,-0.2,-0.94,-0.02,-0.25,
2018-03-20 12:03:49,38,19.5,19.6,104,95,1,22.0,-0.95,0.0,-0.21,-0.95,-0.03,-0.25,
2018-03-20 12:03:50,37,19.5,19.6,99,100,1,21.0,-0.94,0.01,-0.21,-0.94,-0.02,-0.25,
2018-03-20 12:03:50,37,19.5,19.7,94,84,1,22.0,-0.95,0.0,-0.21,-0.94,-0.03,-0.26,
2018-03-20 12:03:51,37,19.5,19.7,89,92,1,21.0,-0.95,0.01,-0.2,-0.94,-0.02,-0.25,
2018-03-20 12:03:51,37,19.5,19.7,162,115,1,21.0,-0.95,0.01,-0.2,-0.94,-0.02,-0.26,
2018-03-20 12:03:52,37,19.4,19.6,88,88,1,22.0,-0.95,0.0,-0.2,-0.94,-0.02,-0.25,
2018-03-20 12:03:52,37,19.4,19.6,109,71,1,21.0,-0.95,0.0,-0.21,-0.94,-0.02,-0.25,
2018-03-20 12:03:52,37,19.4,19.6,108,171,0,21.0,-0.95,0.01,-0.21,-0.95,-0.02,-0.25,
2018-03-20 12:03:53,37,19.4,19.6,105,130,0,22.0,-0.95,-0.0,-0.21,-0.94,-0.03,-0.25,
2018-03-20 12:03:53,37,19.4,19.6,106,63,0,22.0,-0.94,0.01,-0.2,-0.94,-0.02,-0.25,
2018-03-20 12:03:54,37,19.4,19.6,105,174,0,22.0,-0.95,0.0,-0.21,-0.94,-0.02,-0.24,
2018-03-20 12:03:54,37,19.4,19.6,102,62,1,21.0,-0.95,0.01,-0.21,-0.95,-0.02,-0.25,
2018-03-20 12:03:54,37,19.4,19.6,109,73,1,21.0,-0.95,-0.0,-0.2,-0.94,-0.02,-0.24,
2018-03-20 12:03:55,39,19.4,19.6,105,63,1,21.0,-0.95,0.01,-0.2,-0.94,-0.03,-0.25,
2018-03-20 12:03:55,39,19.4,19.6,103,65,1,22.0,-0.96,0.0,-0.21,-0.94,-0.02,-0.25,
2018-03-20 12:03:56,38,19.4,19.6,94,93,1,21.0,-0.95,0.0,-0.2,-0.94,-0.02,-0.25,
2018-03-20 12:03:56,38,19.4,19.6,95,82,1,21.0,-0.95,-0.01,-0.21,-0.94,-0.03,-0.25,
2018-03-20 12:03:56,38,19.4,19.6,97,86,0,22.0,-0.95,0.0,-0.2,-0.94,-0.02,-0.26,
2018-03-20 12:03:57,38,19.4,19.6,98,87,0,21.0,-0.95,0.0,-0.2,-0.94,-0.02,-0.26,
2018-03-20 12:03:57,38,19.4,19.6,88,89,0,21.0,-0.95,0.0,-0.21,-0.94,-0.02,-0.25,
2018-03-20 12:03:58,38,19.4,19.6,90,103,0,21.0,-0.95,0.0,-0.2,-0.94,-0.02,-0.26,
2018-03-20 12:03:58,38,19.4,19.6,107,131,0,20.0,-0.95,-0.0,-0.21,-0.94,-0.02,-0.25,
2018-03-20 12:03:58,38,19.4,19.6,109,57,0,20.0,-0.95,0.01,-0.21,-0.94,-0.02,-0.24,
2018-03-20 12:03:59,38,19.4,19.6,98,64,1,20.0,-0.95,0.0,-0.2,-0.94,-0.02,-0.25,
2018-03-20 12:03:59,38,19.4,19.6,101,86,1,20.0,-0.95,0.0,-0.21,-0.95,-0.02,-0.25,
2018-03-20 12:04:00,38,19.4,19.6,101,79,1,20.0,-0.96,0.0,-0.21,-0.94,-0.03,-0.25,
2018-03-20 12:04:00,37,19.4,19.6,88,88,1,20.0,-0.95,0.01,-0.21,-0.95,-0.02,-0.25,
2018-03-20 12:04:00,38,19.4,19.6,90,88,1,20.0,-0.95,-0.0,-0.19,-0.94,-0.02,-0.24,
2018-03-20 12:04:01,37,19.4,19.6,90,92,1,20.0,-0.95,0.0,-0.2,-0.94,-0.02,-0.26,
2018-03-20 12:04:01,37,19.4,19.6,87,91,1,21.0,-0.95,0.0,-0.21,-0.94,-0.02,-0.25,
2018-03-20 12:04:02,37,19.4,19.6,93,88,1,20.0,-0.95,0.0,-0.21,-0.94,-0.02,-0.25,
2018-03-20 12:04:02,35,19.4,19.6,90,89,1,21.0,-0.96,0.0,-0.21,-0.94,-0.02,-0.25,
2018-03-20 12:04:02,35,19.4,19.6,88,94,1,21.0,-0.95,0.0,-0.2,-0.94,-0.02,-0.25,
2018-03-20 12:04:03,35,19.4,19.6,92,94,1,20.0,-0.95,0.0,-0.2,-0.94,-0.02,-0.25,
2018-03-20 12:04:03,36,19.4,19.6,88,91,1,21.0,-0.95,0.0,-0.21,-0.94,-0.02,-0.25,
2018-03-20 12:04:04,35,19.4,19.6,90,91,1,12.0,-0.95,0.0,-0.2,-0.94,-0.02,-0.26,
2018-03-20 12:04:04,36,19.4,19.6,88,92,1,9.0,-0.95,-0.0,-0.21,-0.94,-0.02,-0.26,
2018-03-20 12:04:04,35,19.4,19.6,90,90,1,7.0,-0.95,0.0,-0.21,-1.07,-0.02,-0.07,
2018-03-20 12:04:05,37,19.4,19.6,89,88,1,7.0,-0.95,0.0,-0.2,-0.96,-0.04,-0.22,
2018-03-20 12:04:05,37,19.4,19.6,87,93,1,9.0,-0.94,0.0,-0.21,-0.93,-0.02,-0.37,
2018-03-20 12:04:06,37,19.4,19.6,88,93,1,9.0,-0.95,0.0,-0.19,-0.92,-0.02,-0.36,
2018-03-20 12:04:06,37,19.4,19.6,89,89,1,9.0,-0.95,0.0,-0.21,-0.92,-0.02,-0.33,
2018-03-20 12:04:07,37,19.4,19.6,90,89,1,9.0,-0.95,0.01,-0.2,-0.92,-0.02,-0.33,
2018-03-20 12:04:07,37,19.4,19.6,86,92,1,9.0,-0.95,0.0,-0.19,-0.92,-0.02,-0.34,
2018-03-20 12:04:10,36,19.4,19.6,90,89,1,10.0,-0.95,-0.0,-0.2,-0.92,-0.02,-0.33,
2018-03-20 12:04:10,39,19.4,19.5,86,92,1,10.0,-0.95,0.0,-0.21,-0.92,-0.02,-0.33,
2018-03-20 12:04:10,38,19.4,19.5,91,90,1,10.0,-0.95,0.0,-0.21,-0.92,-0.02,-0.34,
2018-03-20 12:04:11,38,19.4,19.5,88,90,1,11.0,-0.95,-0.0,-0.21,-0.92,-0.02,-0.34,
2018-03-20 12:04:12,38,19.4,19.3,90,89,1,11.0,-0.95,-0.01,-0.19,-0.92,-0.02,-0.34,
2018-03-20 12:04:12,38,19.4,19.3,90,89,1,10.0,-0.94,0.0,-0.2,-0.92,-0.01,-0.34,
2018-03-20 12:04:12,38,19.4,19.3,88,89,1,11.0,-0.95,0.0,-0.2,-0.92,-0.02,-0.33,
2018-03-20 12:04:13,38,19.4,19.3,89,88,1,10.0,-0.95,0.0,-0.2,-0.92,-0.02,-0.33,
2018-03-20 12:04:13,38,19.4,19.3,89,88,1,10.0,-0.95,0.0,-0.21,-0.92,-0.02,-0.33,
2018-03-20 12:04:14,38,19.4,19.2,87,90,1,11.0,-0.95,0.01,-0.2,-0.92,-0.02,-0.34,
2018-03-20 12:04:14,38,19.4,19.2,90,89,1,11.0,-0.95,0.0,-0.2,-0.92,-0.02,-0.34,
2018-03-20 12:04:14,38,19.4,19.2,92,89,1,10.0,-0.95,0.0,-0.2,-0.92,-0.02,-0.33,
2018-03-20 12:04:15,38,19.4,19.2,89,88,1,10.0,-0.95,0.0,-0.2,-0.92,-0.02,-0.34,
2018-03-20 12:04:15,38,19.4,19.2,90,90,1,10.0,-0.94,0.01,-0.2,-0.92,-0.03,-0.34,
2018-03-20 12:04:16,38,19.4,19.1,89,89,1,10.0,-0.94,0.0,-0.19,-0.92,-0.02,-0.33,
2018-03-20 12:04:16,38,19.4,19.1,88,90,1,10.0,-0.95,0.0,-0.2,-0.92,-0.02,-0.34,
2018-03-20 12:04:16,38,19.4,19.1,91,91,1,10.0,-0.95,-0.0,-0.2,-0.93,-0.02,-0.33,
2018-03-20 12:04:17,38,19.4,19.1,91,91,1,10.0,-0.95,0.01,-0.2,-0.92,-0.02,-0.35,
2018-03-20 12:04:17,37,19.4,19.1,90,89,1,7.0,-0.95,0.0,-0.2,-0.91,-0.02,-0.34,
2018-03-20 12:04:18,38,19.4,19.0,88,90,1,7.0,-0.95,0.0,-0.2,-0.92,-0.02,-0.33,
2018-03-20 12:04:18,38,19.4,19.0,86,89,1,6.0,-0.95,-0.0,-0.21,-0.92,-0.02,-0.33,
2018-03-20 12:04:18,38,19.4,19.0,89,88,1,7.0,-0.95,0.0,-0.21,-0.92,-0.03,-0.34,
2018-03-20 12:04:19,38,19.4,19.0,87,89,1,7.0,-0.95,0.0,-0.21,-0.92,-0.02,-0.32,
2018-03-20 12:04:19,38,19.4,19.0,90,90,1,7.0,-0.94,0.0,-0.2,-0.92,-0.02,-0.34,
2018-03-20 12:04:20,38,19.5,19.0,92,88,1,7.0,-0.95,0.0,-0.21,-0.92,-0.02,-0.33,
2018-03-20 12:04:20,38,19.5,19.0,88,93,1,7.0,-0.94,0.01,-0.2,-0.92,-0.02,-0.34,
2018-03-20 12:04:20,38,19.5,19.0,90,94,1,7.0,-0.95,-0.0,-0.21,-0.92,-0.02,-0.34,
2018-03-20 12:04:22,37,19.5,19.0,147,126,1,7.0,-0.95,0.0,-0.22,-0.92,-0.02,-0.33,
2018-03-20 12:04:22,37,19.4,18.9,151,123,1,7.0,-0.95,-0.0,-0.21,-0.92,-0.02,-0.33,
2018-03-20 12:04:23,37,19.4,18.9,157,123,1,7.0,-0.95,-0.0,-0.2,-0.92,-0.02,-0.34,
2018-03-20 12:04:23,37,19.4,18.9,155,118,1,7.0,-0.95,-0.0,-0.2,-0.92,-0.02,-0.33,
2018-03-20 12:04:24,37,19.4,18.9,144,137,1,7.0,-0.95,0.0,-0.21,-0.92,-0.02,-0.34,
2018-03-20 12:04:25,37,19.4,18.9,149,130,1,6.0,-0.94,0.01,-0.2,-0.92,-0.02,-0.34,
2018-03-20 12:04:26,36,19.5,18.9,149,131,1,7.0,-0.95,0.01,-0.2,-0.92,-0.02,-0.33,
2018-03-20 12:04:26,36,19.5,18.9,144,137,1,6.0,-0.95,0.0,-0.21,-0.91,-0.02,-0.34,
2018-03-20 12:04:26,36,19.5,18.9,150,132,1,7.0,-0.94,0.0,-0.2,-0.92,-0.02,-0.33,
2018-03-20 12:04:27,36,19.5,18.9,144,137,1,6.0,-0.95,-0.0,-0.21,-0.92,-0.02,-0.34,
2018-03-20 12:04:28,36,19.5,18.9,132,149,1,6.0,-0.94,0.0,-0.21,-0.92,-0.02,-0.34,
2018-03-20 12:04:29,36,19.4,18.9,138,139,0,6.0,-0.95,-0.0,-0.2,-0.92,-0.02,-0.34,
2018-03-20 12:04:29,36,19.4,18.9,143,134,0,6.0,-0.95,0.0,-0.2,-0.92,-0.02,-0.34,
2018-03-20 12:04:30,36,19.5,18.9,163,116,0,6.0,-0.95,-0.0,-0.21,-0.93,-0.02,-0.33,
2018-03-20 12:04:30,36,19.5,18.9,166,109,0,6.0,-0.95,0.0,-0.21,-0.92,-0.02,-0.34,
2018-03-20 12:04:30,36,19.5,18.9,172,106,0,6.0,-0.94,0.01,-0.21,-0.92,-0.02,-0.33,
2018-03-20 12:04:31,36,19.5,18.9,150,131,0,6.0,-0.95,0.0,-0.2,-0.92,-0.02,-0.34,
2018-03-20 12:04:31,36,19.5,18.9,126,151,0,6.0,-0.95,0.0,-0.2,-0.92,-0.01,-0.34,
2018-03-20 12:04:32,36,19.4,18.7,164,110,0,6.0,-0.95,0.0,-0.2,-0.92,-0.02,-0.34,
2018-03-20 12:04:32,37,19.4,18.7,127,153,0,6.0,-0.95,0.0,-0.2,-0.92,-0.02,-0.33,
2018-03-20 12:04:33,37,19.4,18.7,146,135,0,6.0,-0.95,0.01,-0.21,-0.92,-0.02,-0.34,
2018-03-20 12:04:33,37,19.4,18.7,135,136,0,6.0,-0.94,0.0,-0.19,-0.92,-0.01,-0.34,
2018-03-20 12:04:33,37,19.4,18.7,116,165,0,6.0,-0.94,-0.0,-0.2,-0.92,-0.02,-0.34,
2018-03-20 12:04:34,37,19.5,18.6,143,137,0,6.0,-0.95,0.0,-0.21,-0.92,-0.02,-0.32,
2018-03-20 12:04:34,37,19.5,18.6,165,114,0,6.0,-0.95,0.0,-0.21,-0.92,-0.02,-0.33,
2018-03-20 12:04:35,37,19.5,19.5,141,138,0,6.0,-0.95,0.01,-0.2,-0.92,-0.02,-0.33,
2018-03-20 12:04:35,37,19.5,19.5,115,164,0,6.0,-0.95,-0.0,-0.21,-0.91,-0.02,-0.33,
2018-03-20 12:04:36,37,19.4,18.6,165,112,0,6.0,-0.95,0.0,-0.2,-0.92,-0.02,-0.34,
2018-03-20 12:04:36,37,19.4,18.6,165,117,0,5.0,-0.95,-0.0,-0.2,-0.92,-0.02,-0.33,
2018-03-20 12:04:36,37,19.4,18.6,164,116,0,6.0,-0.95,-0.0,-0.21,-0.92,-0.01,-0.33,
2018-03-20 12:04:37,37,19.4,18.6,121,159,0,6.0,-0.95,0.0,-0.2,-0.92,-0.02,-0.32,
2018-03-20 12:04:37,37,19.4,18.6,164,116,0,6.0,-0.95,0.0,-0.2,-0.92,-0.02,-0.32,
2018-03-20 12:04:38,37,19.4,18.6,167,110,0,6.0,-0.95,0.0,-0.2,-0.92,-0.02,-0.34,
2018-03-20 12:04:38,37,19.4,18.6,157,124,0,6.0,-0.95,0.0,-0.2,-0.92,-0.02,-0.34,
2018-03-20 12:04:38,37,19.4,18.6,164,111,0,6.0,-0.94,0.0,-0.2,-0.93,-0.02,-0.33,
2018-03-20 12:04:39,37,19.4,18.6,157,123,0,6.0,-0.95,0.01,-0.19,-0.92,-0.02,-0.34,
2018-03-20 12:04:39,37,19.4,18.6,139,132,0,6.0,-0.95,0.0,-0.21,-0.92,-0.02,-0.33,
2018-03-20 12:04:40,37,19.4,18.4,135,143,0,6.0,-0.95,0.0,-0.2,-0.92,-0.02,-0.33,
2018-03-20 12:04:40,37,19.4,18.4,113,166,0,6.0,-0.95,0.0,-0.21,-0.92,-0.02,-0.34,
2018-03-20 12:04:41,37,19.4,18.4,147,133,0,6.0,-0.94,-0.0,-0.2,-0.91,-0.02,-0.33,
2018-03-20 12:04:42,37,19.4,18.2,139,137,1,6.0,-0.95,-0.0,-0.2,-0.92,-0.02,-0.34,
2018-03-20 12:04:42,37,19.4,18.2,134,143,1,5.0,-0.96,0.0,-0.21,-0.92,-0.02,-0.34,
2018-03-20 12:04:43,37,19.4,18.2,124,152,1,6.0,-0.95,0.0,-0.2,-0.92,-0.02,-0.34,
2018-03-20 12:04:44,37,19.4,18.1,140,139,1,6.0,-0.95,0.0,-0.21,-0.92,-0.02,-0.33,
2018-03-20 12:04:44,37,19.4,18.1,111,166,1,6.0,-0.95,0.01,-0.2,-0.91,-0.02,-0.34,
2018-03-20 12:04:44,37,19.4,18.1,125,155,1,5.0,-0.95,0.0,-0.2,-0.92,-0.02,-0.34,
2018-03-20 12:04:45,37,19.4,18.1,89,189,1,6.0,-0.95,0.0,-0.2,-0.92,-0.02,-0.35,
2018-03-20 12:04:45,37,19.4,18.1,124,149,1,6.0,-0.94,0.0,-0.21,-0.92,-0.02,-0.34,
2018-03-20 12:04:46,37,19.4,18.1,136,139,1,6.0,-0.95,0.0,-0.21,-0.92,-0.02,-0.33,
2018-03-20 12:04:46,37,19.4,18.1,147,132,1,6.0,-0.95,0.0,-0.21,-0.92,-0.02,-0.33,
2018-03-20 12:04:46,37,19.4,18.1,134,140,1,6.0,-0.95,0.0,-0.21,-0.92,-0.02,-0.33,
2018-03-20 12:04:47,37,19.4,18.1,130,149,1,6.0,-0.95,0.0,-0.2,-0.92,-0.02,-0.33,
2018-03-20 12:04:47,37,19.4,18.1,143,132,1,6.0,-0.95,0.01,-0.2,-0.91,-0.02,-0.34,
2018-03-20 12:04:48,37,19.4,17.7,131,149,1,6.0,-0.95,-0.0,-0.2,-0.92,-0.03,-0.34,
2018-03-20 12:04:48,36,19.4,17.7,143,133,1,6.0,-0.94,0.0,-0.2,-0.92,-0.02,-0.33,
2018-03-20 12:04:50,38,19.4,17.5,139,140,1,6.0,-0.95,-0.0,-0.2,-0.92,-0.02,-0.33,
2018-03-20 12:04:50,37,19.4,17.5,112,161,1,6.0,-0.95,-0.0,-0.2,-0.92,-0.02,-0.33,
2018-03-20 12:04:50,36,19.4,17.5,129,152,1,6.0,-0.95,0.0,-0.21,-0.92,-0.02,-0.34,
2018-03-20 12:04:51,37,19.4,17.5,101,178,1,6.0,-0.95,0.0,-0.2,-0.93,-0.02,-0.33,
2018-03-20 12:04:51,37,19.4,17.5,87,187,1,6.0,-0.95,0.01,-0.2,-0.92,-0.02,-0.33,
2018-03-20 12:04:52,36,19.4,17.5,122,158,1,6.0,-0.95,-0.01,-0.2,-0.93,-0.02,-0.34,
2018-03-20 12:04:52,37,19.4,17.5,96,184,1,6.0,-0.95,-0.0,-0.21,-0.92,-0.02,-0.33,
2018-03-20 12:04:53,36,19.4,17.5,88,192,1,6.0,-0.95,0.0,-0.2,-0.91,-0.02,-0.33,
2018-03-20 12:04:53,35,19.4,17.5,89,191,1,6.0,-0.95,0.0,-0.2,-0.92,-0.02,-0.33,
2018-03-20 12:04:53,37,19.4,17.5,118,162,1,6.0,-0.95,0.01,-0.21,-0.91,-0.02,-0.34,
2018-03-20 12:04:55,37,19.4,17.5,84,190,1,6.0,-0.95,0.0,-0.21,-0.93,-0.02,-0.34,
2018-03-20 12:04:55,36,19.4,17.5,93,89,1,6.0,-0.95,0.0,-0.2,-0.92,-0.02,-0.33,
2018-03-20 12:04:56,37,19.4,17.4,90,89,1,6.0,-0.95,0.0,-0.2,-0.91,-0.02,-0.33,
2018-03-20 12:04:56,36,19.4,17.4,91,89,1,6.0,-0.95,-0.0,-0.2,-0.92,-0.03,-0.33,
2018-03-20 12:04:57,36,19.4,17.4,90,89,1,6.0,-0.95,0.0,-0.21,-0.92,-0.02,-0.33,
2018-03-20 12:04:58,35,19.4,17.4,88,91,1,6.0,-0.95,0.01,-0.21,-0.92,-0.02,-0.34,
2018-03-20 12:04:58,36,19.4,17.4,89,97,1,6.0,-0.95,0.0,-0.21,-0.91,-0.02,-0.34,
2018-03-20 12:04:59,36,19.4,17.4,88,92,1,6.0,-0.95,-0.0,-0.2,-0.92,-0.02,-0.33,
2018-03-20 12:04:59,36,19.4,17.4,88,90,1,6.0,-0.95,0.0,-0.22,-0.92,-0.02,-0.33,
2018-03-20 12:05:00,36,19.4,17.3,88,92,1,6.0,-0.95,-0.0,-0.21,-0.92,-0.02,-0.34,
2018-03-20 12:05:00,36,19.4,17.3,87,91,1,6.0,-0.95,0.0,-0.21,-0.92,-0.03,-0.33,
2018-03-20 12:05:01,36,19.4,17.3,94,89,1,6.0,-0.95,0.0,-0.2,-0.92,-0.02,-0.34,
2018-03-20 12:05:01,36,19.4,17.3,91,91,1,6.0,-0.95,-0.0,-0.21,-0.91,-0.02,-0.33,
2018-03-20 12:05:01,36,19.4,17.3,91,92,1,6.0,-0.95,-0.0,-0.21,-0.91,-0.02,-0.33,
2018-03-20 12:05:02,36,19.4,17.2,86,91,1,6.0,-0.95,0.0,-0.21,-0.92,-0.02,-0.34,
2018-03-20 12:05:02,36,19.4,17.2,87,94,1,6.0,-0.95,-0.0,-0.21,-0.92,-0.02,-0.34,
2018-03-20 12:05:03,36,19.4,17.2,91,90,1,6.0,-0.94,0.0,-0.2,-0.91,-0.02,-0.34,
2018-03-20 12:05:03,36,19.4,17.2,94,90,1,6.0,-0.94,0.0,-0.21,-0.92,-0.02,-0.33,
2018-03-20 12:05:03,36,19.4,17.2,91,90,1,6.0,-0.94,0.01,-0.21,-0.92,-0.01,-0.33,
2018-03-20 12:05:04,35,19.4,17.1,90,90,1,6.0,-0.95,0.0,-0.21,-0.92,-0.01,-0.34,
2018-03-20 12:05:04,35,19.4,17.1,90,90,1,6.0,-0.95,0.0,-0.2,-0.92,-0.02,-0.34,
2018-03-20 12:05:04,35,19.4,17.1,90,95,1,6.0,-0.95,-0.0,-0.21,-0.91,-0.02,-0.34,
2018-03-20 12:05:05,35,19.4,17.1,86,91,1,6.0,-0.95,0.0,-0.2,-0.92,-0.02,-0.34,
2018-03-20 12:05:05,36,19.4,17.1,91,91,1,6.0,-0.95,-0.0,-0.21,-0.91,-0.02,-0.34,
2018-03-20 12:05:06,35,19.4,17.1,89,92,1,6.0,-0.95,0.0,-0.21,-0.92,-0.02,-0.33,
2018-03-20 12:05:06,36,19.4,17.1,90,89,1,6.0,-0.95,0.0,-0.2,-0.92,-0.02,-0.34,
2018-03-20 12:05:08,35,19.4,17.1,134,144,1,6.0,-0.95,0.0,-0.21,-0.92,-0.02,-0.33,
2018-03-20 12:05:08,35,19.3,17.1,137,143,1,6.0,-0.95,0.0,-0.2,-0.92,-0.02,-0.34,
2018-03-20 12:05:08,36,19.3,17.1,125,148,1,6.0,-0.95,0.0,-0.19,-0.92,-0.01,-0.33,
2018-03-20 12:05:09,36,19.3,17.1,141,135,1,6.0,-0.94,-0.0,-0.21,-0.92,-0.02,-0.33,
2018-03-20 12:05:10,36,19.3,16.9,128,146,1,6.0,-0.95,-0.0,-0.21,-0.92,-0.02,-0.33,
2018-03-20 12:05:11,35,19.3,16.9,143,133,1,6.0,-0.95,-0.0,-0.21,-0.91,-0.02,-0.35,
2018-03-20 12:05:11,35,19.3,16.9,133,148,1,6.0,-0.96,0.01,-0.2,-0.92,-0.02,-0.33,
2018-03-20 12:05:12,35,19.3,16.8,143,138,1,6.0,-0.95,0.0,-0.21,-0.92,-0.02,-0.34,
2018-03-20 12:05:13,34,19.3,16.8,134,132,1,6.0,-0.95,0.0,-0.21,-0.91,-0.02,-0.34,
2018-03-20 12:05:14,36,19.3,16.6,160,120,1,6.0,-0.95,0.0,-0.21,-0.92,-0.02,-0.33,
2018-03-20 12:05:14,36,19.3,16.6,159,120,1,6.0,-0.95,0.0,-0.19,-0.92,-0.02,-0.34,
2018-03-20 12:06:01,37,19.1,15.3,152,128,0,254.0,-0.95,0.0,-0.2,-0.92,-0.02,-0.34,
2018-03-20 12:06:01,37,19.1,15.3,142,137,0,253.0,-0.95,0.0,-0.21,-0.92,-0.02,-0.33,
2018-03-20 12:06:02,37,19.1,15.4,147,134,0,254.0,-0.95,0.0,-0.21,-0.91,-0.02,-0.34,
2018-03-20 12:06:02,37,19.1,15.4,141,132,0,253.0,-0.95,-0.0,-0.2,-0.92,-0.02,-0.34,
2018-03-20 12:06:03,37,19.1,15.4,147,133,0,253.0,-0.94,0.0,-0.22,-0.92,-0.02,-0.33,
2018-03-20 12:06:03,37,19.1,15.4,131,150,0,253.0,-0.95,-0.0,-0.2,-0.92,-0.02,-0.34,
2018-03-20 12:06:04,37,19.1,15.4,144,131,0,254.0,-0.95,0.0,-0.2,-0.92,-0.02,-0.33,
2018-03-20 12:06:05,37,19.1,15.3,146,135,0,254.0,-0.94,-0.0,-0.21,-0.92,-0.02,-0.33,
2018-03-20 12:06:05,37,19.1,15.3,141,132,0,254.0,-0.94,0.0,-0.21,-0.92,-0.02,-0.34,
2018-03-20 12:06:06,37,19.1,15.4,142,131,0,254.0,-0.94,0.0,-0.22,-0.92,-0.02,-0.33,
2018-03-20 12:06:06,37,19.1,15.4,142,130,1,250.0,-0.94,-0.0,-0.21,-0.92,-0.02,-0.33,
2018-03-20 12:06:07,37,19.1,15.4,124,152,1,250.0,-0.94,-0.0,-0.21,-0.91,-0.02,-0.34,
2018-03-20 12:06:07,37,19.1,15.4,143,134,1,252.0,-0.95,-0.0,-0.21,-0.92,-0.02,-0.34,
2018-03-20 12:06:08,37,19.1,15.4,108,150,1,254.0,-0.94,-0.0,-0.21,-0.91,-0.02,-0.33,
2018-03-20 12:06:08,37,19.0,15.3,126,149,1,253.0,-0.95,-0.0,-0.21,-0.92,-0.02,-0.34,
2018-03-20 12:06:10,37,19.0,15.3,127,151,1,253.0,-0.94,0.01,-0.2,-0.92,-0.03,-0.32,
2018-03-20 12:06:10,37,19.1,15.3,142,135,1,252.0,-0.95,0.0,-0.21,-0.92,-0.02,-0.33,
2018-03-20 12:06:10,37,19.1,15.3,141,134,1,252.0,-0.95,0.01,-0.21,-0.92,-0.02,-0.33,
2018-03-20 12:06:11,37,19.1,15.3,98,184,1,252.0,-0.95,-0.0,-0.21,-0.92,-0.02,-0.33,
2018-03-20 12:06:11,37,19.1,15.3,128,133,1,252.0,-0.95,0.0,-0.2,-0.92,-0.02,-0.34,
2018-03-20 12:06:12,37,19.0,15.2,146,134,0,255.0,-0.95,-0.0,-0.2,-0.92,-0.02,-0.33,
2018-03-20 12:06:13,36,19.0,15.2,135,145,0,259.0,-0.95,0.0,-0.2,-0.92,-0.02,-0.33,
2018-03-20 12:06:14,36,19.0,15.2,125,148,0,261.0,-0.95,0.0,-0.21,-0.93,-0.03,-0.34,
2018-03-20 12:06:14,37,19.0,15.2,113,168,0,261.0,-0.95,0.0,-0.2,-0.92,-0.02,-0.34,
2018-03-20 12:06:15,36,19.0,15.2,126,154,0,261.0,-0.95,0.0,-0.21,-0.91,-0.02,-0.34,
2018-03-20 12:06:15,36,19.0,15.2,127,146,0,261.0,-0.95,-0.0,-0.2,-0.92,-0.02,-0.34,
2018-03-20 12:06:16,36,19.0,15.2,91,192,0,260.0,-0.94,-0.01,-0.21,-0.92,-0.02,-0.33,
2018-03-20 12:06:17,36,19.0,15.2,126,156,0,262.0,-0.95,0.0,-0.21,-0.92,-0.02,-0.34,
2018-03-20 12:06:18,38,19.0,15.2,126,155,0,262.0,-0.95,0.0,-0.21,-0.91,-0.02,-0.33,
2018-03-20 12:06:18,38,19.0,15.2,125,155,0,262.0,-0.95,-0.0,-0.21,-0.92,-0.02,-0.34,
2018-03-20 12:06:19,38,19.0,15.2,132,146,0,262.0,-0.95,0.0,-0.21,-0.92,-0.02,-0.33,
2018-03-20 12:06:19,38,19.0,15.2,143,137,0,262.0,-0.95,0.0,-0.21,-0.92,-0.02,-0.33,
2018-03-20 12:06:20,38,19.0,15.2,129,151,0,262.0,-0.94,-0.01,-0.21,-0.92,-0.02,-0.33,
2018-03-20 12:06:20,38,19.0,15.1,142,139,1,258.0,-0.95,0.0,-0.21,-0.92,-0.02,-0.34,
2018-03-20 12:06:20,38,19.0,15.1,127,134,1,280.0,-0.95,-0.0,-0.22,-0.92,-0.02,-0.33,
2018-03-20 12:06:21,38,19.0,15.1,121,154,1,243.0,-0.95,0.0,-0.22,-0.92,-0.02,-0.34,
2018-03-20 12:06:21,36,19.0,15.1,127,148,1,318.0,-0.95,-0.01,-0.2,-0.91,-0.02,-0.33,
2018-03-20 12:06:22,36,19.0,15.1,127,153,1,45.0,-0.95,0.0,-0.21,-0.92,-0.02,-0.33,
2018-03-20 12:06:22,35,19.0,15.1,129,150,1,40.0,-0.95,0.0,-0.21,-0.92,-0.02,-0.33,
2018-03-20 12:06:23,36,19.0,15.1,122,150,1,33.0,-0.95,0.0,-0.21,-0.92,-0.02,-0.33,
2018-03-20 12:06:23,36,19.0,15.1,125,149,1,27.0,-0.95,0.01,-0.2,-0.92,-0.02,-0.33,
2018-03-20 12:06:24,36,19.0,15.1,125,150,1,28.0,-0.95,-0.0,-0.21,-0.91,-0.02,-0.34,
2018-03-20 12:06:24,35,18.9,15.1,125,155,1,19.0,-0.95,0.01,-0.21,-0.92,-0.02,-0.34,
2018-03-20 12:06:24,36,18.9,15.1,119,152,1,18.0,-0.94,-0.0,-0.21,-0.92,-0.03,-0.33,
2018-03-20 12:06:25,35,18.9,15.1,100,180,1,16.0,-0.94,0.01,-0.21,-0.92,-0.02,-0.33,
2018-03-20 12:06:25,35,18.9,15.1,133,147,1,15.0,-0.95,0.0,-0.21,-0.92,-0.01,-0.33,
2018-03-20 12:06:26,35,18.9,15.0,120,160,1,12.0,-0.95,0.0,-0.22,-0.92,-0.01,-0.34,
2018-03-20 12:06:26,35,18.9,15.0,120,159,1,12.0,-0.96,-0.0,-0.22,-0.93,-0.02,-0.33,
2018-03-20 12:06:26,35,18.9,15.0,116,151,1,11.0,-0.95,-0.0,-0.21,-0.92,-0.03,-0.33,
2018-03-20 12:06:28,36,18.9,15.0,126,154,0,11.0,-0.95,0.01,-0.21,-0.92,-0.02,-0.32,
2018-03-20 12:06:30,36,18.9,15.0,144,136,1,11.0,-0.95,-0.0,-0.21,-0.91,-0.02,-0.34,
2018-03-20 12:06:30,35,18.9,14.9,157,123,1,9.0,-0.96,0.0,-0.22,-0.92,-0.02,-0.33,
2018-03-20 12:06:30,35,18.9,14.9,135,132,1,9.0,-0.95,-0.01,-0.21,-0.92,-0.03,-0.33,
2018-03-20 12:06:31,35,18.9,14.9,144,137,1,9.0,-0.94,0.0,-0.21,-0.91,-0.02,-0.34,
2018-03-20 12:06:31,36,18.9,14.9,143,139,1,9.0,-0.95,-0.0,-0.22,-0.92,-0.02,-0.33,
2018-03-20 12:06:33,35,18.9,14.9,85,95,1,8.0,-0.95,-0.0,-0.21,-0.92,-0.02,-0.33,
2018-03-20 12:06:33,35,18.9,14.9,89,126,1,8.0,-0.92,0.01,-0.24,-0.92,-0.02,-0.33,
2018-03-20 12:06:34,35,18.9,14.8,107,151,1,8.0,-0.94,0.05,-0.22,-0.92,-0.02,-0.34,
2018-03-20 12:06:34,36,18.9,14.8,102,-282,1,8.0,-0.95,0.03,-0.22,-0.92,-0.02,-0.33,
2018-03-20 12:06:35,36,18.9,14.8,108,106,1,8.0,-0.94,0.03,-0.29,-0.92,-0.02,-0.33,
2018-03-20 12:06:35,36,18.9,14.8,134,131,1,8.0,-0.94,-0.0,-0.28,-0.91,-0.02,-0.34,
2018-03-20 12:06:36,36,18.9,14.8,163,168,1,8.0,-0.95,0.0,-0.21,-0.92,-0.02,-0.33,
2018-03-20 12:06:36,36,18.9,14.8,92,114,1,8.0,-0.95,-0.0,-0.21,-0.92,-0.03,-0.34,
2018-03-20 12:06:37,36,18.9,14.8,85,128,1,8.0,-0.95,-0.0,-0.21,-0.92,-0.02,-0.33,
2018-03-20 12:06:37,36,18.9,14.8,109,104,1,8.0,-0.95,-0.0,-0.21,-0.92,-0.02,-0.34,
2018-03-20 12:06:38,36,18.9,14.8,96,119,1,8.0,-0.95,0.0,-0.2,-0.92,-0.02,-0.33,
2018-03-20 12:06:38,36,18.9,14.7,89,112,1,8.0,-0.95,0.0,-0.2,-0.92,-0.02,-0.33,
2018-03-20 12:06:38,36,18.9,14.7,103,113,1,8.0,-0.95,0.01,-0.21,-0.92,-0.02,-0.33,
2018-03-20 12:06:39,36,18.9,14.7,98,109,0,8.0,-0.95,0.0,-0.2,-0.92,-0.02,-0.34,
2018-03-20 12:06:39,36,18.9,14.7,98,112,1,9.0,-0.95,-0.0,-0.21,-0.92,-0.02,-0.34,
2018-03-20 12:06:40,36,18.9,14.6,99,111,1,9.0,-0.95,-0.0,-0.2,-0.92,-0.02,-0.34,
2018-03-20 12:06:40,35,18.9,14.6,105,149,1,8.0,-0.95,-0.0,-0.21,-0.92,-0.02,-0.34,
2018-03-20 12:06:42,36,18.9,14.6,103,108,1,6.0,-0.94,-0.0,-0.21,-0.93,-0.02,-0.33,
2018-03-20 12:06:42,35,18.9,14.6,95,119,1,6.0,-0.95,-0.0,-0.21,-0.92,-0.02,-0.32,
2018-03-20 12:06:43,36,18.9,14.6,92,119,1,6.0,-0.95,0.0,-0.21,-0.91,-0.01,-0.34,
2018-03-20 12:06:43,35,18.9,14.6,98,112,1,6.0,-0.95,0.0,-0.21,-0.91,-0.02,-0.34,
2018-03-20 12:06:45,35,18.9,14.6,98,118,1,6.0,-0.95,-0.0,-0.21,-0.92,-0.02,-0.34,
2018-03-20 12:06:45,34,18.9,14.6,95,119,1,6.0,-0.95,0.0,-0.21,-0.91,-0.02,-0.34,
2018-03-20 12:06:47,32,18.9,14.6,92,119,1,5.0,-0.94,0.0,-0.21,-0.91,-0.02,-0.34,
2018-03-20 12:06:47,34,18.9,14.6,99,105,1,6.0,-0.95,0.0,-0.21,-0.92,-0.02,-0.33,
2018-03-20 12:06:48,33,18.8,14.6,98,118,1,6.0,-0.94,-0.0,-0.22,-0.92,-0.02,-0.33,
2018-03-20 12:06:48,34,18.8,14.6,94,112,1,6.0,-0.95,-0.0,-0.21,-0.92,-0.03,-0.33,
2018-03-20 12:06:49,34,18.8,14.6,97,117,1,6.0,-0.94,-0.0,-0.22,-0.92,-0.03,-0.34,
2018-03-20 12:06:49,33,18.8,14.6,101,113,1,6.0,-0.95,-0.0,-0.2,-0.92,-0.03,-0.33,
2018-03-20 12:06:50,33,18.9,14.6,98,112,1,6.0,-0.95,0.0,-0.21,-0.92,-0.02,-0.34,
2018-03-20 12:06:50,33,18.9,14.6,100,115,1,6.0,-0.95,-0.0,-0.21,-0.92,-0.02,-0.33,
2018-03-20 12:06:51,33,18.9,14.6,100,115,1,6.0,-0.95,-0.0,-0.21,-0.91,-0.02,-0.33,
2018-03-20 12:07:09,34,18.8,14.3,100,112,1,6.0,-0.95,0.0,-0.21,-0.94,-0.02,-0.25,
2018-03-20 12:07:10,34,18.8,14.3,99,111,1,6.0,-0.95,-0.0,-0.22,-0.94,-0.02,-0.24,
2018-03-20 12:07:10,33,18.8,14.3,90,120,1,6.0,-0.94,-0.01,-0.22,-0.94,-0.03,-0.25,
2018-03-20 12:07:12,33,18.8,14.4,99,110,1,6.0,-0.95,-0.0,-0.23,-0.94,-0.02,-0.25,
2018-03-20 12:07:13,33,18.8,14.4,92,123,1,6.0,-0.95,0.0,-0.21,-0.94,-0.02,-0.25,
2018-03-20 12:07:15,34,18.8,14.4,96,113,1,6.0,-0.95,-0.01,-0.21,-0.94,-0.02,-0.26,
2018-03-20 12:07:15,33,18.8,14.4,98,116,1,6.0,-0.95,0.0,-0.22,-0.94,-0.02,-0.25,
2018-03-20 12:07:17,33,18.8,14.3,93,116,1,6.0,-0.95,0.0,-0.22,-0.94,-0.02,-0.26,
2018-03-20 12:07:18,34,18.8,14.4,97,112,1,6.0,-0.95,-0.0,-0.22,-0.94,-0.03,-0.25,
2018-03-20 12:07:18,34,18.8,14.4,92,111,1,6.0,-0.94,-0.0,-0.22,-0.94,-0.02,-0.25,
2018-03-20 12:07:19,34,18.8,14.4,95,115,1,5.0,-0.95,0.0,-0.22,-0.94,-0.02,-0.24,
2018-03-20 12:07:19,34,18.8,14.4,97,112,1,6.0,-0.95,0.0,-0.21,-0.94,-0.03,-0.26,
2018-03-20 12:07:21,33,18.8,14.4,98,111,1,6.0,-0.95,-0.0,-0.22,-0.94,-0.02,-0.26,
2018-03-20 12:07:22,32,18.8,14.4,98,110,1,6.0,-0.94,0.01,-0.23,-0.94,-0.02,-0.25,
2018-03-20 12:07:22,32,18.7,14.4,94,112,1,5.0,-0.95,-0.01,-0.22,-0.94,-0.02,-0.25,
2018-03-20 12:07:23,32,18.7,14.4,100,109,1,6.0,-0.95,-0.0,-0.22,-0.94,-0.02,-0.25,
2018-03-20 12:07:23,32,18.7,14.4,96,113,1,6.0,-0.95,-0.0,-0.21,-0.93,-0.03,-0.25,
2018-03-20 12:07:24,32,18.7,14.4,98,110,1,6.0,-0.94,0.0,-0.22,-0.95,-0.01,-0.25,
2018-03-20 12:07:25,32,18.7,14.4,91,112,1,6.0,-0.95,0.0,-0.22,-0.94,-0.02,-0.25,
2018-03-20 12:07:27,32,18.7,14.4,98,110,1,6.0,-0.94,0.0,-0.24,-0.94,-0.03,-0.25,
2018-03-20 12:07:28,32,18.7,14.4,101,108,0,6.0,-0.95,0.0,-0.22,-0.93,-0.03,-0.25,
2018-03-20 12:07:29,32,18.7,14.5,92,111,1,6.0,-0.95,-0.0,-0.22,-0.94,-0.02,-0.25,
2018-03-20 12:07:29,32,18.7,14.5,98,111,1,6.0,-0.95,0.01,-0.22,-0.94,-0.02,-0.24,
2018-03-20 12:07:30,32,18.7,14.5,100,114,1,6.0,-0.95,-0.03,-0.23,-0.94,-0.02,-0.25,
2018-03-20 12:07:30,32,18.7,14.5,85,111,1,6.0,-0.94,-0.0,-0.22,-0.94,-0.02,-0.25,
2018-03-20 12:07:32,32,18.7,14.5,95,109,1,6.0,-0.95,-0.0,-0.22,-0.94,-0.02,-0.25,
2018-03-20 12:07:32,32,18.7,14.5,88,122,1,6.0,-0.95,0.0,-0.22,-0.94,-0.02,-0.24,
2018-03-20 12:07:33,33,18.7,14.5,97,119,1,6.0,-0.95,0.0,-0.22,-0.93,-0.02,-0.26,
2018-03-20 12:07:36,33,18.7,14.5,100,110,1,6.0,-0.94,-0.01,-0.22,-0.95,-0.02,-0.25,
2018-03-20 12:07:36,34,18.7,14.5,103,107,1,6.0,-0.94,0.0,-0.23,-0.93,-0.02,-0.25,
2018-03-20 12:07:37,35,18.7,14.5,97,111,1,6.0,-0.95,-0.0,-0.22,-0.94,-0.02,-0.25,
2018-03-20 12:07:46,32,18.7,14.6,87,124,1,6.0,-0.95,-0.01,-0.22,-0.93,-0.02,-0.25,
2018-03-20 12:07:47,32,18.7,14.6,89,110,1,6.0,-0.95,-0.0,-0.23,-0.94,-0.02,-0.25,
2018-03-20 12:07:48,32,18.7,14.7,98,114,1,6.0,-0.95,-0.0,-0.23,-0.94,-0.02,-0.25,
2018-03-20 12:07:48,32,18.7,14.7,91,117,1,6.0,-0.95,-0.0,-0.22,-0.94,-0.02,-0.25,
2018-03-20 12:07:49,32,18.7,14.7,92,107,1,6.0,-0.94,-0.0,-0.22,-0.94,-0.02,-0.25,
2018-03-20 12:07:49,32,18.7,14.7,93,109,1,6.0,-0.95,-0.01,-0.23,-0.95,-0.02,-0.25,
2018-03-20 12:07:50,32,18.7,14.7,87,124,1,6.0,-0.94,-0.0,-0.22,-0.94,-0.02,-0.25,
2018-03-20 12:07:50,32,18.7,14.7,90,111,1,6.0,-0.95,0.0,-0.21,-0.94,-0.02,-0.25,
2018-03-20 12:07:51,32,18.7,14.7,98,114,0,6.0,-0.95,-0.0,-0.22,-0.94,-0.02,-0.25,
2018-03-20 12:07:51,32,18.7,14.7,97,113,0,6.0,-0.95,-0.0,-0.23,-0.94,-0.02,-0.26,
2018-03-20 12:07:52,32,18.7,14.7,101,108,0,6.0,-0.95,-0.0,-0.23,-0.95,-0.02,-0.24,
2018-03-20 12:07:52,32,18.7,14.7,99,110,0,6.0,-0.94,0.0,-0.23,-0.93,-0.02,-0.26,
2018-03-20 12:07:53,32,18.7,14.7,97,113,1,6.0,-0.94,-0.0,-0.23,-0.94,-0.02,-0.25,
2018-03-20 12:07:53,32,18.7,14.7,89,122,1,6.0,-0.95,-0.0,-0.23,-0.94,-0.02,-0.25,
2018-03-20 12:07:54,32,18.7,14.7,96,113,1,6.0,-0.95,0.01,-0.23,-0.94,-0.02,-0.25,
2018-03-20 12:07:54,32,18.7,14.7,97,113,1,6.0,-0.94,-0.0,-0.23,-0.93,-0.02,-0.26,
2018-03-20 12:07:55,32,18.7,14.7,95,111,1,6.0,-0.94,0.01,-0.23,-0.94,-0.02,-0.25,
2018-03-20 12:07:56,32,18.7,14.8,101,109,1,6.0,-0.94,-0.01,-0.23,-0.94,-0.01,-0.25,
2018-03-20 12:07:57,32,18.7,14.8,88,106,0,6.0,-0.94,0.0,-0.23,-0.94,-0.03,-0.26,
2018-03-20 12:07:57,32,18.7,14.8,94,106,0,6.0,-0.95,-0.01,-0.23,-0.95,-0.03,-0.25,
2018-03-20 12:07:58,32,18.7,14.8,98,117,0,6.0,-0.94,-0.0,-0.23,-0.94,-0.02,-0.25,
2018-03-20 12:07:58,32,18.7,14.8,96,117,0,6.0,-0.95,0.0,-0.24,-0.95,-0.02,-0.25,
2018-03-20 12:07:59,32,18.7,14.8,95,112,1,6.0,-0.94,0.0,-0.22,-0.94,-0.03,-0.26,
2018-03-20 12:07:59,32,18.7,14.8,99,115,1,6.0,-0.95,-0.0,-0.23,-0.94,-0.03,-0.25,
2018-03-20 12:08:01,32,18.7,14.8,100,111,0,6.0,-0.94,-0.01,-0.24,-0.94,-0.03,-0.25,
2018-03-20 12:08:02,32,18.7,14.8,96,115,0,6.0,-0.95,0.0,-0.23,-0.95,-0.02,-0.25,
2018-03-20 12:08:02,32,18.7,14.8,99,111,0,5.0,-0.95,0.0,-0.23,-0.94,-0.02,-0.26,
2018-03-20 12:08:04,32,18.7,14.8,96,110,0,6.0,-0.94,-0.0,-0.23,-0.94,-0.02,-0.25,
2018-03-20 12:08:04,32,18.7,14.9,90,111,0,6.0,-0.95,-0.0,-0.23,-0.95,-0.02,-0.25,
2018-03-20 12:08:05,32,18.7,14.9,89,120,0,6.0,-0.95,-0.0,-0.23,-0.94,-0.02,-0.25,
2018-03-20 12:08:06,32,18.7,14.9,92,110,1,6.0,-0.95,-0.0,-0.23,-0.94,-0.02,-0.26,
2018-03-20 12:08:06,32,18.6,14.9,95,114,1,6.0,-0.94,-0.0,-0.23,-0.94,-0.03,-0.26,
2018-03-20 12:08:07,32,18.6,14.9,89,121,1,6.0,-0.95,0.0,-0.23,-0.93,-0.02,-0.25,
2018-03-20 12:08:07,32,18.6,14.9,91,119,1,6.0,-0.95,-0.01,-0.24,-0.94,-0.02,-0.25,
2018-03-20 12:08:08,32,18.7,14.9,96,113,0,6.0,-0.94,-0.0,-0.24,-0.93,-0.02,-0.25,
2018-03-20 12:08:08,32,18.7,14.9,96,114,0,6.0,-0.94,0.0,-0.24,-0.94,-0.02,-0.25,
2018-03-20 12:08:10,32,18.7,14.9,94,117,0,6.0,-0.95,0.0,-0.23,-0.94,-0.02,-0.26,
2018-03-20 12:08:10,32,18.7,14.9,96,118,0,6.0,-0.94,-0.01,-0.23,-0.94,-0.02,-0.24,
2018-03-20 12:08:11,32,18.7,14.9,93,110,0,6.0,-0.94,-0.0,-0.23,-0.94,-0.03,-0.26,
2018-03-20 12:08:11,32,18.7,14.9,95,114,0,6.0,-0.94,-0.01,-0.23,-0.94,-0.03,-0.25,
2018-03-20 12:08:12,32,18.6,15.0,97,119,1,6.0,-0.95,-0.0,-0.23,-0.93,-0.02,-0.25,
2018-03-20 12:08:12,32,18.6,15.0,101,109,1,6.0,-0.94,0.0,-0.23,-0.94,-0.02,-0.25,
2018-03-20 12:08:13,32,18.6,15.0,93,115,1,6.0,-0.94,-0.0,-0.23,-0.94,-0.02,-0.24,
2018-03-20 12:08:13,32,18.6,15.0,92,111,1,6.0,-0.95,-0.0,-0.24,-0.94,-0.02,-0.25,
2018-03-20 12:08:15,32,18.6,15.0,101,109,1,6.0,-0.95,0.0,-0.24,-0.95,-0.02,-0.26,
2018-03-20 12:08:15,32,18.6,15.0,92,118,1,6.0,-0.95,-0.0,-0.24,-0.94,-0.02,-0.25,
2018-03-20 12:08:16,33,18.6,15.0,89,110,1,6.0,-0.94,-0.0,-0.24,-0.94,-0.02,-0.25,
2018-03-20 12:08:16,34,18.6,15.0,97,113,1,6.0,-0.95,-0.0,-0.23,-0.94,-0.03,-0.25,
2018-03-20 12:08:17,32,18.6,15.0,93,119,1,6.0,-0.94,-0.0,-0.24,-0.95,-0.02,-0.26,
2018-03-20 12:08:17,32,18.6,15.0,99,113,1,6.0,-0.95,0.0,-0.23,-0.94,-0.02,-0.25,
2018-03-20 12:08:17,32,18.6,15.0,87,123,1,5.0,-0.95,-0.0,-0.24,-0.93,-0.02,-0.25,
2018-03-20 12:08:25,32,18.6,15.1,96,114,1,5.0,-0.94,-0.0,-0.25,-0.94,-0.02,-0.24,
2018-03-20 12:08:25,32,18.6,15.1,96,113,1,6.0,-0.95,-0.0,-0.25,-0.94,-0.02,-0.26,
2018-03-20 12:08:26,32,18.6,15.1,95,116,1,6.0,-0.94,-0.0,-0.24,-0.93,-0.02,-0.25,
2018-03-20 12:08:27,32,18.6,15.1,93,111,1,6.0,-0.95,-0.0,-0.24,-0.94,-0.02,-0.25,
2018-03-20 12:08:28,32,18.6,15.2,97,113,1,6.0,-0.94,-0.01,-0.24,-0.94,-0.02,-0.24,
2018-03-20 12:08:28,32,18.6,15.2,95,113,1,6.0,-0.94,-0.01,-0.24,-0.94,-0.03,-0.25,
2018-03-20 12:08:29,32,18.6,15.2,95,119,1,6.0,-0.95,-0.01,-0.24,-0.94,-0.02,-0.25,
2018-03-20 12:08:29,32,18.6,15.2,92,112,1,5.0,-0.94,-0.0,-0.24,-0.94,-0.02,-0.26,
2018-03-20 12:08:30,33,18.6,15.2,95,112,1,6.0,-0.95,-0.0,-0.24,-0.94,-0.02,-0.25,
2018-03-20 12:08:30,33,18.6,15.2,105,104,1,6.0,-0.94,-0.0,-0.24,-0.94,-0.02,-0.25,
2018-03-20 12:08:31,33,18.6,15.2,97,112,1,6.0,-0.94,-0.0,-0.24,-0.93,-0.02,-0.24,
2018-03-20 12:08:32,33,18.6,15.2,96,112,1,5.0,-0.95,-0.0,-0.24,-0.94,-0.02,-0.26,
2018-03-20 12:08:33,33,18.6,15.2,90,110,1,5.0,-0.94,-0.0,-0.23,-0.95,-0.02,-0.26,
2018-03-20 12:08:33,32,18.6,15.2,97,112,1,6.0,-0.94,0.0,-0.24,-0.94,-0.02,-0.25,
2018-03-20 12:08:33,33,18.6,15.2,100,108,1,6.0,-0.94,0.0,-0.25,-0.95,-0.02,-0.26,
2018-03-20 12:08:34,33,18.6,18.6,99,111,1,6.0,-0.95,-0.0,-0.24,-0.95,-0.02,-0.25,
2018-03-20 12:08:35,33,18.6,15.2,87,123,1,6.0,-0.94,0.0,-0.24,-0.94,-0.02,-0.26,
2018-03-20 12:08:36,34,18.6,15.2,98,116,1,6.0,-0.95,-0.0,-0.25,-0.94,-0.02,-0.26,
2018-03-20 12:08:36,33,18.6,15.3,92,118,1,6.0,-0.94,-0.0,-0.24,-0.94,-0.02,-0.26,
2018-03-20 12:08:37,33,18.6,15.3,99,112,1,5.0,-0.94,0.0,-0.25,-0.95,-0.02,-0.25,
2018-03-20 12:08:37,33,18.6,15.3,96,113,1,5.0,-0.95,-0.0,-0.24,-0.94,-0.02,-0.25,
2018-03-20 12:08:37,33,18.6,15.3,96,119,1,6.0,-0.95,-0.0,-0.25,-0.93,-0.02,-0.25,
2018-03-20 12:08:38,33,18.6,15.3,93,108,1,5.0,-0.94,-0.0,-0.25,-0.95,-0.02,-0.26,
2018-03-20 12:08:38,33,18.6,15.3,90,121,1,6.0,-0.95,-0.0,-0.25,-0.94,-0.02,-0.25,
2018-03-20 12:08:41,33,18.6,15.3,96,118,1,6.0,-0.95,-0.0,-0.24,-0.94,-0.02,-0.26,
2018-03-20 12:08:41,33,18.6,15.3,91,110,1,6.0,-0.94,0.0,-0.25,-0.94,-0.02,-0.25,
2018-03-20 12:08:42,32,18.6,15.3,93,123,1,5.0,-0.95,0.01,-0.25,-0.94,-0.02,-0.25,
2018-03-20 12:08:42,33,18.6,15.3,96,109,1,6.0,-0.95,-0.0,-0.24,-0.94,-0.01,-0.26,
2018-03-20 12:08:43,33,18.6,15.3,100,114,1,5.0,-0.94,-0.0,-0.25,-0.94,-0.03,-0.25,
2018-03-20 12:09:24,33,18.6,15.9,98,111,1,6.0,-0.94,-0.01,-0.26,-0.94,-0.02,-0.26,
2018-03-20 12:09:24,33,18.6,15.9,92,117,1,6.0,-0.94,-0.0,-0.26,-0.94,-0.02,-0.26,
2018-03-20 12:09:45,35,18.6,16.1,100,110,0,6.0,-0.94,-0.0,-0.27,-0.94,-0.02,-0.25,
2018-03-20 12:09:46,35,18.6,16.1,98,111,0,6.0,-0.94,0.0,-0.26,-0.94,-0.02,-0.25,
2018-03-20 12:09:46,35,18.6,16.1,97,110,0,5.0,-0.94,0.0,-0.27,-0.95,-0.02,-0.25,
2018-03-20 12:09:47,35,18.6,16.1,98,117,0,5.0,-0.94,-0.0,-0.27,-0.94,-0.02,-0.25,
2018-03-20 12:09:47,35,18.6,16.1,98,111,0,6.0,-0.94,0.0,-0.27,-0.94,-0.02,-0.26,
2018-03-20 12:09:48,35,18.7,16.1,90,113,0,6.0,-0.94,0.0,-0.27,-0.94,-0.02,-0.24,
2018-03-20 12:09:48,35,18.7,16.1,90,113,0,6.0,-0.94,-0.0,-0.27,-0.94,-0.02,-0.25,
2018-03-20 12:10:19,76,18.7,16.4,287,-248,1,6.0,-0.94,0.0,-0.27,-0.95,-0.02,-0.25,
2018-03-20 12:10:20,78,18.7,16.4,229,-269,1,6.0,-0.93,0.0,-0.27,-0.94,-0.02,-0.24,
2018-03-20 12:10:20,78,18.7,16.4,140,139,1,6.0,-0.94,-0.01,-0.28,-0.94,-0.02,-0.25,
2018-03-20 12:10:21,78,18.7,16.4,134,145,1,6.0,-0.95,0.0,-0.27,-0.94,-0.02,-0.25,
2018-03-20 12:10:22,78,18.7,16.4,134,145,1,6.0,-0.94,-0.0,-0.27,-0.94,-0.02,-0.25,
2018-03-20 12:10:23,78,18.7,16.4,155,125,1,6.0,-0.95,-0.0,-0.29,-0.94,-0.02,-0.25,
2018-03-20 12:10:24,78,18.8,16.4,148,132,0,6.0,-0.94,-0.0,-0.29,-0.94,-0.02,-0.25,
2018-03-20 12:10:25,78,18.8,16.4,146,132,0,6.0,-0.94,-0.0,-0.28,-0.94,-0.02,-0.25,
2018-03-20 12:10:25,78,18.8,16.4,134,145,0,6.0,-0.95,0.0,-0.28,-0.94,-0.02,-0.24,
2018-03-20 12:10:25,76,18.8,16.4,131,148,0,6.0,-0.94,-0.01,-0.28,-0.95,-0.03,-0.25,
2018-03-20 12:10:27,76,18.7,16.4,150,129,0,6.0,-0.94,-0.0,-0.28,-0.95,-0.02,-0.25,
2018-03-20 12:10:27,78,18.7,16.4,132,147,0,6.0,-0.93,-0.01,-0.28,-0.95,-0.02,-0.26,
2018-03-20 12:10:28,78,18.8,16.4,139,141,0,6.0,-0.94,-0.0,-0.28,-0.94,-0.03,-0.25,
2018-03-20 12:10:28,78,18.8,16.4,146,132,1,6.0,-0.94,-0.01,-0.28,-0.93,-0.02,-0.25,
2018-03-20 12:10:29,78,18.8,16.4,145,135,1,5.0,-0.94,-0.0,-0.29,-0.94,-0.01,-0.25,
2018-03-20 12:10:29,78,18.8,16.4,144,134,1,6.0,-0.93,0.0,-0.29,-0.94,-0.02,-0.26,
2018-03-20 12:10:30,78,18.8,16.4,143,135,1,6.0,-0.93,-0.0,-0.28,-0.94,-0.02,-0.26,
2018-03-20 12:10:30,78,18.8,16.5,148,131,1,6.0,-0.93,-0.01,-0.28,-0.94,-0.02,-0.25,
2018-03-20 12:10:31,76,18.8,16.5,147,129,0,6.0,-0.94,-0.01,-0.28,-0.94,-0.02,-0.25,
2018-03-20 12:10:31,78,18.8,16.5,147,132,0,6.0,-0.94,-0.0,-0.28,-0.94,-0.02,-0.25,
2018-03-20 12:10:32,78,18.8,16.5,147,132,0,6.0,-0.94,-0.01,-0.29,-0.94,-0.02,-0.25,
2018-03-20 12:10:32,78,18.8,16.5,145,130,0,6.0,-0.94,-0.01,-0.29,-0.94,-0.02,-0.25,
2018-03-20 12:10:33,78,18.8,16.5,144,135,0,6.0,-0.93,-0.0,-0.28,-0.94,-0.03,-0.25,
2018-03-20 12:10:33,78,18.8,16.5,146,127,0,6.0,-0.94,-0.01,-0.28,-0.94,-0.02,-0.25,
2018-03-20 12:10:34,78,18.8,16.5,143,132,0,6.0,-0.93,-0.01,-0.29,-0.94,-0.01,-0.25,
2018-03-20 12:10:34,78,18.8,16.5,145,132,0,6.0,-0.94,-0.01,-0.29,-0.94,-0.02,-0.24,
2018-03-20 12:10:35,76,18.8,16.5,154,125,0,6.0,-0.93,-0.01,-0.28,-0.94,-0.02,-0.24,
2018-03-20 12:10:35,76,18.8,16.5,147,131,0,6.0,-0.93,-0.0,-0.28,-0.95,-0.02,-0.25,
2018-03-20 12:10:36,78,18.8,16.5,146,128,0,6.0,-0.93,-0.0,-0.29,-0.94,-0.02,-0.26,
2018-03-20 12:10:36,76,18.8,16.5,152,128,0,6.0,-0.94,-0.0,-0.29,-0.94,-0.02,-0.26,
2018-03-20 12:10:37,78,18.8,16.5,148,130,0,6.0,-0.94,-0.0,-0.29,-0.94,-0.02,-0.25,
2018-03-20 12:10:37,78,18.8,16.5,150,128,0,6.0,-0.94,-0.0,-0.29,-0.95,-0.02,-0.25,
2018-03-20 12:10:38,78,18.8,16.5,147,129,0,6.0,-0.94,-0.01,-0.28,-0.95,-0.02,-0.25,
2018-03-20 12:10:38,76,18.8,16.5,150,126,0,6.0,-0.93,-0.0,-0.28,-0.93,-0.02,-0.26,
2018-03-20 12:10:39,78,18.8,16.5,142,130,0,6.0,-0.94,-0.0,-0.28,-0.94,-0.02,-0.25,
2018-03-20 12:10:39,78,18.8,16.5,145,134,0,6.0,-0.94,-0.0,-0.28,-0.94,-0.02,-0.25,
2018-03-20 12:10:39,76,18.8,16.5,146,130,0,6.0,-0.93,-0.01,-0.29,-0.94,-0.02,-0.25,
2018-03-20 12:10:41,76,18.8,16.5,142,130,0,6.0,-0.94,-0.01,-0.29,-0.94,-0.02,-0.26,
2018-03-20 12:10:41,78,18.8,16.5,148,129,0,6.0,-0.94,-0.0,-0.28,-0.95,-0.03,-0.25,
2018-03-20 12:10:42,76,18.8,16.5,148,131,0,6.0,-0.93,-0.0,-0.29,-0.94,-0.02,-0.25,
2018-03-20 12:10:43,78,18.8,16.6,146,131,0,6.0,-0.94,-0.01,-0.29,-0.94,-0.02,-0.25,
2018-03-20 12:10:44,78,18.8,16.6,146,126,0,6.0,-0.94,-0.01,-0.3,-0.94,-0.02,-0.25,
2018-03-20 12:10:44,76,18.8,16.6,144,129,0,6.0,-0.94,-0.0,-0.28,-0.94,-0.02,-0.25,
2018-03-20 12:10:46,78,18.8,16.6,147,133,0,6.0,-0.94,-0.01,-0.28,-0.95,-0.03,-0.25,
2018-03-20 12:10:47,78,18.8,16.6,146,133,0,6.0,-0.94,-0.01,-0.29,-0.95,-0.03,-0.25,
2018-03-20 12:10:47,78,18.8,16.6,153,126,0,6.0,-0.94,-0.0,-0.28,-0.94,-0.02,-0.25,
2018-03-20 12:10:48,76,18.8,16.6,151,128,0,6.0,-0.94,-0.0,-0.29,-0.94,-0.02,-0.26,
2018-03-20 12:10:49,76,18.8,16.6,144,136,0,6.0,-0.93,-0.0,-0.28,-0.95,-0.03,-0.25,
2018-03-20 12:10:50,76,18.8,16.6,146,133,0,5.0,-0.93,-0.0,-0.28,-0.95,-0.03,-0.25,
2018-03-20 12:10:51,78,18.8,16.6,147,131,0,6.0,-0.94,-0.01,-0.28,-0.94,-0.02,-0.25,
2018-03-20 12:10:51,78,18.8,16.6,151,128,0,6.0,-0.94,-0.01,-0.28,-0.94,-0.03,-0.24,
2018-03-20 12:10:51,78,18.8,16.6,145,130,0,6.0,-0.93,-0.01,-0.29,-0.94,-0.03,-0.26,
2018-03-20 12:10:52,78,18.8,16.6,150,127,0,6.0,-0.93,-0.0,-0.29,-0.94,-0.02,-0.24,
2018-03-20 12:10:52,78,18.8,16.6,157,124,0,5.0,-0.93,-0.0,-0.29,-0.94,-0.02,-0.25,
2018-03-20 12:10:53,78,18.8,16.6,148,127,0,6.0,-0.94,-0.01,-0.28,-0.94,-0.03,-0.25,
2018-03-20 12:10:53,78,18.8,16.6,144,129,0,6.0,-0.94,-0.0,-0.3,-0.94,-0.02,-0.25,
2018-03-20 12:10:54,78,18.8,16.6,145,134,0,6.0,-0.94,-0.0,-0.28,-0.94,-0.02,-0.25,
2018-03-20 12:10:54,78,18.8,16.6,153,127,0,6.0,-0.93,-0.0,-0.29,-0.94,-0.02,-0.24,
2018-03-20 12:10:55,78,18.8,16.6,146,134,0,6.0,-0.93,-0.01,-0.29,-0.94,-0.02,-0.25,
2018-03-20 12:10:55,78,18.8,16.6,148,133,0,6.0,-0.94,-0.01,-0.29,-0.94,-0.02,-0.25,
2018-03-20 12:10:55,78,18.8,16.6,146,130,0,6.0,-0.94,-0.0,-0.29,-0.94,-0.02,-0.25,
2018-03-20 12:10:56,78,18.8,16.6,150,129,0,6.0,-0.93,-0.01,-0.29,-0.95,-0.02,-0.25,
2018-03-20 12:10:56,78,18.8,16.7,151,125,0,6.0,-0.93,-0.01,-0.29,-0.94,-0.03,-0.26,
2018-03-20 12:10:57,78,18.8,16.7,151,127,0,6.0,-0.94,-0.01,-0.29,-0.94,-0.02,-0.25,
2018-03-20 12:10:57,78,18.8,16.7,149,128,0,6.0,-0.94,-0.0,-0.28,-0.94,-0.02,-0.25,
2018-03-20 12:10:58,78,18.8,16.7,148,131,0,6.0,-0.93,-0.0,-0.28,-0.95,-0.02,-0.24,
2018-03-20 12:10:58,78,18.8,16.7,151,128,0,5.0,-0.93,-0.01,-0.29,-0.94,-0.03,-0.25,
2018-03-20 12:10:59,76,18.8,16.7,156,123,0,6.0,-0.93,-0.01,-0.28,-0.94,-0.02,-0.25,
2018-03-20 12:10:59,78,18.8,16.7,151,129,0,6.0,-0.94,-0.0,-0.28,-0.95,-0.02,-0.26,
2018-03-20 12:11:00,76,18.9,16.7,148,128,0,6.0,-0.94,-0.01,-0.28,-0.94,-0.02,-0.26,
2018-03-20 12:11:00,76,18.9,16.7,151,127,0,6.0,-0.94,-0.0,-0.29,-0.94,-0.02,-0.25,
2018-03-20 12:11:01,78,18.9,16.7,152,128,0,6.0,-0.93,-0.0,-0.28,-0.94,-0.02,-0.25,
2018-03-20 12:11:01,78,18.9,16.7,152,126,0,6.0,-0.93,-0.0,-0.29,-0.95,-0.02,-0.25,
2018-03-20 12:11:01,76,18.9,16.7,147,128,0,6.0,-0.94,-0.01,-0.29,-0.94,-0.02,-0.25,
2018-03-20 12:11:02,78,18.8,16.7,149,126,0,5.0,-0.93,-0.0,-0.29,-0.94,-0.02,-0.25,
2018-03-20 12:11:34,39,18.9,16.9,148,124,1,6.0,-0.94,-0.0,-0.31,-0.94,-0.02,-0.27,
2018-03-20 12:11:35,39,18.9,16.9,141,137,1,6.0,-0.94,-0.01,-0.3,-0.94,-0.02,-0.26,
2018-03-20 12:11:35,39,18.9,16.9,146,129,0,6.0,-0.94,-0.01,-0.3,-0.93,-0.02,-0.25,
2018-03-20 12:11:35,39,18.9,16.9,145,133,0,6.0,-0.93,-0.0,-0.3,-0.94,-0.02,-0.25,
2018-03-20 12:11:37,39,18.9,16.9,146,126,0,6.0,-0.94,-0.0,-0.3,-0.94,-0.02,-0.24,
2018-03-20 12:11:38,39,19.0,16.9,136,143,0,6.0,-0.93,-0.0,-0.29,-0.94,-0.03,-0.26,
2018-03-20 12:11:39,39,19.0,16.9,146,134,0,6.0,-0.94,-0.01,-0.3,-0.94,-0.02,-0.25,
2018-03-20 12:11:39,39,19.0,16.9,139,133,0,5.0,-0.94,-0.0,-0.31,-0.94,-0.02,-0.25,
2018-03-20 12:12:11,35,19.0,17.1,392,233,1,6.0,-0.93,-0.0,-0.31,-0.94,-0.02,-0.25,
2018-03-20 12:12:11,35,19.0,17.1,124,127,1,6.0,-0.93,-0.0,-0.31,-0.94,-0.02,-0.24,
2018-03-20 12:12:12,35,19.0,17.1,390,234,1,6.0,-0.93,-0.0,-0.31,-0.94,-0.02,-0.25,
2018-03-20 12:12:12,30,19.0,17.1,391,234,1,6.0,-0.94,0.0,-0.29,-0.94,-0.02,-0.25,
2018-03-20 12:12:13,18,19.0,17.1,390,233,0,6.0,-0.93,0.0,-0.3,-0.94,-0.02,-0.25,
2018-03-20 12:12:14,18,19.0,17.1,391,234,1,6.0,-0.93,-0.0,-0.31,-0.94,-0.02,-0.25,
2018-03-20 12:12:16,18,19.0,17.2,390,234,1,6.0,-0.93,-0.0,-0.31,-0.94,-0.02,-0.26,
2018-03-20 12:12:16,18,19.0,17.2,391,234,1,6.0,-0.93,-0.01,-0.3,-0.95,-0.03,-0.25,
2018-03-20 12:12:17,18,19.0,17.2,390,232,1,6.0,-0.94,-0.01,-0.3,-0.94,-0.02,-0.25,
2018-03-20 12:12:17,18,19.0,17.2,390,232,0,6.0,-0.93,-0.0,-0.31,-0.94,-0.02,-0.24,
2018-03-20 12:12:17,18,19.0,17.2,390,232,0,6.0,-0.94,-0.0,-0.3,-0.94,-0.02,-0.25,
2018-03-20 12:12:18,18,19.0,17.2,390,233,1,6.0,-0.94,-0.01,-0.31,-0.93,-0.02,-0.26,
2018-03-20 12:12:19,18,19.0,17.2,390,233,1,6.0,-0.93,-0.01,-0.29,-0.94,-0.02,-0.25,
2018-03-20 12:12:20,18,19.0,17.2,391,233,1,6.0,-0.93,-0.01,-0.3,-0.94,-0.02,-0.24,
2018-03-20 12:12:20,18,19.0,17.2,390,233,1,6.0,-0.93,-0.01,-0.3,-0.94,-0.02,-0.25,
2018-03-20 12:12:21,18,19.0,17.2,391,232,1,6.0,-0.93,-0.01,-0.31,-0.94,-0.02,-0.25,
2018-03-20 12:12:21,18,19.0,17.2,391,234,1,6.0,-0.94,-0.01,-0.31,-0.94,-0.02,-0.24,
2018-03-20 12:12:23,18,19.0,17.2,392,233,0,6.0,-0.94,-0.01,-0.31,-0.94,-0.02,-0.25,
2018-03-20 12:12:23,18,19.0,17.2,391,233,1,6.0,-0.94,-0.0,-0.31,-0.94,-0.03,-0.25,
2018-03-20 12:12:24,18,19.0,17.2,390,232,1,6.0,-0.94,-0.0,-0.3,-0.95,-0.02,-0.25,
2018-03-20 12:12:25,18,19.0,19.0,390,232,1,6.0,-0.94,-0.0,-0.3,-0.94,-0.02,-0.26,
2018-03-20 12:12:26,18,19.0,17.2,391,233,0,6.0,-0.94,-0.01,-0.31,-0.94,-0.02,-0.25,
2018-03-20 12:12:26,18,19.0,17.3,390,233,0,6.0,-0.94,-0.0,-0.3,-0.93,-0.02,-0.25,
2018-03-20 12:12:27,18,19.0,17.3,391,235,1,6.0,-0.93,-0.0,-0.3,-0.94,-0.02,-0.25,
2018-03-20 12:12:27,18,19.0,17.3,390,337,1,6.0,-0.93,-0.01,-0.3,-0.94,-0.02,-0.26,
2018-03-20 12:12:28,18,19.0,17.3,391,234,1,6.0,-0.93,-0.0,-0.3,-0.93,-0.02,-0.25,
2018-03-20 12:12:29,18,19.0,17.2,390,-277,1,6.0,-0.93,-0.0,-0.31,-0.94,-0.02,-0.26,
2018-03-20 12:12:29,18,19.0,17.2,391,233,1,6.0,-0.93,-0.01,-0.3,-0.94,-0.02,-0.25,
2018-03-20 12:12:29,18,19.0,17.2,391,-252,1,6.0,-0.93,-0.01,-0.31,-0.94,-0.02,-0.25,
2018-03-20 12:12:30,18,19.0,17.2,390,232,1,6.0,-0.93,-0.0,-0.31,-0.95,-0.02,-0.25,
2018-03-20 12:12:30,18,19.0,17.2,390,233,0,5.0,-0.94,-0.01,-0.32,-0.93,-0.02,-0.26,
2018-03-20 12:12:31,18,19.0,17.2,390,232,0,6.0,-0.93,-0.0,-0.31,-0.94,-0.02,-0.25,
2018-03-20 12:12:31,18,19.0,17.2,390,232,1,6.0,-0.94,-0.0,-0.31,-0.94,-0.02,-0.25,
2018-03-20 12:12:32,18,19.0,17.2,391,336,1,6.0,-0.93,-0.01,-0.31,-0.94,-0.02,-0.26,
2018-03-20 12:12:33,18,19.0,17.2,221,109,1,6.0,-0.93,-0.01,-0.3,-0.94,-0.02,-0.25,
2018-03-20 12:12:34,18,19.0,17.2,391,233,1,6.0,-0.93,-0.0,-0.31,-0.95,-0.02,-0.24,
2018-03-20 12:12:35,18,19.0,17.2,391,232,1,6.0,-0.93,-0.0,-0.31,-0.94,-0.03,-0.25,
2018-03-20 12:12:36,18,19.0,17.2,390,232,1,6.0,-0.94,-0.01,-0.31,-0.94,-0.02,-0.25,
2018-03-20 12:12:36,18,19.0,17.2,294,234,1,6.0,-0.93,-0.01,-0.31,-0.94,-0.02,-0.25,
2018-03-20 12:12:37,18,19.0,17.3,179,149,1,6.0,-0.94,-0.01,-0.3,-0.94,-0.02,-0.25,
2018-03-20 12:12:37,18,19.0,17.3,391,233,1,6.0,-0.93,-0.0,-0.31,-0.94,-0.02,-0.24,
2018-03-20 12:12:38,18,19.0,17.3,293,233,1,6.0,-0.94,-0.01,-0.31,-0.94,-0.02,-0.26,
2018-03-20 12:12:38,18,19.0,17.3,390,233,1,6.0,-0.93,-0.01,-0.31,-0.94,-0.02,-0.26,
2018-03-20 12:12:39,18,19.0,17.3,223,232,1,6.0,-0.94,-0.0,-0.31,-0.94,-0.02,-0.26,
2018-03-20 12:12:39,18,19.0,17.3,123,206,1,6.0,-0.93,-0.01,-0.31,-0.94,-0.02,-0.25,
2018-03-20 12:12:39,18,19.0,17.3,391,233,1,6.0,-0.93,-0.01,-0.31,-0.95,-0.02,-0.24,
2018-03-20 12:12:40,18,19.0,17.3,391,232,1,6.0,-0.94,-0.0,-0.3,-0.94,-0.02,-0.25,
2018-03-20 12:12:40,18,19.0,17.3,390,233,1,6.0,-0.94,-0.01,-0.31,-0.94,-0.02,-0.25,
2018-03-20 12:12:41,18,19.0,17.3,390,234,1,6.0,-0.93,-0.01,-0.31,-0.94,-0.02,-0.26,
2018-03-20 12:12:41,18,19.0,17.3,390,232,1,6.0,-0.93,-0.01,-0.31,-0.95,-0.02,-0.25,
2018-03-20 12:12:42,18,19.0,17.3,390,232,0,6.0,-0.93,-0.0,-0.31,-0.95,-0.02,-0.24,
2018-03-20 12:12:42,18,19.0,17.3,391,232,0,5.0,-0.93,-0.01,-0.3,-0.94,-0.02,-0.25,
2018-03-20 12:12:44,18,19.0,17.3,391,232,0,6.0,-0.93,-0.01,-0.3,-0.94,-0.03,-0.25,
2018-03-20 12:12:44,18,19.0,17.3,161,233,0,6.0,-0.93,-0.0,-0.31,-0.94,-0.02,-0.25,
2018-03-20 12:12:45,18,19.0,17.3,173,157,0,6.0,-0.93,-0.0,-0.3,-0.95,-0.02,-0.25,
2018-03-20 12:12:45,20,19.0,17.3,390,232,1,6.0,-0.94,-0.0,-0.31,-0.94,-0.02,-0.25,
2018-03-20 12:12:45,18,19.0,17.3,391,233,1,6.0,-0.94,-0.0,-0.3,-0.95,-0.02,-0.25,
2018-03-20 12:12:46,18,19.0,17.3,391,232,1,6.0,-0.93,-0.01,-0.3,-0.94,-0.02,-0.25,
2018-03-20 12:12:46,18,19.0,17.3,390,232,1,6.0,-0.94,-0.0,-0.31,-0.94,-0.02,-0.26,
2018-03-20 12:12:47,18,19.0,17.3,391,232,1,6.0,-0.94,-0.01,-0.31,-0.94,-0.02,-0.25,
2018-03-20 12:12:47,18,19.0,17.3,390,232,1,6.0,-0.94,-0.0,-0.31,-0.94,-0.02,-0.24,
2018-03-20 12:12:48,18,19.0,17.3,93,134,1,6.0,-0.94,-0.01,-0.31,-0.94,-0.01,-0.26,
2018-03-20 12:12:48,18,19.0,17.3,219,132,1,6.0,-0.93,-0.0,-0.31,-0.94,-0.02,-0.26,
2018-03-20 12:12:49,18,19.0,17.4,124,125,1,6.0,-0.94,-0.0,-0.31,-0.94,-0.02,-0.25,
2018-03-20 12:12:49,18,19.0,17.4,391,233,1,6.0,-0.93,-0.01,-0.31,-0.94,-0.02,-0.25,
2018-03-20 12:12:50,18,19.0,17.4,390,232,1,6.0,-0.93,-0.01,-0.31,-0.93,-0.02,-0.25,
2018-03-20 12:12:50,18,19.0,17.4,390,232,1,6.0,-0.93,-0.0,-0.31,-0.94,-0.03,-0.25,
2018-03-20 12:12:51,18,19.0,17.3,390,337,1,6.0,-0.93,-0.01,-0.31,-0.95,-0.03,-0.25,
2018-03-20 12:12:51,18,19.0,17.3,390,233,1,6.0,-0.93,-0.01,-0.32,-0.94,-0.02,-0.25,
2018-03-20 12:12:52,18,19.0,17.3,392,232,1,6.0,-0.93,-0.01,-0.3,-0.94,-0.03,-0.25,
2018-03-20 12:12:54,20,19.0,17.4,389,232,1,6.0,-0.93,-0.01,-0.31,-0.95,-0.03,-0.25,
2018-03-20 12:12:54,20,19.0,17.4,186,145,0,6.0,-0.93,-0.0,-0.31,-0.94,-0.02,-0.24,
2018-03-20 12:12:55,20,19.0,17.3,391,234,0,6.0,-0.93,-0.01,-0.31,-0.95,-0.02,-0.24,
2018-03-20 12:12:55,20,19.0,17.3,391,233,0,6.0,-0.93,-0.01,-0.31,-0.94,-0.03,-0.25,
2018-03-20 12:12:57,20,19.0,17.3,390,234,0,6.0,-0.93,-0.01,-0.32,-0.95,-0.03,-0.25,
2018-03-20 12:12:58,20,19.0,17.3,391,235,0,6.0,-0.93,-0.0,-0.31,-0.94,-0.02,-0.25,
2018-03-20 12:12:59,20,19.0,17.4,391,232,0,5.0,-0.93,-0.0,-0.31,-0.94,-0.02,-0.25,
2018-03-20 12:12:59,20,19.0,17.4,390,232,0,6.0,-0.94,-0.01,-0.31,-0.94,-0.03,-0.26,
2018-03-20 12:13:01,18,19.0,17.4,390,232,1,6.0,-0.94,-0.01,-0.31,-0.94,-0.02,-0.25,
2018-03-20 12:13:02,20,19.0,17.4,390,232,1,6.0,-0.93,-0.0,-0.32,-0.94,-0.02,-0.24,
2018-03-20 12:13:03,34,19.0,17.4,390,233,1,6.0,-0.94,-0.01,-0.31,-0.94,-0.02,-0.25,
2018-03-20 12:13:03,34,19.0,17.4,389,233,1,6.0,-0.93,-0.0,-0.31,-0.94,-0.03,-0.25,
2018-03-20 12:13:03,36,19.0,17.4,391,233,0,6.0,-0.93,-0.01,-0.31,-0.95,-0.02,-0.25,
2018-03-20 12:13:05,34,19.0,17.4,390,232,0,6.0,-0.93,-0.0,-0.31,-0.94,-0.02,-0.26,
2018-03-20 12:13:05,34,19.0,17.4,391,232,0,6.0,-0.93,-0.01,-0.3,-0.94,-0.03,-0.25,
2018-03-20 12:13:06,34,19.0,17.4,391,232,0,6.0,-0.93,0.0,-0.32,-0.93,-0.02,-0.25,
2018-03-20 12:13:06,34,19.0,17.4,391,232,1,6.0,-0.94,-0.01,-0.31,-0.94,-0.03,-0.26,
2018-03-20 12:13:07,34,19.0,17.4,390,232,1,6.0,-0.94,-0.01,-0.3,-0.94,-0.02,-0.25,
2018-03-20 12:13:08,34,19.0,17.4,390,233,1,6.0,-0.94,-0.0,-0.32,-0.94,-0.02,-0.25,
2018-03-20 12:13:10,34,19.0,17.4,389,232,0,6.0,-0.93,-0.01,-0.31,-0.94,-0.02,-0.24,
2018-03-20 12:13:10,34,19.1,17.4,391,232,0,6.0,-0.93,-0.0,-0.32,-0.94,-0.02,-0.25,
2018-03-20 12:13:11,34,19.1,17.4,390,232,0,6.0,-0.94,-0.01,-0.31,-0.94,-0.02,-0.26,
2018-03-20 12:13:11,34,19.1,17.4,390,233,0,6.0,-0.93,-0.01,-0.32,-0.94,-0.01,-0.25,
2018-03-20 12:13:12,34,19.1,17.4,391,337,0,6.0,-0.93,-0.0,-0.31,-0.94,-0.02,-0.24,
2018-03-20 12:13:12,34,19.1,17.4,390,-276,0,6.0,-0.93,-0.01,-0.32,-0.95,-0.02,-0.25,
2018-03-20 12:13:13,34,19.1,17.4,391,232,1,6.0,-0.94,-0.0,-0.31,-0.95,-0.02,-0.26,
2018-03-20 12:13:14,34,19.1,17.4,391,232,1,6.0,-0.93,-0.0,-0.31,-0.94,-0.02,-0.25,
2018-03-20 12:13:15,34,19.0,17.4,391,234,1,6.0,-0.93,-0.0,-0.32,-0.94,-0.02,-0.25,
2018-03-20 12:13:16,35,19.0,17.4,391,234,1,5.0,-0.93,-0.01,-0.31,-0.95,-0.03,-0.25,
2018-03-20 12:13:17,34,19.0,17.4,391,232,1,6.0,-0.93,-0.01,-0.32,-0.94,-0.03,-0.25,
2018-03-20 12:13:17,33,19.0,17.4,390,232,1,6.0,-0.93,-0.0,-0.31,-0.94,-0.03,-0.25,
2018-03-20 12:13:18,34,19.1,17.4,391,232,1,6.0,-0.93,-0.01,-0.32,-0.94,-0.02,-0.26,
2018-03-20 12:13:18,34,19.1,17.4,390,232,1,6.0,-0.94,-0.0,-0.32,-0.94,-0.03,-0.25,
2018-03-20 12:13:19,33,19.1,17.5,390,233,1,6.0,-0.93,-0.01,-0.32,-0.94,-0.02,-0.25,
2018-03-20 12:13:19,34,19.1,17.5,391,233,1,6.0,-0.93,-0.01,-0.31,-0.94,-0.02,-0.24,
2018-03-20 12:13:20,34,19.0,17.5,392,232,1,6.0,-0.94,-0.0,-0.32,-0.94,-0.02,-0.25,
2018-03-20 12:13:21,34,19.0,17.5,391,233,1,6.0,-0.93,-0.01,-0.31,-0.94,-0.03,-0.25,
2018-03-20 12:13:21,34,19.0,17.5,292,234,1,6.0,-0.93,-0.0,-0.32,-0.94,-0.02,-0.25,
2018-03-20 12:13:21,34,19.0,17.5,390,233,1,5.0,-0.94,-0.01,-0.31,-0.94,-0.02,-0.26,
2018-03-20 12:13:23,33,19.0,17.5,291,337,1,6.0,-0.93,0.0,-0.31,-0.94,-0.03,-0.25,
2018-03-20 12:13:23,34,19.0,17.5,290,233,1,6.0,-0.93,-0.0,-0.32,-0.93,-0.02,-0.26,
2018-03-20 12:13:24,33,19.0,17.5,391,338,1,6.0,-0.92,-0.0,-0.32,-0.94,-0.02,-0.26,
2018-03-20 12:13:25,35,19.0,17.5,391,338,1,6.0,-0.94,-0.0,-0.31,-0.94,-0.02,-0.25,
2018-03-20 12:13:26,35,19.0,17.5,391,232,1,6.0,-0.93,-0.0,-0.32,-0.94,-0.02,-0.25,
2018-03-20 12:13:26,35,19.0,17.5,290,232,1,6.0,-0.94,-0.01,-0.32,-0.95,-0.03,-0.25,
2018-03-20 12:13:27,35,19.0,17.5,391,232,1,5.0,-0.93,-0.01,-0.32,-0.94,-0.02,-0.25,
2018-03-20 12:13:27,35,19.0,17.5,391,234,1,5.0,-0.93,-0.01,-0.32,-0.95,-0.02,-0.24,
2018-03-20 12:13:28,35,19.1,17.5,390,233,1,6.0,-0.93,0.0,-0.32,-0.94,-0.02,-0.25,
2018-03-20 12:13:28,35,19.1,17.5,391,232,1,6.0,-0.94,-0.01,-0.32,-0.94,-0.03,-0.25,
2018-03-20 12:13:29,20,19.1,17.5,391,232,1,6.0,-0.93,-0.01,-0.32,-0.95,-0.02,-0.25,
2018-03-20 12:13:29,20,19.1,17.5,391,232,1,6.0,-0.94,-0.0,-0.32,-0.94,-0.02,-0.24,
2018-03-20 12:13:30,20,19.0,17.5,390,233,1,6.0,-0.93,-0.01,-0.31,-0.95,-0.02,-0.25,
2018-03-20 12:13:30,20,19.0,17.5,391,233,1,6.0,-0.93,-0.01,-0.31,-0.94,-0.02,-0.25,
2018-03-20 12:13:31,20,19.0,17.5,391,233,0,6.0,-0.93,-0.0,-0.32,-0.94,-0.02,-0.25,
2018-03-20 12:13:31,20,19.0,17.5,390,232,0,6.0,-0.93,-0.01,-0.32,-0.94,-0.02,-0.26,
2018-03-20 12:13:32,20,19.1,17.5,390,233,0,6.0,-0.93,-0.01,-0.32,-0.94,-0.02,-0.25,
2018-03-20 12:13:33,18,19.1,17.5,390,232,1,6.0,-0.94,-0.0,-0.32,-0.94,-0.01,-0.26,
2018-03-20 12:13:34,18,19.1,17.5,390,233,1,6.0,-0.93,-0.01,-0.32,-0.94,-0.02,-0.25,
2018-03-20 12:13:34,18,19.1,17.5,390,234,1,6.0,-0.93,-0.01,-0.31,-0.94,-0.02,-0.25,
2018-03-20 12:13:35,18,19.1,17.5,390,234,1,6.0,-0.93,-0.0,-0.32,-0.94,-0.02,-0.25,
2018-03-20 12:13:36,18,19.1,17.5,391,233,1,6.0,-0.93,-0.0,-0.31,-0.94,-0.02,-0.25,
2018-03-20 12:13:38,18,19.1,17.5,390,233,1,6.0,-0.93,-0.01,-0.32,-0.95,-0.02,-0.25,
2018-03-20 12:13:38,18,19.1,17.5,391,235,1,6.0,-0.93,-0.01,-0.31,-0.95,-0.03,-0.25,
2018-03-20 12:13:39,18,19.1,17.5,390,233,1,6.0,-0.93,-0.0,-0.33,-0.95,-0.02,-0.25,
2018-03-20 12:13:39,18,19.1,17.5,390,338,1,5.0,-0.93,-0.01,-0.31,-0.95,-0.02,-0.25,
2018-03-20 12:13:41,18,19.1,17.5,390,233,1,6.0,-0.93,-0.01,-0.32,-0.94,-0.02,-0.26,
2018-03-20 12:13:41,18,19.1,17.5,391,233,1,5.0,-0.93,-0.01,-0.31,-0.94,-0.02,-0.25,
2018-03-20 12:13:42,18,19.1,17.5,390,233,0,6.0,-0.94,-0.01,-0.32,-0.94,-0.03,-0.25,
2018-03-20 12:13:42,18,19.1,17.5,391,233,0,6.0,-0.93,-0.0,-0.32,-0.95,-0.02,-0.24,
2018-03-20 12:13:43,18,19.1,17.5,390,233,0,6.0,-0.93,-0.01,-0.31,-0.94,-0.02,-0.25,
2018-03-20 12:13:44,19,19.1,17.5,390,233,0,5.0,-0.93,-0.01,-0.32,-0.94,-0.02,-0.25,
2018-03-20 12:13:45,19,19.1,17.6,391,232,0,6.0,-0.93,-0.01,-0.33,-0.94,-0.03,-0.25,
2018-03-20 12:13:45,19,19.1,17.6,391,233,0,6.0,-0.93,-0.01,-0.32,-0.95,-0.02,-0.25,
2018-03-20 12:13:46,33,19.1,17.6,391,232,1,6.0,-0.93,-0.01,-0.32,-0.94,-0.03,-0.25,
2018-03-20 12:13:46,36,19.1,17.6,390,235,1,5.0,-0.93,-0.01,-0.33,-0.94,-0.02,-0.25,
2018-03-20 12:13:47,34,19.1,17.5,390,234,1,6.0,-0.93,-0.01,-0.31,-0.95,-0.02,-0.25,
2018-03-20 12:13:47,34,19.1,17.5,390,234,1,6.0,-0.93,-0.01,-0.32,-0.94,-0.02,-0.25,
2018-03-20 12:13:48,34,19.1,17.5,390,232,1,6.0,-0.93,-0.01,-0.32,-0.94,-0.02,-0.26,
2018-03-20 12:13:48,34,19.1,17.5,391,233,1,6.0,-0.93,-0.01,-0.32,-0.94,-0.02,-0.25,
2018-03-20 12:13:50,34,19.1,17.5,390,232,1,6.0,-0.93,-0.0,-0.32,-0.94,-0.02,-0.26,
2018-03-20 12:13:50,35,19.1,17.5,391,233,1,6.0,-0.93,-0.0,-0.32,-0.95,-0.02,-0.25,
2018-03-20 12:13:51,35,19.1,19.1,390,232,1,6.0,-0.93,-0.01,-0.33,-0.94,-0.03,-0.25,
2018-03-20 12:13:52,35,19.1,17.6,390,233,1,6.0,-0.92,-0.01,-0.32,-0.95,-0.02,-0.25,
2018-03-20 12:13:52,19,19.1,17.6,391,233,1,6.0,-0.93,-0.01,-0.32,-0.95,-0.02,-0.25,
2018-03-20 12:13:53,19,19.1,17.6,390,231,1,6.0,-0.94,-0.0,-0.33,-0.94,-0.02,-0.25,
2018-03-20 12:13:53,19,19.1,17.6,391,232,1,6.0,-0.93,-0.01,-0.32,-0.94,-0.02,-0.25,
2018-03-20 12:13:54,19,19.1,17.6,389,232,1,6.0,-0.93,-0.01,-0.33,-0.95,-0.02,-0.25,
2018-03-20 12:13:54,19,19.1,17.6,391,232,1,5.0,-0.93,-0.01,-0.31,-0.94,-0.03,-0.26,
2018-03-20 12:13:55,19,19.1,17.6,392,232,1,6.0,-0.94,-0.01,-0.32,-0.94,-0.02,-0.25,
2018-03-20 12:13:55,19,19.1,17.6,391,233,1,6.0,-0.94,-0.01,-0.32,-0.94,-0.03,-0.25,
2018-03-20 12:13:56,19,19.1,17.6,390,231,1,6.0,-0.93,-0.01,-0.32,-0.94,-0.02,-0.25,
2018-03-20 12:13:56,19,19.1,17.6,391,233,1,6.0,-0.93,-0.01,-0.32,-0.94,-0.03,-0.26,
2018-03-20 12:13:57,18,19.1,17.6,391,232,1,6.0,-0.93,-0.01,-0.33,-0.95,-0.02,-0.25,
2018-03-20 12:13:57,18,19.1,17.6,391,233,1,6.0,-0.93,-0.0,-0.32,-0.95,-0.02,-0.24,
2018-03-20 12:13:58,18,19.1,17.6,390,233,1,6.0,-0.93,-0.01,-0.33,-0.95,-0.02,-0.25,
2018-03-20 12:13:58,18,19.1,17.6,390,232,1,6.0,-0.93,-0.0,-0.32,-0.94,-0.02,-0.25,
2018-03-20 12:13:59,19,19.1,17.6,121,130,1,6.0,-0.93,-0.01,-0.32,-0.95,-0.02,-0.25,
2018-03-20 12:13:59,18,19.1,17.6,390,234,1,6.0,-0.93,-0.01,-0.32,-0.94,-0.02,-0.25,
2018-03-20 12:14:00,18,19.1,17.6,390,234,1,6.0,-0.93,-0.01,-0.32,-0.94,-0.02,-0.25,
2018-03-20 12:14:00,18,19.1,17.6,268,233,1,6.0,-0.93,-0.01,-0.33,-0.95,-0.02,-0.25,
2018-03-20 12:14:01,18,19.1,17.6,390,233,1,6.0,-0.93,-0.01,-0.33,-0.94,-0.02,-0.25,
2018-03-20 12:14:01,18,19.1,17.6,120,129,1,6.0,-0.93,-0.01,-0.33,-0.94,-0.02,-0.25,
2018-03-20 12:14:02,16,19.1,17.6,224,106,1,6.0,-0.93,-0.0,-0.32,-0.94,-0.02,-0.24,
2018-03-20 12:14:02,16,19.1,17.6,392,233,1,6.0,-0.94,-0.0,-0.32,-0.94,-0.02,-0.25,
2018-03-20 12:14:03,13,19.1,17.6,390,232,1,6.0,-0.94,-0.0,-0.33,-0.94,-0.02,-0.25,
2018-03-20 12:14:03,13,19.1,17.6,392,233,1,6.0,-0.93,-0.0,-0.32,-0.94,-0.02,-0.25,
2018-03-20 12:14:04,22,19.1,17.6,391,233,1,6.0,-0.92,-0.0,-0.33,-0.94,-0.02,-0.25,
2018-03-20 12:14:04,21,19.1,17.6,391,233,1,6.0,-0.93,-0.01,-0.32,-0.94,-0.02,-0.24,
2018-03-20 12:14:06,16,19.1,17.6,391,234,1,6.0,-0.93,-0.01,-0.32,-0.94,-0.02,-0.25,
2018-03-20 12:14:06,19,19.1,17.6,391,233,1,6.0,-0.93,-0.0,-0.32,-0.95,-0.02,-0.25,
2018-03-20 12:14:07,27,19.1,17.6,391,232,1,6.0,-0.93,-0.01,-0.33,-0.95,-0.03,-0.26,
2018-03-20 12:14:07,36,19.1,17.6,391,233,1,6.0,-0.93,-0.01,-0.32,-0.95,-0.02,-0.26,
2018-03-20 12:14:08,19,19.1,17.6,390,233,1,6.0,-0.93,-0.01,-0.32,-0.93,-0.02,-0.25,
2018-03-20 12:14:08,18,19.1,17.6,390,233,1,6.0,-0.93,-0.01,-0.32,-0.94,-0.02,-0.25,
2018-03-20 12:14:09,18,19.1,17.6,390,232,1,6.0,-0.92,-0.01,-0.32,-0.94,-0.02,-0.25,
2018-03-20 12:14:09,17,19.1,17.6,391,232,1,6.0,-0.93,-0.01,-0.33,-0.93,-0.02,-0.26,
2018-03-20 12:14:10,18,19.1,17.6,391,233,1,6.0,-0.93,-0.0,-0.32,-0.94,-0.02,-0.24,
2018-03-20 12:14:10,27,19.1,17.6,391,232,1,6.0,-0.93,-0.01,-0.33,-0.94,-0.02,-0.25,
2018-03-20 12:14:11,40,19.1,17.6,391,232,1,6.0,-0.92,-0.01,-0.33,-0.94,-0.03,-0.24,
2018-03-20 12:14:11,48,19.1,17.6,390,231,1,6.0,-0.93,-0.01,-0.33,-0.94,-0.03,-0.26,
2018-03-20 12:14:12,19,19.0,17.6,391,232,1,6.0,-0.93,-0.0,-0.32,-0.94,-0.02,-0.25,
2018-03-20 12:14:12,31,19.0,17.6,390,233,1,6.0,-0.93,-0.0,-0.33,-0.94,-0.02,-0.24,
2018-03-20 12:14:14,28,19.0,17.6,391,232,1,6.0,-0.93,-0.01,-0.32,-0.94,-0.02,-0.25,
2018-03-20 12:14:15,19,19.1,17.6,391,233,1,6.0,-0.93,-0.0,-0.33,-0.94,-0.02,-0.25,
2018-03-20 12:14:16,17,19.1,17.6,390,232,1,6.0,-0.93,-0.01,-0.33,-0.95,-0.02,-0.25,
2018-03-20 12:14:16,15,19.1,17.6,390,232,1,5.0,-0.93,-0.01,-0.32,-0.94,-0.02,-0.25,
2018-03-20 12:14:17,21,19.1,17.6,391,232,1,5.0,-0.93,-0.01,-0.32,-0.94,-0.02,-0.24,
2018-03-20 12:14:17,12,19.1,17.6,390,233,1,6.0,-0.93,-0.01,-0.33,-0.95,-0.02,-0.25,
2018-03-20 12:14:19,10,19.1,17.6,390,338,1,5.0,-0.93,-0.0,-0.32,-0.94,-0.02,-0.25,
2018-03-20 12:14:19,12,19.1,17.6,391,234,1,6.0,-0.94,-0.0,-0.33,-0.95,-0.03,-0.25,
2018-03-20 12:14:20,12,19.1,17.6,391,232,1,5.0,-0.92,-0.0,-0.33,-0.95,-0.02,-0.26,
2018-03-20 12:14:20,11,19.1,17.6,391,232,1,6.0,-0.93,-0.01,-0.33,-0.94,-0.02,-0.25,
2018-03-20 12:14:21,13,19.1,17.7,391,233,1,5.0,-0.93,-0.01,-0.33,-0.94,-0.02,-0.24,
2018-03-20 12:14:21,18,19.1,17.7,391,232,1,6.0,-0.93,-0.0,-0.33,-0.94,-0.02,-0.25,
2018-03-20 12:14:22,18,19.1,17.7,389,232,1,6.0,-0.93,-0.0,-0.33,-0.94,-0.02,-0.24,
2018-03-20 12:14:22,17,19.1,17.7,391,234,1,6.0,-0.93,-0.01,-0.34,-0.93,-0.02,-0.25,
2018-03-20 12:14:23,20,19.1,17.7,391,232,1,6.0,-0.93,-0.0,-0.33,-0.94,-0.02,-0.25,
2018-03-20 12:14:24,18,19.1,17.7,391,232,1,6.0,-0.93,-0.0,-0.33,-0.95,-0.02,-0.25,
2018-03-20 12:14:25,18,19.1,17.7,391,232,1,6.0,-0.93,-0.0,-0.33,-0.94,-0.02,-0.25,
2018-03-20 12:14:25,18,19.1,17.7,390,234,1,6.0,-0.93,-0.01,-0.33,-0.95,-0.02,-0.25,
2018-03-20 12:14:26,19,19.1,17.7,390,232,1,6.0,-0.93,-0.01,-0.33,-0.94,-0.02,-0.25,
2018-03-20 12:14:27,19,19.1,17.7,391,233,0,6.0,-0.93,-0.01,-0.33,-0.93,-0.02,-0.25,
2018-03-20 12:14:28,51,19.1,17.7,392,233,0,6.0,-0.93,-0.01,-0.33,-0.95,-0.02,-0.25,
2018-03-20 12:14:28,51,19.1,17.7,391,233,0,6.0,-0.93,0.0,-0.32,-0.95,-0.03,-0.25,
2018-03-20 12:14:29,51,19.1,17.7,390,232,0,6.0,-0.93,-0.0,-0.33,-0.94,-0.02,-0.25,
2018-03-20 12:14:29,51,19.1,17.7,390,232,0,6.0,-0.93,-0.01,-0.32,-0.95,-0.02,-0.25,
2018-03-20 12:14:31,51,19.1,17.7,390,232,0,6.0,-0.93,-0.0,-0.33,-0.94,-0.02,-0.25,
2018-03-20 12:14:31,50,19.1,17.7,391,232,0,5.0,-0.93,-0.0,-0.33,-0.94,-0.02,-0.26,
2018-03-20 12:14:32,50,19.1,17.7,391,233,0,6.0,-0.93,-0.0,-0.34,-0.94,-0.02,-0.26,
2018-03-20 12:14:32,50,19.1,17.7,390,232,0,6.0,-0.92,-0.01,-0.33,-0.95,-0.02,-0.25,
2018-03-20 12:14:33,51,19.1,17.7,390,232,0,6.0,-0.93,-0.01,-0.33,-0.94,-0.02,-0.25,
2018-03-20 12:14:33,50,19.1,17.7,390,233,0,6.0,-0.93,-0.0,-0.33,-0.94,-0.02,-0.25,
2018-03-20 12:14:34,51,19.1,17.7,390,233,1,6.0,-0.93,-0.01,-0.33,-0.95,-0.02,-0.25,
2018-03-20 12:14:35,51,19.1,17.7,391,232,1,6.0,-0.92,-0.01,-0.33,-0.94,-0.02,-0.26,
2018-03-20 12:14:35,51,19.1,17.7,389,-267,1,6.0,-0.93,-0.01,-0.33,-0.94,-0.01,-0.25,
2018-03-20 12:14:35,52,19.1,17.7,390,232,1,6.0,-0.93,-0.0,-0.33,-0.94,-0.02,-0.25,
2018-03-20 12:14:36,51,19.1,17.7,390,233,1,6.0,-0.93,-0.0,-0.32,-0.95,-0.02,-0.25,
2018-03-20 12:14:37,19,19.1,17.7,390,234,1,6.0,-0.93,-0.01,-0.33,-0.94,-0.03,-0.24,
2018-03-20 12:14:37,20,19.1,17.7,391,-243,1,6.0,-0.93,-0.01,-0.33,-0.94,-0.02,-0.25,
2018-03-20 12:14:37,20,19.1,17.7,390,233,1,6.0,-0.93,-0.01,-0.33,-0.94,-0.02,-0.26,
2018-03-20 12:14:38,20,19.1,17.7,391,233,1,6.0,-0.93,-0.01,-0.32,-0.94,-0.03,-0.24,
2018-03-20 12:14:39,20,19.1,17.7,390,233,1,6.0,-0.93,-0.01,-0.32,-0.94,-0.03,-0.25,
2018-03-20 12:14:39,18,19.1,17.7,390,232,0,6.0,-0.92,-0.01,-0.33,-0.95,-0.02,-0.25,
2018-03-20 12:14:39,18,19.1,17.7,294,233,0,6.0,-0.93,-0.0,-0.33,-0.94,-0.02,-0.25,
2018-03-20 12:14:40,18,19.1,17.7,391,233,0,6.0,-0.92,-0.0,-0.34,-0.94,-0.02,-0.25,
2018-03-20 12:14:40,18,19.1,17.7,391,232,0,6.0,-0.93,-0.01,-0.33,-0.93,-0.02,-0.25,
2018-03-20 12:14:42,18,19.1,17.7,390,232,0,6.0,-0.93,-0.0,-0.33,-0.94,-0.02,-0.25,
2018-03-20 12:14:42,19,19.1,17.7,391,234,1,6.0,-0.92,-0.01,-0.33,-0.94,-0.02,-0.25,
2018-03-20 12:14:43,19,19.1,17.7,392,232,1,6.0,-0.93,-0.01,-0.34,-0.94,-0.02,-0.25,
2018-03-20 12:14:43,19,19.1,17.7,124,127,1,6.0,-0.93,-0.01,-0.33,-0.94,-0.02,-0.25,
2018-03-20 12:14:44,19,19.1,17.7,98,152,1,6.0,-0.93,-0.0,-0.33,-0.94,-0.03,-0.25,
2018-03-20 12:14:45,19,19.1,17.7,390,234,1,6.0,-0.93,-0.01,-0.33,-0.94,-0.02,-0.25,
2018-03-20 12:14:45,19,19.1,17.7,390,233,1,6.0,-0.93,-0.01,-0.33,-0.94,-0.02,-0.25,
2018-03-20 12:14:45,19,19.1,17.7,390,232,1,6.0,-0.93,-0.0,-0.33,-0.94,-0.01,-0.25,
2018-03-20 12:14:46,19,19.1,17.7,390,232,1,6.0,-0.93,-0.01,-0.34,-0.94,-0.02,-0.25,
2018-03-20 12:14:47,19,19.1,17.7,220,110,1,6.0,-0.93,-0.0,-0.33,-0.94,-0.02,-0.25,
2018-03-20 12:14:47,19,19.1,17.7,96,-242,1,6.0,-0.93,-0.01,-0.33,-0.94,-0.03,-0.26,
2018-03-20 12:14:48,19,19.1,17.7,391,234,1,6.0,-0.93,-0.01,-0.33,-0.94,-0.02,-0.25,
2018-03-20 12:14:48,18,19.1,17.7,391,234,1,6.0,-0.93,-0.01,-0.33,-0.94,-0.01,-0.25,
2018-03-20 12:14:49,20,19.1,17.7,390,233,1,5.0,-0.93,-0.0,-0.33,-0.94,-0.02,-0.25,
2018-03-20 12:14:50,19,19.1,17.7,391,232,1,6.0,-0.93,-0.01,-0.33,-0.94,-0.02,-0.26,
2018-03-20 12:14:51,19,19.1,17.7,390,232,1,6.0,-0.93,-0.01,-0.33,-0.94,-0.03,-0.26,
2018-03-20 12:14:51,19,19.1,17.7,219,111,1,6.0,-0.93,-0.01,-0.34,-0.94,-0.02,-0.25,
2018-03-20 12:14:51,20,19.1,17.7,390,233,1,6.0,-0.93,-0.01,-0.33,-0.94,-0.02,-0.25,
2018-03-20 12:14:52,21,19.1,17.7,391,233,1,6.0,-0.93,-0.01,-0.33,-0.94,-0.02,-0.25,
2018-03-20 12:14:53,20,19.1,17.7,391,-261,1,6.0,-0.92,-0.01,-0.33,-0.94,-0.02,-0.25,
2018-03-20 12:14:53,19,19.1,17.7,390,233,1,6.0,-0.92,-0.01,-0.33,-0.94,-0.02,-0.25,
2018-03-20 12:14:53,20,19.1,17.7,391,233,1,6.0,-0.93,-0.01,-0.34,-0.94,-0.03,-0.25,
2018-03-20 12:14:54,20,19.1,17.7,390,233,1,6.0,-0.93,-0.01,-0.33,-0.94,-0.02,-0.25,
2018-03-20 12:14:55,20,19.1,17.7,390,233,1,6.0,-0.93,-0.01,-0.33,-0.95,-0.02,-0.25,
2018-03-20 12:14:57,19,19.1,17.7,390,233,1,6.0,-0.93,-0.01,-0.33,-0.94,-0.02,-0.25,
2018-03-20 12:14:57,20,19.1,17.7,390,234,1,6.0,-0.92,-0.01,-0.34,-0.94,-0.03,-0.25,
2018-03-20 12:14:58,20,19.1,17.7,389,340,1,6.0,-0.93,-0.01,-0.33,-0.95,-0.03,-0.25,
2018-03-20 12:14:58,20,19.1,17.7,391,232,1,6.0,-0.93,-0.0,-0.34,-0.95,-0.03,-0.26,
2018-03-20 12:14:59,20,19.1,17.7,390,233,1,6.0,-0.93,-0.01,-0.33,-0.94,-0.02,-0.25,
2018-03-20 12:14:59,20,19.1,17.7,391,232,1,6.0,-0.93,-0.0,-0.34,-0.94,-0.03,-0.25,
2018-03-20 12:15:00,20,19.1,17.7,390,232,1,6.0,-0.92,-0.01,-0.33,-0.94,-0.02,-0.25,
2018-03-20 12:15:01,20,19.1,17.7,390,233,1,6.0,-0.93,-0.01,-0.34,-0.94,-0.02,-0.25,
2018-03-20 12:15:01,22,19.1,17.7,390,233,1,6.0,-0.93,-0.0,-0.34,-0.95,-0.03,-0.25,
2018-03-20 12:15:01,25,19.1,17.7,391,234,1,6.0,-0.93,-0.01,-0.33,-0.94,-0.02,-0.25,
2018-03-20 12:15:02,51,19.1,17.7,390,234,1,6.0,-0.93,-0.01,-0.34,-0.95,-0.02,-0.25,
2018-03-20 12:15:03,51,19.1,17.7,390,233,1,6.0,-0.93,-0.01,-0.33,-0.94,-0.02,-0.25,
2018-03-20 12:15:03,51,19.1,17.7,390,232,0,6.0,-0.93,-0.01,-0.33,-0.95,-0.02,-0.26,
2018-03-20 12:15:04,51,19.2,17.7,390,233,0,6.0,-0.93,-0.0,-0.33,-0.94,-0.02,-0.25,
2018-03-20 12:15:05,51,19.2,17.7,391,233,0,6.0,-0.93,-0.01,-0.34,-0.94,-0.02,-0.25,
2018-03-20 12:15:05,51,19.2,17.8,390,231,0,6.0,-0.93,-0.0,-0.33,-0.94,-0.02,-0.25,
2018-03-20 12:15:05,51,19.2,17.8,390,232,0,6.0,-0.93,-0.01,-0.33,-0.94,-0.02,-0.24,
2018-03-20 12:15:07,52,19.2,17.8,390,232,0,6.0,-0.93,-0.01,-0.33,-0.94,-0.02,-0.26,
2018-03-20 12:15:08,52,19.2,17.7,390,231,0,5.0,-0.93,-0.01,-0.34,-0.94,-0.02,-0.24,
2018-03-20 12:15:08,52,19.1,17.7,391,233,0,6.0,-0.93,-0.01,-0.33,-0.94,-0.02,-0.25,
2018-03-20 12:15:09,52,19.1,19.1,391,231,0,5.0,-0.93,-0.0,-0.34,-0.93,-0.02,-0.24,
2018-03-20 12:15:09,52,19.1,17.8,391,234,0,6.0,-0.93,-0.01,-0.33,-0.94,-0.02,-0.25,
2018-03-20 12:15:09,52,19.1,17.8,294,232,0,6.0,-0.93,-0.01,-0.34,-0.94,-0.02,-0.25,
2018-03-20 12:15:10,53,19.2,17.8,389,234,0,6.0,-0.93,-0.0,-0.33,-0.95,-0.02,-0.25,
2018-03-20 12:15:10,53,19.2,17.8,292,233,0,6.0,-0.93,-0.0,-0.34,-0.95,-0.02,-0.24,
2018-03-20 12:15:11,53,19.2,17.8,390,232,0,6.0,-0.93,-0.01,-0.34,-0.94,-0.03,-0.24,
2018-03-20 12:15:12,51,19.2,17.8,390,232,0,6.0,-0.93,-0.0,-0.34,-0.94,-0.03,-0.25,
2018-03-20 12:15:13,51,19.2,17.8,390,231,0,6.0,-0.93,-0.0,-0.33,-0.94,-0.03,-0.25,
2018-03-20 12:15:13,51,19.2,17.8,390,232,0,6.0,-0.93,-0.0,-0.34,-0.95,-0.02,-0.25,
2018-03-20 12:15:14,51,19.2,17.8,390,233,0,6.0,-0.93,-0.01,-0.34,-0.95,-0.02,-0.25,
2018-03-20 12:15:15,51,19.2,17.8,389,232,0,6.0,-0.92,-0.01,-0.34,-0.94,-0.02,-0.26,
2018-03-20 12:15:15,51,19.2,17.8,391,232,0,5.0,-0.93,-0.01,-0.34,-0.95,-0.02,-0.25,
2018-03-20 12:15:17,52,19.2,17.8,391,233,0,6.0,-0.93,-0.0,-0.33,-0.94,-0.02,-0.26,
2018-03-20 12:15:17,53,19.2,17.8,391,233,1,6.0,-0.93,-0.01,-0.34,-0.94,-0.02,-0.25,
2018-03-20 12:15:19,52,19.2,17.8,391,233,1,6.0,-0.93,-0.01,-0.34,-0.94,-0.02,-0.25,
2018-03-20 12:15:19,52,19.2,17.8,390,232,1,6.0,-0.92,-0.01,-0.34,-0.95,-0.02,-0.24,
2018-03-20 12:15:19,52,19.2,17.8,391,232,1,6.0,-0.93,-0.0,-0.33,-0.94,-0.03,-0.25,
2018-03-20 12:15:21,52,19.2,17.8,390,233,1,6.0,-0.92,-0.01,-0.34,-0.95,-0.02,-0.25,
2018-03-20 12:15:21,52,19.2,17.8,390,235,1,6.0,-0.92,-0.01,-0.33,-0.94,-0.02,-0.25,
2018-03-20 12:15:22,52,19.2,17.8,390,337,0,6.0,-0.93,-0.01,-0.34,-0.94,-0.02,-0.25,
2018-03-20 12:15:22,52,19.2,17.8,390,234,0,6.0,-0.92,-0.01,-0.34,-0.95,-0.02,-0.26,
2018-03-20 12:15:23,52,19.2,17.8,390,232,0,6.0,-0.93,-0.01,-0.34,-0.94,-0.03,-0.26,
